KN AS A FUNCTION OF DRAUGHT AND HEELING ANGLE
        INITIAL TRIM: -2.00 M                                        UNIT:     m
        ========================================================================

         INITIAL     HEELING ANGLE (DEGREES)
         DRAUGHT     0.0     5.0    10.0    15.0    20.0    30.0    40.0    50.0    60.0
           0.000   0.000  13.226  15.588  16.757  17.198  17.113  16.253  14.811  12.968
           0.100   0.000  13.038  15.465  16.651  17.104  17.044  16.205  14.794  12.990
           0.200   0.000  12.806  15.293  16.506  16.989  16.969  16.167  14.793  13.028
           0.300   0.000  12.541  15.099  16.343  16.862  16.890  16.127  14.792  13.068
           0.400   0.000  12.242  14.888  16.165  16.719  16.801  16.081  14.790  13.112
           0.500  -0.000  11.903  14.652  15.967  16.560  16.702  16.030  14.790  13.164
           0.600  -0.000  11.523  14.388  15.749  16.383  16.593  15.977  14.794  13.228
           0.700  -0.000  11.109  14.098  15.513  16.194  16.477  15.924  14.803  13.304
           0.800  -0.000  10.675  13.790  15.264  15.998  16.358  15.873  14.818  13.388
           0.900  -0.000  10.232  13.473  15.008  15.798  16.240  15.823  14.837  13.479
           1.000  -0.000   9.789  13.154  14.749  15.599  16.124  15.778  14.859  13.573
           1.100  -0.000   9.353  12.840  14.494  15.403  16.010  15.735  14.884  13.666
           1.200  -0.000   8.928  12.532  14.245  15.211  15.899  15.696  14.911  13.750
           1.300  -0.000   8.520  12.233  14.002  15.024  15.791  15.658  14.940  13.811
           1.400  -0.000   8.128  11.942  13.766  14.841  15.686  15.621  14.969  13.854
           1.500  -0.000   7.754  11.658  13.538  14.661  15.585  15.587  14.998  13.881
           1.600  -0.000   7.400  11.384  13.317  14.482  15.486  15.553  15.027  13.896
           1.700  -0.000   7.066  11.119  13.103  14.307  15.391  15.520  15.051  13.900
           1.800  -0.000   6.753  10.863  12.896  14.136  15.298  15.489  15.062  13.896
           1.900  -0.000   6.460  10.617  12.694  13.969  15.208  15.459  15.061  13.885
           2.000  -0.000   6.186  10.380  12.500  13.807  15.120  15.429  15.050  13.869
           2.100  -0.000   5.933  10.150  12.311  13.651  15.035  15.401  15.031  13.849
           2.200  -0.000   5.699   9.928  12.128  13.499  14.952  15.373  15.005  13.826
           2.300  -0.000   5.484   9.712  11.951  13.352  14.871  15.346  14.973  13.801
           2.400  -0.001   5.286   9.502  11.779  13.209  14.791  15.318  14.935  13.775
           2.500  -0.001   5.102   9.298  11.612  13.070  14.713  15.285  14.894  13.747
           2.600  -0.001   4.932   9.100  11.451  12.936  14.637  15.246  14.848  13.719
           2.700  -0.001   4.775   8.907  11.294  12.806  14.562  15.202  14.800  13.691
           2.800  -0.001   4.628   8.719  11.141  12.680  14.489  15.152  14.748  13.662
           2.900  -0.001   4.489   8.536  10.992  12.558  14.418  15.097  14.695  13.633
           3.000  -0.001   4.359   8.357  10.847  12.439  14.348  15.038  14.640  13.604
           3.100  -0.001   4.238   8.183  10.706  12.323  14.279  14.976  14.584  13.576
           3.200  -0.001   4.124   8.012  10.568  12.210  14.210  14.911  14.526  13.547
           3.300  -0.001   4.017   7.846  10.434  12.100  14.141  14.842  14.467  13.519
           3.400  -0.001   3.916   7.684  10.302  11.992  14.073  14.770  14.407  13.491
           3.500  -0.001   3.822   7.527  10.174  11.887  14.006  14.696  14.346  13.464
           3.600  -0.001   3.733   7.374  10.048  11.784  13.939  14.621  14.285  13.437
           3.700  -0.001   3.649   7.226   9.925  11.684  13.869  14.544  14.224  13.410
           3.800  -0.001   3.569   7.082   9.804  11.585  13.796  14.466  14.162  13.384
           3.900  -0.001   3.494   6.944   9.686  11.489  13.722  14.387  14.100  13.359
           4.000  -0.001   3.422   6.812   9.570  11.396  13.645  14.308  14.038  13.333
           4.100  -0.001   3.355   6.685   9.457  11.303  13.567  14.229  13.974  13.308
           4.200  -0.001   3.291   6.564   9.345  11.213  13.487  14.148  13.912  13.282
           4.300  -0.001   3.231   6.449   9.236  11.125  13.406  14.067  13.849  13.257
           4.400  -0.001   3.174   6.339   9.128  11.038  13.323  13.985  13.788  13.230
           4.500  -0.001   3.119   6.233   9.022  10.953  13.239  13.903  13.726  13.203
           4.600  -0.001   3.067   6.132   8.918  10.870  13.154  13.818  13.665  13.175
           4.700  -0.001   3.018   6.035   8.816  10.788  13.068  13.733  13.604  13.147
           4.800  -0.001   2.971   5.942   8.714  10.708  12.981  13.646  13.542  13.120
           4.900  -0.001   2.925   5.854   8.614  10.628  12.892  13.558  13.480  13.092
           5.000  -0.001   2.882   5.769   8.516  10.550  12.803  13.470  13.419  13.063
           5.100  -0.001   2.841   5.688   8.419  10.474  12.714  13.382  13.357  13.034
           5.200  -0.001   2.802   5.610   8.323  10.398  12.623  13.294  13.295  13.004
           5.300  -0.001   2.764   5.536   8.229  10.323  12.532  13.207  13.233  12.974
           5.400  -0.001   2.728   5.464   8.137  10.249  12.440  13.119  13.170  12.942
           5.500  -0.001   2.693   5.395   8.046  10.175  12.347  13.032  13.106  12.908
           5.600  -0.001   2.660   5.329   7.957  10.101  12.254  12.944  13.041  12.872
           5.700  -0.001   2.628   5.265   7.870  10.027  12.160  12.857  12.975  12.834
           5.800  -0.001   2.597   5.203   7.785   9.952  12.065  12.769  12.908  12.793
           5.900  -0.001   2.568   5.144   7.702   9.875  11.969  12.682  12.841  12.751
           6.000  -0.001   2.539   5.087   7.623   9.796  11.873  12.595  12.775  12.706
           6.100  -0.001   2.512   5.032   7.545   9.715  11.776  12.508  12.710  12.657
           6.200  -0.000   2.486   4.979   7.470   9.632  11.678  12.420  12.645  12.604
           6.300  -0.000   2.460   4.928   7.397   9.548  11.580  12.333  12.580  12.550
           6.400  -0.000   2.436   4.879   7.325   9.462  11.481  12.246  12.516  12.493
           6.500  -0.000   2.412   4.831   7.256   9.374  11.382  12.158  12.452  12.435
           6.600  -0.000   2.389   4.786   7.189   9.286  11.282  12.071  12.389  12.375
           6.700  -0.000   2.367   4.741   7.124   9.195  11.181  11.983  12.326  12.314
           6.800  -0.000   2.346   4.699   7.060   9.104  11.081  11.895  12.263  12.252
           6.900  -0.000   2.325   4.658   6.998   9.011  10.979  11.808  12.200  12.188
           7.000  -0.000   2.305   4.618   6.938   8.918  10.878  11.720  12.138  12.125
           7.100  -0.000   2.286   4.580   6.879   8.823  10.775  11.632  12.074  12.061
           7.200  -0.000   2.268   4.543   6.821   8.728  10.673  11.544  12.010  11.997
           7.300  -0.000   2.250   4.507   6.763   8.631  10.569  11.456  11.944  11.933
           7.400  -0.000   2.232   4.473   6.706   8.533  10.464  11.367  11.876  11.868
           7.500  -0.000   2.216   4.439   6.649   8.434  10.359  11.278  11.807  11.802
           7.600  -0.000   2.199   4.407   6.591   8.335  10.254  11.189  11.737  11.735
           7.700  -0.000   2.184   4.375   6.533   8.235  10.148  11.100  11.664  11.667
           7.800  -0.000   2.169   4.345   6.474   8.134  10.042  11.010  11.590  11.600
           7.900  -0.000   2.154   4.315   6.415   8.034   9.935  10.920  11.513  11.531
           8.000  -0.000   2.140   4.286   6.354   7.933   9.828  10.828  11.435  11.462
           8.100  -0.000   2.126   4.258   6.293   7.833   9.721  10.737  11.354  11.392
           8.200  -0.000   2.113   4.230   6.230   7.732   9.612  10.644  11.272  11.322
           8.300  -0.000   2.100   4.204   6.167   7.631   9.503  10.552  11.186  11.251
           8.400  -0.000   2.088   4.177   6.103   7.530   9.394  10.460  11.100  11.179
           8.500  -0.000   2.076   4.151   6.037   7.428   9.284  10.368  11.012  11.106
           8.600  -0.000   2.064   4.126   5.971   7.327   9.173  10.275  10.925  11.033
           8.700  -0.000   2.053   4.101   5.903   7.226   9.061  10.181  10.836  10.959
           8.800  -0.000   2.042   4.076   5.834   7.125   8.949  10.087  10.747  10.885
           8.900  -0.000   2.031   4.050   5.764   7.023   8.836   9.992  10.658  10.811
           9.000  -0.000   2.020   4.024   5.693   6.922   8.722   9.896  10.567  10.736
           9.100  -0.000   2.010   3.998   5.621   6.821   8.608   9.799  10.476  10.660
           9.200  -0.000   2.000   3.970   5.548   6.719   8.494   9.701  10.384  10.584
           9.300  -0.000   1.990   3.941   5.474   6.618   8.379   9.601  10.292  10.508
           9.400  -0.000   1.980   3.910   5.399   6.517   8.264   9.499  10.199  10.431
           9.500  -0.000   1.970   3.878   5.323   6.417   8.148   9.396  10.105  10.353
           9.600  -0.000   1.960   3.844   5.246   6.316   8.032   9.292  10.011  10.275
           9.700  -0.000   1.950   3.808   5.168   6.215   7.917   9.186   9.917  10.197
           9.800  -0.000   1.941   3.769   5.089   6.115   7.801   9.078   9.822  10.118
           9.900  -0.000   1.931   3.728   5.009   6.014   7.686   8.969   9.727  10.039
          10.000  -0.000   1.922   3.685   4.928   5.914   7.570   8.859   9.631   9.960
          10.100  -0.000   1.913   3.639   4.847   5.814   7.456   8.747   9.535   9.880
          10.200  -0.000   1.903   3.591   4.764   5.713   7.342   8.635   9.438   9.800
          10.300  -0.000   1.894   3.540   4.681   5.613   7.228   8.523   9.341   9.720
          10.400  -0.000   1.885   3.487   4.596   5.513   7.115   8.411   9.243   9.640
          10.500  -0.000   1.875   3.432   4.511   5.413   7.003   8.298   9.145   9.559
          10.600  -0.000   1.865   3.374   4.425   5.313   6.892   8.185   9.047   9.478
          10.700  -0.000   1.853   3.313   4.338   5.212   6.781   8.072   8.948   9.396
          10.800  -0.000   1.840   3.251   4.250   5.112   6.672   7.959   8.849   9.315
          10.900  -0.000   1.825   3.185   4.162   5.011   6.563   7.846   8.749   9.234
          11.000  -0.000   1.807   3.118   4.072   4.911   6.455   7.733   8.650   9.153
          11.100  -0.000   1.786   3.049   3.982   4.811   6.349   7.621   8.550   9.074
          11.200  -0.000   1.763   2.978   3.891   4.711   6.244   7.510   8.452   8.996
          11.300  -0.000   1.736   2.904   3.800   4.611   6.139   7.398   8.353   8.919
          11.400  -0.000   1.704   2.828   3.707   4.510   6.033   7.287   8.255   8.842
          11.500  -0.000   1.669   2.749   3.613   4.410   5.927   7.176   8.158   8.766
          11.600  -0.000   1.629   2.669   3.518   4.309   5.820   7.065   8.061   8.691
          11.700  -0.000   1.584   2.585   3.422   4.208   5.711   6.956   7.965   8.617
          11.800  -0.000   1.534   2.500   3.325   4.107   5.601   6.847   7.871   8.544
          11.900  -0.000   1.478   2.412   3.227   4.006   5.489   6.739   7.777   8.472
          12.000  -0.000   1.416   2.321   3.127   3.904   5.375   6.632   7.684   8.400
          12.100  -0.000   1.351   2.231   3.030   3.806   5.267   6.530   7.595   8.334
          12.200  -0.000   1.287   2.146   2.940   3.716   5.169   6.440   7.515   8.275
          12.300  -0.000   1.225   2.067   2.858   3.635   5.082   6.360   7.444   8.223
          12.400  -0.000   1.166   1.995   2.783   3.562   5.005   6.289   7.383   8.178
          12.500  -0.000   1.110   1.928   2.716   3.497   4.938   6.228   7.330   8.136
          12.600  -0.000   1.058   1.869   2.656   3.439   4.880   6.176   7.285   8.100
          12.700  -0.000   1.010   1.815   2.603   3.389   4.830   6.132   7.246   8.068
          12.800  -0.000   0.967   1.767   2.556   3.345   4.788   6.095   7.215   8.040
          12.900  -0.000   0.928   1.725   2.516   3.308   4.753   6.066   7.189   8.016
          13.000  -0.000   0.894   1.689   2.482   3.276   4.725   6.042   7.168   7.997
          13.100  -0.000   0.863   1.658   2.453   3.250   4.703   6.024   7.151   7.982
          13.200  -0.000   0.837   1.632   2.429   3.228   4.686   6.011   7.138   7.970
          13.300  -0.000   0.815   1.611   2.409   3.211   4.674   6.002   7.129   7.961
          13.400  -0.000   0.797   1.594   2.394   3.198   4.666   5.995   7.122   7.956
          13.500  -0.000   0.783   1.581   2.382   3.188   4.660   5.991   7.117   7.952
          13.600  -0.000   0.772   1.571   2.374   3.180   4.656   5.988   7.113   7.950
          13.700  -0.000   0.765   1.564   2.368   3.175   4.654   5.986   7.111   7.948
          13.800  -0.000   0.759   1.558   2.363   3.171   4.651   5.984   7.109   7.946
          13.900  -0.000   0.753   1.553   2.358   3.167   4.649   5.982   7.107   7.945
          14.000  -0.000   0.748   1.548   2.353   3.162   4.646   5.980   7.104   7.943
          14.100  -0.000   0.742   1.542   2.348   3.158   4.644   5.978   7.102   7.941
          14.200  -0.000   0.737   1.537   2.343   3.154   4.641   5.977   7.100   7.940
          14.300  -0.000   0.732   1.532   2.339   3.150   4.639   5.975   7.098   7.938
          14.400  -0.000   0.727   1.526   2.334   3.146   4.637   5.973   7.096   7.936
          14.500  -0.000   0.722   1.521   2.329   3.142   4.634   5.971   7.093   7.935
          14.600  -0.000   0.718   1.516   2.325   3.138   4.632   5.969   7.091   7.933
          14.700  -0.000   0.714   1.511   2.320   3.134   4.630   5.967   7.089   7.931
          14.800  -0.000   0.711   1.506   2.315   3.130   4.627   5.965   7.087   7.929
          14.900  -0.000   0.708   1.501   2.311   3.126   4.625   5.963   7.085   7.928
          15.000  -0.000   0.706   1.496   2.306   3.122   4.623   5.962   7.082   7.926
          15.100  -0.000   0.704   1.491   2.302   3.118   4.621   5.960   7.080   7.924
          15.200  -0.000   0.703   1.486   2.297   3.115   4.619   5.958   7.078   7.923
          15.300  -0.000   0.703   1.481   2.293   3.111   4.617   5.956   7.076   7.921
          15.400  -0.000   0.704   1.477   2.288   3.107   4.615   5.954   7.074   7.919
          15.500  -0.000   0.705   1.472   2.284   3.103   4.613   5.952   7.071   7.918
          15.600  -0.000   0.705   1.468   2.280   3.100   4.611   5.951   7.069   7.916
          15.700  -0.000   0.706   1.463   2.275   3.096   4.609   5.949   7.067   7.914
          15.800  -0.000   0.707   1.459   2.271   3.092   4.607   5.947   7.065   7.913
          15.900  -0.000   0.708   1.455   2.267   3.089   4.605   5.945   7.062   7.911
          16.000  -0.000   0.709   1.452   2.263   3.085   4.603   5.943   7.060   7.909
          16.100  -0.000   0.710   1.448   2.259   3.082   4.601   5.941   7.058   7.908
          16.200  -0.000   0.710   1.445   2.255   3.078   4.599   5.940   7.056   7.906
          16.300  -0.000   0.711   1.442   2.251   3.075   4.598   5.938   7.053   7.904
          16.400  -0.000   0.712   1.439   2.247   3.071   4.596   5.936   7.051   7.903
          16.500  -0.000   0.713   1.437   2.243   3.068   4.594   5.934   7.049   7.901
          16.600  -0.000   0.714   1.435   2.239   3.065   4.592   5.933   7.047   7.899
          16.700  -0.000   0.715   1.434   2.236   3.061   4.591   5.931   7.044   7.898
          16.800  -0.000   0.716   1.433   2.232   3.058   4.589   5.929   7.042   7.896
          16.900  -0.000   0.717   1.433   2.229   3.055   4.588   5.927   7.040   7.895
          17.000  -0.000   0.717   1.433   2.225   3.052   4.586   5.926   7.038   7.893
          17.100  -0.000   0.718   1.434   2.222   3.049   4.585   5.924   7.035   7.891
          17.200  -0.000   0.719   1.436   2.219   3.046   4.583   5.922   7.033   7.890
          17.300  -0.000   0.720   1.437   2.216   3.043   4.582   5.921   7.031   7.888
          17.400  -0.000   0.721   1.439   2.213   3.040   4.580   5.919   7.029   7.887
          17.500  -0.000   0.722   1.441   2.210   3.037   4.579   5.917   7.026   7.885
          17.600  -0.000   0.723   1.443   2.208   3.034   4.578   5.916   7.024   7.884
          17.700  -0.000   0.724   1.445   2.205   3.032   4.576   5.914   7.022   7.882
          17.800  -0.000   0.725   1.447   2.203   3.029   4.575   5.912   7.020   7.881
          17.900  -0.000   0.726   1.449   2.201   3.026   4.574   5.911   7.018   7.879
          18.000  -0.000   0.727   1.451   2.199   3.024   4.572   5.909   7.015   7.878
          18.100  -0.000   0.728   1.453   2.198   3.022   4.571   5.907   7.013   7.876
          18.200  -0.000   0.729   1.455   2.197   3.019   4.570   5.906   7.011   7.875
          18.300  -0.000   0.730   1.457   2.196   3.017   4.569   5.904   7.009   7.873
          18.400  -0.000   0.731   1.459   2.195   3.015   4.567   5.902   7.007   7.872
          18.500  -0.000   0.732   1.461   2.195   3.013   4.566   5.901   7.005   7.870
          18.600  -0.000   0.733   1.463   2.196   3.011   4.565   5.899   7.003   7.869
          18.700  -0.000   0.734   1.465   2.196   3.009   4.564   5.898   7.000   7.867
          18.800  -0.000   0.735   1.467   2.197   3.007   4.563   5.896   6.998   7.866
          18.900  -0.000   0.736   1.469   2.199   3.006   4.562   5.894   6.996   7.864
          19.000  -0.000   0.737   1.472   2.201   3.004   4.561   5.893   6.994   7.863
          19.100  -0.000   0.738   1.474   2.203   3.003   4.560   5.891   6.992   7.862
          19.200  -0.000   0.740   1.476   2.206   3.001   4.559   5.890   6.990   7.860
          19.300  -0.000   0.741   1.478   2.209   3.000   4.558   5.888   6.988   7.859
          19.400  -0.000   0.742   1.481   2.213   2.999   4.557   5.887   6.986   7.857
          19.500  -0.000   0.743   1.483   2.216   2.998   4.556   5.885   6.984   7.856
          19.600  -0.000   0.744   1.485   2.219   2.998   4.555   5.883   6.982   7.854
          19.700  -0.000   0.745   1.487   2.223   2.997   4.554   5.882   6.980   7.853
          19.800  -0.000   0.746   1.490   2.226   2.997   4.553   5.880   6.978   7.851
          19.900  -0.000   0.748   1.492   2.230   2.997   4.553   5.879   6.977   7.850
          20.000  -0.000   0.749   1.494   2.233   2.997   4.552   5.877   6.975   7.848
          20.100  -0.000   0.750   1.497   2.237   2.998   4.551   5.876   6.973   7.847
          20.200  -0.000   0.751   1.499   2.241   2.998   4.550   5.874   6.971   7.846
          20.300  -0.000   0.752   1.502   2.244   2.999   4.549   5.873   6.969   7.844
          20.400  -0.000   0.754   1.504   2.248   3.001   4.549   5.871   6.968   7.843
          20.500  -0.000   0.755   1.506   2.252   3.002   4.548   5.870   6.966   7.842
          20.600  -0.000   0.756   1.509   2.255   3.004   4.548   5.868   6.964   7.840
          20.700  -0.000   0.757   1.511   2.259   3.007   4.547   5.867   6.962   7.839
          20.800  -0.000   0.759   1.514   2.263   3.009   4.546   5.865   6.961   7.839
          20.900  -0.000   0.760   1.516   2.267   3.013   4.546   5.864   6.959   7.838
          21.000  -0.000   0.761   1.519   2.270   3.016   4.545   5.862   6.957   7.836
          21.100  -0.000   0.762   1.522   2.274   3.020   4.545   5.861   6.955   7.835
          21.200  -0.000   0.764   1.524   2.278   3.024   4.544   5.859   6.954   7.834
          21.300  -0.000   0.765   1.527   2.282   3.029   4.544   5.858   6.952   7.833
          21.400  -0.000   0.766   1.529   2.286   3.034   4.543   5.857   6.950   7.832
          21.500  -0.000   0.768   1.532   2.290   3.039   4.543   5.855   6.949   7.830
          21.600  -0.000   0.769   1.535   2.294   3.044   4.543   5.854   6.947   7.829
          21.700  -0.000   0.770   1.538   2.298   3.050   4.542   5.852   6.945   7.828
          21.800  -0.000   0.772   1.541   2.302   3.055   4.542   5.851   6.944   7.827
          21.900  -0.000   0.773   1.543   2.307   3.061   4.542   5.850   6.942   7.826
          22.000  -0.000   0.775   1.546   2.311   3.066   4.542   5.848   6.941   7.825
          22.100  -0.000   0.776   1.549   2.315   3.072   4.542   5.847   6.940   7.824
          22.200  -0.000   0.777   1.552   2.319   3.078   4.542   5.845   6.939   7.823
          22.300  -0.000   0.779   1.554   2.324   3.083   4.542   5.844   6.937   7.822
          22.400  -0.000   0.780   1.557   2.328   3.089   4.542   5.843   6.936   7.821
          22.500  -0.000   0.782   1.560   2.333   3.094   4.542   5.841   6.934   7.820
          22.600  -0.000   0.783   1.563   2.336   3.099   4.542   5.840   6.933   7.820
          22.700  -0.000   0.785   1.566   2.341   3.105   4.543   5.838   6.932   7.819
          22.800  -0.000   0.786   1.568   2.345   3.110   4.543   5.837   6.930   7.818
          22.900  -0.000   0.788   1.572   2.350   3.115   4.543   5.837   6.929   7.817
          23.000  -0.000   0.789   1.575   2.354   3.120   4.545   5.835   6.928   7.816
          23.100  -0.000   0.791   1.578   2.359   3.125   4.546   5.834   6.927   7.815
          23.200  -0.000   0.792   1.581   2.363   3.130   4.546   5.833   6.926   7.815
          23.300  -0.000   0.793   1.584   2.368   3.134   4.547   5.831   6.924   7.814
          23.400  -0.000   0.795   1.587   2.372   3.139   4.548   5.830   6.923   7.813
          23.500  -0.000   0.797   1.590   2.377   3.143   4.549   5.829   6.922   7.812
          23.600  -0.000   0.798   1.593   2.382   3.147   4.551   5.828   6.921   7.812
          23.700  -0.000   0.800   1.596   2.386   3.152   4.552   5.827   6.920   7.811
          23.800  -0.000   0.801   1.600   2.391   3.156   4.554   5.826   6.919   7.810
          23.900  -0.000   0.803   1.603   2.396   3.160   4.556   5.825   6.919   7.810
          24.000  -0.000   0.805   1.606   2.400   3.164   4.558   5.825   6.918   7.809
          24.100  -0.000   0.806   1.609   2.405   3.170   4.560   5.824   6.917   7.808
          24.200  -0.000   0.808   1.612   2.410   3.172   4.562   5.823   6.916   7.808
          24.300  -0.000   0.809   1.616   2.414   3.176   4.567   5.823   6.915   7.807
          24.400  -0.000   0.811   1.619   2.419   3.180   4.567   5.822   6.915   7.807
          24.500  -0.000   0.813   1.622   2.423   3.182   4.570   5.822   6.914   7.806
          24.600  -0.000   0.814   1.626   2.428   3.187   4.573   5.821   6.914   7.806
          24.700  -0.000   0.816   1.629   2.432   3.191   4.576   5.821   6.913   7.806
          24.800  -0.000   0.818   1.632   2.434   3.195   4.579   5.822   6.912   7.805
          24.900  -0.000   0.820   1.636   2.440   3.198   4.583   5.822   6.913   7.805
          25.000  -0.000   0.821   1.639   2.443   3.202   4.586   5.823   6.913   7.805
          25.100  -0.000   0.823   1.643   2.447   3.205   4.589   5.823   6.912   7.804
          25.200  -0.000   0.824   1.646   2.450   3.209   4.592   5.823   6.912   7.804
          25.300  -0.000   0.826   1.649   2.453   3.212   4.595   5.824   6.912   7.804
          25.400  -0.000   0.828   1.653   2.457   3.215   4.598   5.825   6.912   7.804
          25.500  -0.000   0.830   1.656   2.460   3.218   4.601   5.826   6.911   7.804
          25.600  -0.000   0.832   1.660   2.463   3.219   4.604   5.827   6.911   7.804
          25.700  -0.000   0.834   1.664   2.466   3.222   4.606   5.828   6.912   7.804
          25.800  -0.000   0.835   1.667   2.469   3.227   4.609   5.829   6.912   7.804
          25.900  -0.000   0.837   1.671   2.472   3.230   4.611   5.830   6.912   7.804
          26.000  -0.000   0.839   1.674   2.475   3.232   4.611   5.832   6.912   7.804


        KN AS A FUNCTION OF DRAUGHT AND HEELING ANGLE
        INITIAL TRIM: -1.50 M                                        UNIT:     m
        ========================================================================

         INITIAL     HEELING ANGLE (DEGREES)
         DRAUGHT     0.0     5.0    10.0    15.0    20.0    30.0    40.0    50.0    60.0
           0.000   0.000  13.990  16.196  17.163  17.445  17.229  16.227  14.672  12.718
           0.100   0.000  13.799  16.084  17.050  17.357  17.155  16.175  14.647  12.727
           0.200   0.000  13.533  15.888  16.891  17.236  17.072  16.134  14.645  12.764
           0.300   0.000  13.217  15.654  16.704  17.090  16.977  16.087  14.643  12.810
           0.400  -0.000  12.838  15.378  16.482  16.913  16.865  16.032  14.644  12.870
           0.500  -0.000  12.390  15.058  16.227  16.709  16.739  15.974  14.653  12.948
           0.600  -0.000  11.895  14.703  15.950  16.487  16.605  15.916  14.669  13.043
           0.700  -0.000  11.376  14.330  15.661  16.260  16.469  15.860  14.692  13.149
           0.800  -0.000  10.858  13.955  15.372  16.032  16.338  15.808  14.720  13.261
           0.900  -0.000  10.353  13.587  15.088  15.810  16.211  15.761  14.750  13.374
           1.000  -0.000   9.865  13.230  14.809  15.594  16.087  15.716  14.781  13.486
           1.100  -0.000   9.401  12.886  14.536  15.385  15.968  15.675  14.814  13.596
           1.200  -0.000   8.960  12.556  14.269  15.184  15.852  15.636  14.847  13.686
           1.300  -0.000   8.541  12.239  14.012  14.990  15.741  15.598  14.879  13.751
           1.400  -0.000   8.142  11.934  13.764  14.802  15.634  15.563  14.911  13.796
           1.500  -0.000   7.763  11.642  13.526  14.621  15.531  15.528  14.943  13.826
           1.600  -0.001   7.403  11.362  13.297  14.446  15.431  15.495  14.971  13.842
           1.700  -0.001   7.062  11.093  13.077  14.275  15.334  15.463  14.991  13.848
           1.800  -0.001   6.742  10.836  12.864  14.105  15.241  15.432  15.001  13.845
           1.900  -0.001   6.444  10.588  12.659  13.938  15.150  15.402  15.001  13.836
           2.000  -0.001   6.169  10.350  12.461  13.775  15.062  15.373  14.991  13.822
           2.100  -0.001   5.915  10.120  12.271  13.615  14.976  15.345  14.973  13.805
           2.200  -0.001   5.682   9.899  12.088  13.461  14.893  15.317  14.948  13.784
           2.300  -0.001   5.469   9.684  11.911  13.311  14.812  15.289  14.916  13.762
           2.400  -0.001   5.271   9.476  11.739  13.167  14.733  15.258  14.880  13.738
           2.500  -0.001   5.089   9.274  11.573  13.027  14.656  15.224  14.840  13.713
           2.600  -0.001   4.919   9.076  11.412  12.892  14.581  15.185  14.796  13.688
           2.700  -0.001   4.762   8.885  11.255  12.762  14.506  15.141  14.749  13.662
           2.800  -0.001   4.615   8.698  11.103  12.635  14.433  15.093  14.700  13.636
           2.900  -0.001   4.479   8.516  10.955  12.513  14.362  15.040  14.649  13.609
           3.000  -0.001   4.351   8.339  10.811  12.394  14.292  14.983  14.596  13.583
           3.100  -0.001   4.230   8.165  10.670  12.279  14.224  14.922  14.541  13.557
           3.200  -0.001   4.116   7.995  10.533  12.167  14.157  14.858  14.485  13.531
           3.300  -0.001   4.009   7.829  10.399  12.057  14.090  14.792  14.428  13.505
           3.400  -0.001   3.909   7.667  10.268  11.950  14.024  14.722  14.370  13.479
           3.500  -0.001   3.814   7.509  10.140  11.845  13.959  14.651  14.312  13.454
           3.600  -0.001   3.725   7.356  10.016  11.743  13.892  14.577  14.253  13.429
           3.700  -0.001   3.641   7.208   9.893  11.644  13.824  14.501  14.193  13.404
           3.800  -0.001   3.562   7.065   9.774  11.546  13.753  14.424  14.133  13.380
           3.900  -0.001   3.487   6.928   9.657  11.451  13.681  14.347  14.074  13.356
           4.000  -0.001   3.415   6.797   9.542  11.358  13.606  14.268  14.013  13.332
           4.100  -0.001   3.348   6.671   9.429  11.266  13.529  14.190  13.952  13.309
           4.200  -0.001   3.284   6.550   9.319  11.177  13.450  14.111  13.891  13.286
           4.300  -0.001   3.223   6.435   9.210  11.089  13.371  14.032  13.830  13.262
           4.400  -0.001   3.166   6.325   9.103  11.003  13.289  13.952  13.769  13.237
           4.500  -0.001   3.112   6.220   8.999  10.919  13.207  13.872  13.709  13.211
           4.600  -0.001   3.060   6.119   8.895  10.836  13.123  13.791  13.649  13.184
           4.700  -0.001   3.011   6.023   8.794  10.755  13.039  13.709  13.589  13.156
           4.800  -0.001   2.964   5.930   8.694  10.675  12.953  13.625  13.529  13.128
           4.900  -0.001   2.919   5.841   8.595  10.596  12.866  13.541  13.469  13.100
           5.000  -0.001   2.876   5.756   8.497  10.518  12.778  13.455  13.409  13.072
           5.100  -0.001   2.835   5.675   8.401  10.442  12.690  13.369  13.349  13.043
           5.200  -0.001   2.795   5.597   8.305  10.367  12.601  13.282  13.289  13.014
           5.300  -0.001   2.758   5.523   8.212  10.293  12.511  13.196  13.229  12.984
           5.400  -0.001   2.722   5.451   8.119  10.220  12.420  13.110  13.169  12.954
           5.500  -0.001   2.687   5.382   8.028  10.147  12.329  13.024  13.108  12.922
           5.600  -0.001   2.654   5.316   7.939  10.075  12.237  12.938  13.046  12.889
           5.700  -0.001   2.622   5.252   7.852  10.004  12.144  12.852  12.983  12.853
           5.800  -0.001   2.591   5.190   7.766   9.931  12.051  12.766  12.919  12.815
           5.900  -0.001   2.562   5.131   7.684   9.856  11.957  12.680  12.854  12.776
           6.000  -0.001   2.533   5.074   7.603   9.779  11.862  12.594  12.789  12.734
           6.100  -0.001   2.505   5.019   7.525   9.700  11.766  12.508  12.725  12.690
           6.200  -0.000   2.479   4.966   7.450   9.619  11.670  12.422  12.661  12.642
           6.300  -0.000   2.453   4.915   7.377   9.536  11.574  12.336  12.598  12.592
           6.400  -0.000   2.429   4.866   7.306   9.452  11.477  12.250  12.535  12.538
           6.500  -0.000   2.405   4.818   7.237   9.366  11.379  12.165  12.472  12.482
           6.600  -0.000   2.382   4.772   7.171   9.279  11.281  12.079  12.410  12.425
           6.700  -0.000   2.360   4.728   7.106   9.190  11.183  11.993  12.348  12.366
           6.800  -0.000   2.339   4.686   7.043   9.100  11.084  11.907  12.287  12.306
           6.900  -0.000   2.318   4.645   6.982   9.009  10.984  11.822  12.225  12.244
           7.000  -0.000   2.299   4.605   6.923   8.917  10.885  11.736  12.164  12.181
           7.100  -0.000   2.279   4.567   6.865   8.823  10.784  11.650  12.102  12.118
           7.200  -0.000   2.261   4.530   6.808   8.729  10.683  11.563  12.040  12.054
           7.300  -0.000   2.243   4.494   6.753   8.634  10.582  11.477  11.977  11.991
           7.400  -0.000   2.226   4.460   6.698   8.538  10.481  11.390  11.913  11.927
           7.500  -0.000   2.209   4.426   6.643   8.441  10.378  11.304  11.847  11.863
           7.600  -0.000   2.193   4.394   6.588   8.343  10.275  11.216  11.780  11.798
           7.700  -0.000   2.177   4.363   6.532   8.245  10.171  11.129  11.711  11.732
           7.800  -0.000   2.162   4.333   6.475   8.146  10.066  11.041  11.641  11.666
           7.900  -0.000   2.147   4.304   6.417   8.048   9.961  10.953  11.568  11.598
           8.000  -0.000   2.133   4.275   6.358   7.949   9.856  10.864  11.494  11.530
           8.100  -0.000   2.120   4.247   6.298   7.850   9.751  10.775  11.417  11.462
           8.200  -0.000   2.107   4.220   6.237   7.751   9.645  10.685  11.339  11.392
           8.300  -0.000   2.094   4.194   6.176   7.652   9.539  10.595  11.258  11.323
           8.400  -0.000   2.081   4.168   6.113   7.553   9.432  10.504  11.175  11.252
           8.500  -0.000   2.070   4.143   6.049   7.454   9.324  10.413  11.090  11.181
           8.600  -0.000   2.058   4.119   5.984   7.355   9.215  10.322  11.004  11.109
           8.700  -0.000   2.047   4.094   5.919   7.255   9.106  10.231  10.918  11.037
           8.800  -0.000   2.036   4.071   5.852   7.156   8.996  10.139  10.831  10.964
           8.900  -0.000   2.025   4.047   5.784   7.057   8.885  10.047  10.743  10.891
           9.000  -0.000   2.015   4.024   5.715   6.957   8.774   9.954  10.655  10.817
           9.100  -0.000   2.005   4.000   5.645   6.858   8.662   9.861  10.565  10.742
           9.200  -0.000   1.995   3.975   5.573   6.758   8.550   9.766  10.475  10.667
           9.300  -0.000   1.985   3.948   5.501   6.659   8.437   9.670  10.384  10.591
           9.400  -0.000   1.976   3.921   5.428   6.560   8.323   9.572  10.293  10.515
           9.500  -0.000   1.966   3.891   5.354   6.461   8.209   9.474  10.201  10.439
           9.600  -0.000   1.957   3.859   5.279   6.361   8.095   9.373  10.108  10.362
           9.700  -0.000   1.948   3.826   5.203   6.262   7.981   9.271  10.015  10.285
           9.800  -0.000   1.939   3.789   5.125   6.163   7.866   9.168   9.922  10.207
           9.900  -0.000   1.930   3.751   5.047   6.065   7.752   9.063   9.827  10.129
          10.000  -0.000   1.921   3.710   4.969   5.966   7.638   8.956   9.733  10.051
          10.100  -0.000   1.912   3.666   4.889   5.867   7.524   8.848   9.638   9.972
          10.200  -0.000   1.903   3.620   4.808   5.768   7.411   8.739   9.542   9.893
          10.300  -0.000   1.895   3.571   4.726   5.669   7.299   8.628   9.446   9.813
          10.400  -0.000   1.886   3.520   4.644   5.571   7.187   8.517   9.349   9.733
          10.500  -0.000   1.878   3.467   4.560   5.472   7.075   8.406   9.253   9.652
          10.600  -0.000   1.869   3.411   4.476   5.373   6.965   8.295   9.155   9.572
          10.700  -0.000   1.860   3.353   4.391   5.274   6.855   8.184   9.057   9.490
          10.800  -0.000   1.850   3.292   4.305   5.175   6.747   8.072   8.959   9.409
          10.900  -0.000   1.838   3.230   4.218   5.075   6.639   7.960   8.861   9.327
          11.000  -0.000   1.825   3.165   4.130   4.976   6.531   7.848   8.762   9.246
          11.100  -0.000   1.808   3.097   4.041   4.877   6.425   7.736   8.662   9.165
          11.200  -0.000   1.789   3.027   3.952   4.777   6.320   7.624   8.563   9.085
          11.300  -0.000   1.767   2.956   3.861   4.678   6.216   7.513   8.463   9.005
          11.400  -0.000   1.740   2.882   3.770   4.579   6.113   7.402   8.365   8.927
          11.500  -0.000   1.709   2.806   3.678   4.480   6.011   7.292   8.267   8.850
          11.600  -0.000   1.673   2.728   3.585   4.380   5.907   7.182   8.169   8.774
          11.700  -0.000   1.632   2.647   3.491   4.281   5.803   7.072   8.073   8.698
          11.800  -0.000   1.586   2.564   3.395   4.181   5.698   6.963   7.977   8.624
          11.900  -0.000   1.534   2.479   3.299   4.081   5.591   6.855   7.881   8.550
          12.000  -0.000   1.476   2.391   3.201   3.980   5.482   6.748   7.787   8.477
          12.100  -0.000   1.413   2.300   3.102   3.880   5.371   6.642   7.694   8.406
          12.200  -0.000   1.343   2.206   3.002   3.779   5.260   6.536   7.601   8.335
          12.300  -0.000   1.268   2.111   2.902   3.679   5.149   6.433   7.509   8.267
          12.400  -0.000   1.195   2.021   2.809   3.588   5.051   6.340   7.427   8.207
          12.500  -0.000   1.126   1.940   2.727   3.509   4.966   6.261   7.358   8.156
          12.600  -0.000   1.062   1.868   2.656   3.440   4.895   6.196   7.300   8.112
          12.700  -0.000   1.005   1.805   2.594   3.381   4.835   6.142   7.253   8.073
          12.800  -0.000   0.954   1.751   2.542   3.333   4.787   6.099   7.216   8.042
          12.900  -0.000   0.910   1.706   2.498   3.292   4.749   6.066   7.186   8.016
          13.000  -0.000   0.873   1.668   2.463   3.260   4.720   6.042   7.164   7.996
          13.100  -0.000   0.842   1.637   2.434   3.234   4.699   6.024   7.148   7.981
          13.200  -0.000   0.816   1.613   2.412   3.215   4.685   6.013   7.137   7.971
          13.300  -0.000   0.797   1.595   2.396   3.201   4.676   6.006   7.129   7.965
          13.400  -0.000   0.783   1.582   2.385   3.191   4.671   6.002   7.124   7.962
          13.500  -0.000   0.774   1.574   2.377   3.184   4.667   5.999   7.121   7.960
          13.600  -0.000   0.768   1.568   2.372   3.180   4.665   5.997   7.119   7.958
          13.700  -0.000   0.762   1.563   2.367   3.176   4.663   5.996   7.117   7.956
          13.800  -0.000   0.756   1.557   2.363   3.172   4.660   5.994   7.115   7.955
          13.900  -0.000   0.750   1.552   2.358   3.168   4.658   5.992   7.112   7.953
          14.000  -0.000   0.745   1.547   2.353   3.164   4.655   5.990   7.110   7.951
          14.100  -0.000   0.739   1.541   2.348   3.159   4.653   5.988   7.108   7.950
          14.200  -0.000   0.734   1.536   2.343   3.155   4.651   5.986   7.106   7.948
          14.300  -0.000   0.729   1.531   2.339   3.151   4.648   5.984   7.104   7.946
          14.400  -0.000   0.724   1.525   2.334   3.147   4.646   5.982   7.101   7.945
          14.500  -0.000   0.719   1.520   2.329   3.143   4.644   5.980   7.099   7.943
          14.600  -0.000   0.715   1.515   2.325   3.139   4.641   5.978   7.097   7.941
          14.700  -0.000   0.711   1.510   2.320   3.135   4.639   5.977   7.095   7.940
          14.800  -0.000   0.708   1.505   2.316   3.132   4.637   5.975   7.092   7.938
          14.900  -0.000   0.706   1.500   2.311   3.128   4.635   5.973   7.090   7.936
          15.000  -0.000   0.704   1.495   2.306   3.124   4.633   5.971   7.088   7.935
          15.100  -0.000   0.703   1.490   2.302   3.120   4.631   5.969   7.086   7.933
          15.200  -0.000   0.703   1.485   2.298   3.116   4.629   5.967   7.084   7.931
          15.300  -0.000   0.704   1.480   2.293   3.112   4.627   5.965   7.081   7.930
          15.400  -0.000   0.705   1.476   2.289   3.109   4.625   5.963   7.079   7.928
          15.500  -0.000   0.706   1.471   2.284   3.105   4.623   5.962   7.077   7.926
          15.600  -0.000   0.707   1.467   2.280   3.101   4.621   5.960   7.075   7.925
          15.700  -0.000   0.707   1.463   2.276   3.098   4.619   5.958   7.072   7.923
          15.800  -0.000   0.708   1.458   2.272   3.094   4.617   5.956   7.070   7.921
          15.900  -0.000   0.709   1.455   2.268   3.091   4.615   5.954   7.068   7.920
          16.000  -0.000   0.710   1.451   2.264   3.087   4.613   5.953   7.065   7.918
          16.100  -0.000   0.711   1.447   2.260   3.084   4.612   5.951   7.063   7.916
          16.200  -0.000   0.712   1.444   2.256   3.080   4.610   5.949   7.061   7.915
          16.300  -0.000   0.712   1.441   2.252   3.077   4.608   5.947   7.059   7.913
          16.400  -0.000   0.713   1.439   2.248   3.073   4.607   5.946   7.056   7.911
          16.500  -0.000   0.714   1.437   2.244   3.070   4.605   5.944   7.054   7.910
          16.600  -0.000   0.715   1.435   2.240   3.067   4.604   5.942   7.052   7.908
          16.700  -0.000   0.716   1.434   2.237   3.064   4.602   5.940   7.050   7.907
          16.800  -0.000   0.717   1.434   2.233   3.060   4.600   5.939   7.047   7.905
          16.900  -0.000   0.718   1.434   2.230   3.057   4.599   5.937   7.045   7.903
          17.000  -0.000   0.719   1.435   2.227   3.054   4.597   5.935   7.043   7.902
          17.100  -0.000   0.720   1.436   2.224   3.051   4.596   5.933   7.041   7.900
          17.200  -0.000   0.721   1.438   2.220   3.048   4.595   5.932   7.038   7.899
          17.300  -0.000   0.722   1.440   2.217   3.046   4.593   5.930   7.036   7.897
          17.400  -0.000   0.723   1.442   2.215   3.043   4.592   5.928   7.034   7.896
          17.500  -0.000   0.724   1.444   2.212   3.040   4.590   5.927   7.032   7.894
          17.600  -0.000   0.724   1.446   2.210   3.037   4.589   5.925   7.029   7.893
          17.700  -0.000   0.725   1.448   2.207   3.035   4.588   5.923   7.027   7.891
          17.800  -0.000   0.726   1.450   2.205   3.032   4.587   5.922   7.025   7.890
          17.900  -0.000   0.727   1.452   2.203   3.030   4.585   5.920   7.023   7.888
          18.000  -0.000   0.728   1.454   2.201   3.027   4.584   5.918   7.021   7.887
          18.100  -0.000   0.729   1.456   2.200   3.025   4.583   5.917   7.018   7.885
          18.200  -0.000   0.731   1.458   2.199   3.023   4.582   5.915   7.016   7.884
          18.300  -0.000   0.732   1.460   2.198   3.021   4.581   5.914   7.014   7.882
          18.400  -0.000   0.733   1.462   2.198   3.018   4.579   5.912   7.012   7.881
          18.500  -0.000   0.734   1.464   2.198   3.017   4.578   5.910   7.010   7.879
          18.600  -0.000   0.735   1.466   2.198   3.015   4.577   5.909   7.008   7.878
          18.700  -0.000   0.736   1.468   2.199   3.013   4.576   5.907   7.006   7.876
          18.800  -0.000   0.737   1.471   2.201   3.011   4.575   5.905   7.003   7.875
          18.900  -0.000   0.738   1.473   2.203   3.010   4.574   5.904   7.001   7.873
          19.000  -0.000   0.739   1.475   2.205   3.008   4.573   5.902   6.999   7.872
          19.100  -0.000   0.740   1.477   2.208   3.007   4.572   5.901   6.997   7.870
          19.200  -0.000   0.741   1.479   2.211   3.006   4.571   5.899   6.995   7.869
          19.300  -0.000   0.742   1.482   2.214   3.005   4.570   5.897   6.993   7.867
          19.400  -0.000   0.744   1.484   2.218   3.004   4.569   5.896   6.991   7.866
          19.500  -0.000   0.745   1.486   2.221   3.003   4.569   5.894   6.989   7.864
          19.600  -0.000   0.746   1.489   2.225   3.003   4.568   5.893   6.988   7.863
          19.700  -0.000   0.747   1.491   2.228   3.002   4.567   5.891   6.986   7.861
          19.800  -0.000   0.748   1.493   2.232   3.002   4.566   5.890   6.984   7.860
          19.900  -0.000   0.749   1.496   2.235   3.002   4.565   5.888   6.982   7.858
          20.000  -0.000   0.751   1.498   2.239   3.002   4.564   5.886   6.980   7.857
          20.100  -0.000   0.752   1.500   2.242   3.003   4.564   5.885   6.978   7.856
          20.200  -0.000   0.753   1.503   2.246   3.004   4.563   5.883   6.976   7.854
          20.300  -0.000   0.754   1.505   2.250   3.005   4.562   5.882   6.975   7.853
          20.400  -0.000   0.755   1.508   2.254   3.006   4.562   5.880   6.973   7.851
          20.500  -0.000   0.757   1.510   2.257   3.008   4.561   5.879   6.971   7.851
          20.600  -0.000   0.758   1.513   2.261   3.010   4.560   5.877   6.969   7.850
          20.700  -0.000   0.759   1.515   2.265   3.013   4.560   5.876   6.968   7.849
          20.800  -0.000   0.760   1.518   2.269   3.016   4.559   5.874   6.966   7.847
          20.900  -0.000   0.762   1.520   2.273   3.019   4.559   5.873   6.964   7.846
          21.000  -0.000   0.763   1.523   2.276   3.023   4.558   5.871   6.962   7.845
          21.100  -0.000   0.764   1.526   2.280   3.027   4.558   5.870   6.960   7.844
          21.200  -0.000   0.766   1.528   2.284   3.032   4.557   5.868   6.959   7.843
          21.300  -0.000   0.767   1.531   2.288   3.037   4.557   5.867   6.957   7.841
          21.400  -0.000   0.769   1.534   2.292   3.042   4.556   5.865   6.955   7.840
          21.500  -0.000   0.770   1.537   2.296   3.047   4.556   5.864   6.953   7.839
          21.600  -0.000   0.771   1.539   2.301   3.053   4.556   5.862   6.952   7.838
          21.700  -0.000   0.772   1.542   2.305   3.058   4.555   5.861   6.950   7.837
          21.800  -0.000   0.774   1.545   2.309   3.064   4.555   5.860   6.950   7.836
          21.900  -0.000   0.775   1.547   2.313   3.069   4.555   5.858   6.948   7.835
          22.000  -0.000   0.777   1.550   2.318   3.076   4.555   5.857   6.947   7.834
          22.100  -0.000   0.778   1.553   2.322   3.081   4.555   5.855   6.945   7.833
          22.200  -0.000   0.780   1.556   2.327   3.087   4.555   5.854   6.944   7.832
          22.300  -0.000   0.781   1.559   2.330   3.092   4.555   5.852   6.942   7.831
          22.400  -0.000   0.782   1.562   2.334   3.098   4.555   5.851   6.941   7.830
          22.500  -0.000   0.784   1.565   2.339   3.104   4.555   5.849   6.939   7.829
          22.600  -0.000   0.785   1.568   2.343   3.109   4.555   5.849   6.938   7.828
          22.700  -0.000   0.787   1.571   2.348   3.114   4.556   5.847   6.937   7.827
          22.800  -0.000   0.788   1.574   2.352   3.120   4.556   5.846   6.936   7.826
          22.900  -0.000   0.790   1.576   2.357   3.125   4.557   5.844   6.934   7.825
          23.000  -0.000   0.791   1.580   2.362   3.130   4.557   5.843   6.933   7.825
          23.100  -0.000   0.793   1.583   2.366   3.136   4.558   5.842   6.932   7.824
          23.200  -0.000   0.794   1.586   2.370   3.142   4.558   5.840   6.931   7.823
          23.300  -0.000   0.796   1.589   2.375   3.147   4.559   5.839   6.930   7.822
          23.400  -0.000   0.797   1.592   2.378   3.152   4.560   5.838   6.928   7.821
          23.500  -0.000   0.799   1.595   2.384   3.157   4.561   5.837   6.927   7.821
          23.600  -0.000   0.801   1.598   2.389   3.161   4.563   5.836   6.926   7.820
          23.700  -0.000   0.802   1.600   2.394   3.166   4.564   5.835   6.925   7.819
          23.800  -0.000   0.804   1.605   2.397   3.170   4.566   5.834   6.925   7.818
          23.900  -0.000   0.806   1.608   2.403   3.174   4.568   5.833   6.924   7.818
          24.000  -0.000   0.807   1.611   2.408   3.178   4.568   5.832   6.923   7.817
          24.100  -0.000   0.808   1.614   2.413   3.182   4.572   5.831   6.922   7.816
          24.200  -0.000   0.810   1.617   2.418   3.186   4.572   5.831   6.921   7.816
          24.300  -0.000   0.812   1.621   2.423   3.190   4.577   5.830   6.921   7.815
          24.400  -0.000   0.814   1.624   2.426   3.194   4.579   5.830   6.920   7.815
          24.500  -0.000   0.815   1.628   2.432   3.197   4.582   5.830   6.919   7.814
          24.600  -0.000   0.817   1.631   2.437   3.201   4.585   5.830   6.919   7.814
          24.700  -0.000   0.819   1.634   2.442   3.205   4.588   5.830   6.919   7.813
          24.800  -0.000   0.821   1.638   2.444   3.208   4.591   5.830   6.918   7.813
          24.900  -0.000   0.822   1.641   2.450   3.212   4.594   5.830   6.917   7.813
          25.000  -0.000   0.824   1.645   2.455   3.215   4.597   5.830   6.917   7.812
          25.100  -0.000   0.826   1.648   2.459   3.218   4.600   5.830   6.917   7.812
          25.200  -0.000   0.827   1.652   2.463   3.221   4.603   5.828   6.917   7.812
          25.300  -0.000   0.829   1.655   2.466   3.225   4.606   5.832   6.916   7.812
          25.400  -0.000   0.831   1.659   2.469   3.228   4.609   5.832   6.916   7.811
          25.500  -0.000   0.833   1.662   2.472   3.230   4.611   5.833   6.916   7.811
          25.600  -0.000   0.835   1.666   2.476   3.233   4.614   5.834   6.916   7.811
          25.700  -0.000   0.836   1.669   2.479   3.236   4.616   5.835   6.916   7.811
          25.800  -0.000   0.838   1.673   2.482   3.239   4.619   5.837   6.916   7.811
          25.900  -0.000   0.840   1.677   2.484   3.241   4.618   5.838   6.917   7.811
          26.000  -0.000   0.842   1.680   2.487   3.244   4.623   5.840   6.917   7.811


        KN AS A FUNCTION OF DRAUGHT AND HEELING ANGLE
        INITIAL TRIM: -1.00 M                                        UNIT:     m
        ========================================================================

         INITIAL     HEELING ANGLE (DEGREES)
         DRAUGHT     0.0     5.0    10.0    15.0    20.0    30.0    40.0    50.0    60.0
           0.000   0.000  14.999  16.945  17.588  17.765  17.358  16.202  14.510  12.422
           0.100   0.000  14.784  16.819  17.483  17.680  17.283  16.149  14.478  12.420
           0.200   0.000  14.442  16.571  17.298  17.531  17.187  16.102  14.476  12.463
           0.300  -0.000  13.976  16.234  17.037  17.324  17.057  16.041  14.482  12.538
           0.400  -0.000  13.387  15.816  16.714  17.067  16.901  15.974  14.502  12.648
           0.500  -0.000  12.744  15.361  16.366  16.792  16.738  15.910  14.533  12.779
           0.600  -0.000  12.105  14.904  16.019  16.521  16.579  15.851  14.570  12.917
           0.700  -0.000  11.494  14.456  15.685  16.260  16.430  15.796  14.609  13.053
           0.800  -0.000  10.915  14.027  15.367  16.010  16.289  15.746  14.647  13.185
           0.900  -0.000  10.371  13.619  15.064  15.772  16.155  15.700  14.685  13.312
           1.000  -0.001   9.865  13.235  14.775  15.546  16.028  15.657  14.722  13.433
           1.100  -0.001   9.391  12.872  14.500  15.330  15.905  15.615  14.760  13.540
           1.200  -0.001   8.946  12.527  14.237  15.123  15.789  15.576  14.796  13.623
           1.300  -0.001   8.526  12.199  13.980  14.925  15.677  15.539  14.831  13.687
           1.400  -0.001   8.127  11.889  13.728  14.735  15.569  15.503  14.865  13.733
           1.500  -0.001   7.748  11.594  13.484  14.552  15.466  15.469  14.896  13.763
           1.600  -0.001   7.388  11.314  13.250  14.376  15.365  15.436  14.919  13.782
           1.700  -0.001   7.045  11.046  13.026  14.206  15.268  15.405  14.933  13.790
           1.800  -0.001   6.721  10.789  12.811  14.042  15.174  15.374  14.939  13.791
           1.900  -0.001   6.420  10.543  12.606  13.881  15.084  15.345  14.936  13.785
           2.000  -0.001   6.144  10.306  12.408  13.722  14.996  15.316  14.925  13.775
           2.100  -0.001   5.892  10.077  12.218  13.564  14.910  15.288  14.907  13.760
           2.200  -0.001   5.661   9.857  12.035  13.410  14.827  15.259  14.883  13.743
           2.300  -0.001   5.448   9.644  11.859  13.260  14.747  15.229  14.853  13.723
           2.400  -0.001   5.252   9.438  11.689  13.115  14.668  15.195  14.819  13.703
           2.500  -0.001   5.071   9.238  11.524  12.976  14.591  15.158  14.781  13.681
           2.600  -0.001   4.903   9.044  11.365  12.841  14.516  15.118  14.739  13.658
           2.700  -0.001   4.747   8.855  11.209  12.711  14.444  15.073  14.694  13.635
           2.800  -0.001   4.601   8.670  11.058  12.585  14.372  15.026  14.647  13.611
           2.900  -0.001   4.465   8.489  10.911  12.463  14.301  14.974  14.598  13.588
           3.000  -0.001   4.338   8.313  10.769  12.345  14.232  14.919  14.547  13.564
           3.100  -0.001   4.219   8.141  10.629  12.230  14.164  14.860  14.495  13.541
           3.200  -0.001   4.107   7.973  10.493  12.119  14.098  14.798  14.441  13.517
           3.300  -0.001   4.001   7.808  10.361  12.010  14.033  14.734  14.386  13.493
           3.400  -0.001   3.900   7.647  10.231  11.904  13.970  14.667  14.331  13.470
           3.500  -0.001   3.806   7.490  10.104  11.801  13.906  14.598  14.275  13.446
           3.600  -0.001   3.717   7.337   9.980  11.700  13.840  14.526  14.218  13.423
           3.700  -0.001   3.633   7.188   9.859  11.601  13.774  14.453  14.160  13.400
           3.800  -0.001   3.554   7.046   9.740  11.505  13.705  14.378  14.102  13.377
           3.900  -0.001   3.479   6.910   9.625  11.410  13.634  14.302  14.044  13.355
           4.000  -0.001   3.408   6.780   9.511  11.318  13.561  14.225  13.986  13.333
           4.100  -0.001   3.341   6.655   9.400  11.228  13.486  14.148  13.927  13.311
           4.200  -0.001   3.277   6.536   9.290  11.139  13.409  14.071  13.868  13.289
           4.300  -0.001   3.217   6.421   9.182  11.052  13.331  13.993  13.809  13.266
           4.400  -0.001   3.159   6.311   9.077  10.967  13.251  13.916  13.749  13.242
           4.500  -0.001   3.104   6.207   8.973  10.883  13.170  13.837  13.690  13.217
           4.600  -0.001   3.053   6.106   8.870  10.801  13.088  13.759  13.631  13.191
           4.700  -0.001   3.004   6.010   8.770  10.720  13.005  13.679  13.572  13.164
           4.800  -0.001   2.957   5.918   8.670  10.640  12.921  13.599  13.514  13.137
           4.900  -0.001   2.912   5.829   8.572  10.562  12.835  13.518  13.456  13.108
           5.000  -0.001   2.869   5.744   8.476  10.485  12.749  13.435  13.398  13.080
           5.100  -0.001   2.829   5.663   8.380  10.410  12.662  13.351  13.340  13.052
           5.200  -0.001   2.789   5.585   8.286  10.335  12.574  13.267  13.281  13.023
           5.300  -0.001   2.751   5.509   8.192  10.262  12.486  13.182  13.223  12.993
           5.400  -0.001   2.715   5.438   8.100  10.189  12.396  13.097  13.164  12.963
           5.500  -0.001   2.680   5.369   8.009  10.117  12.306  13.012  13.105  12.932
           5.600  -0.001   2.647   5.302   7.920  10.046  12.215  12.928  13.047  12.901
           5.700  -0.001   2.615   5.239   7.833   9.975  12.124  12.843  12.987  12.867
           5.800  -0.001   2.584   5.177   7.747   9.904  12.032  12.759  12.926  12.832
           5.900  -0.001   2.555   5.118   7.664   9.832  11.939  12.674  12.864  12.795
           6.000  -0.001   2.526   5.061   7.584   9.757  11.846  12.589  12.802  12.756
           6.100  -0.001   2.499   5.006   7.505   9.680  11.752  12.505  12.739  12.715
           6.200  -0.000   2.472   4.953   7.430   9.601  11.658  12.421  12.676  12.672
           6.300  -0.000   2.447   4.902   7.357   9.520  11.563  12.336  12.614  12.626
           6.400  -0.000   2.422   4.853   7.286   9.437  11.468  12.252  12.553  12.576
           6.500  -0.000   2.398   4.805   7.218   9.353  11.373  12.168  12.491  12.524
           6.600  -0.000   2.376   4.760   7.151   9.267  11.276  12.084  12.430  12.469
           6.700  -0.000   2.354   4.716   7.087   9.180  11.180  12.001  12.370  12.412
           6.800  -0.000   2.333   4.673   7.025   9.092  11.083  11.917  12.310  12.354
           6.900  -0.000   2.312   4.632   6.964   9.002  10.985  11.832  12.249  12.294
           7.000  -0.000   2.292   4.592   6.906   8.911  10.887  11.748  12.189  12.234
           7.100  -0.000   2.273   4.554   6.848   8.819  10.789  11.664  12.128  12.172
           7.200  -0.000   2.254   4.517   6.793   8.726  10.690  11.580  12.067  12.109
           7.300  -0.000   2.236   4.481   6.739   8.632  10.591  11.495  12.007  12.047
           7.400  -0.000   2.219   4.447   6.686   8.538  10.491  11.410  11.945  11.984
           7.500  -0.000   2.203   4.414   6.633   8.442  10.391  11.325  11.882  11.920
           7.600  -0.000   2.187   4.381   6.580   8.346  10.290  11.240  11.818  11.857
           7.700  -0.000   2.171   4.350   6.526   8.250  10.189  11.154  11.752  11.792
           7.800  -0.000   2.156   4.320   6.470   8.153  10.086  11.068  11.685  11.727
           7.900  -0.000   2.141   4.291   6.414   8.056   9.983  10.982  11.616  11.661
           8.000  -0.000   2.127   4.263   6.357   7.959   9.880  10.896  11.546  11.594
           8.100  -0.000   2.113   4.236   6.298   7.862   9.776  10.809  11.473  11.527
           8.200  -0.000   2.100   4.209   6.239   7.765   9.673  10.721  11.398  11.459
           8.300  -0.000   2.087   4.183   6.179   7.667   9.568  10.633  11.322  11.390
           8.400  -0.000   2.075   4.158   6.118   7.570   9.463  10.544  11.243  11.321
           8.500  -0.000   2.063   4.134   6.055   7.473   9.358  10.455  11.163  11.251
           8.600  -0.000   2.052   4.110   5.992   7.376   9.252  10.366  11.079  11.181
           8.700  -0.000   2.041   4.086   5.928   7.279   9.145  10.277  10.995  11.110
           8.800  -0.000   2.030   4.063   5.863   7.181   9.037  10.187  10.909  11.038
           8.900  -0.000   2.019   4.041   5.797   7.084   8.929  10.097  10.823  10.966
           9.000  -0.000   2.009   4.019   5.730   6.987   8.820  10.007  10.737  10.893
           9.100  -0.000   1.999   3.997   5.662   6.889   8.710   9.916  10.650  10.820
           9.200  -0.000   1.990   3.974   5.593   6.792   8.600   9.825  10.562  10.746
           9.300  -0.000   1.980   3.951   5.522   6.694   8.489   9.732  10.473  10.672
           9.400  -0.000   1.971   3.926   5.451   6.597   8.377   9.639  10.383  10.597
           9.500  -0.000   1.962   3.899   5.379   6.499   8.266   9.544  10.293  10.522
           9.600  -0.000   1.953   3.870   5.306   6.402   8.153   9.447  10.202  10.446
           9.700  -0.000   1.944   3.838   5.231   6.305   8.040   9.349  10.110  10.370
           9.800  -0.000   1.936   3.803   5.156   6.207   7.928   9.250  10.018  10.293
           9.900  -0.000   1.927   3.767   5.080   6.110   7.815   9.149   9.925  10.216
          10.000  -0.000   1.919   3.728   5.003   6.013   7.702   9.047   9.831  10.138
          10.100  -0.000   1.911   3.686   4.925   5.916   7.589   8.943   9.737  10.060
          10.200  -0.000   1.902   3.642   4.846   5.818   7.478   8.837   9.643   9.981
          10.300  -0.000   1.894   3.596   4.766   5.721   7.366   8.730   9.548   9.902
          10.400  -0.000   1.886   3.547   4.686   5.623   7.255   8.621   9.452   9.823
          10.500  -0.000   1.878   3.495   4.604   5.526   7.145   8.512   9.357   9.743
          10.600  -0.000   1.870   3.442   4.522   5.428   7.036   8.402   9.260   9.662
          10.700  -0.000   1.862   3.386   4.438   5.331   6.927   8.292   9.164   9.582
          10.800  -0.000   1.854   3.328   4.354   5.233   6.819   8.182   9.066   9.501
          10.900  -0.000   1.845   3.267   4.269   5.135   6.712   8.071   8.969   9.420
          11.000  -0.000   1.835   3.204   4.183   5.037   6.605   7.961   8.871   9.338
          11.100  -0.000   1.823   3.139   4.096   4.939   6.500   7.850   8.773   9.257
          11.200  -0.000   1.808   3.072   4.008   4.841   6.396   7.739   8.674   9.175
          11.300  -0.000   1.790   3.002   3.919   4.743   6.292   7.628   8.575   9.095
          11.400  -0.000   1.767   2.930   3.829   4.644   6.189   7.517   8.475   9.015
          11.500  -0.000   1.740   2.856   3.738   4.546   6.088   7.406   8.375   8.935
          11.600  -0.000   1.708   2.780   3.646   4.448   5.988   7.297   8.277   8.857
          11.700  -0.000   1.670   2.702   3.554   4.349   5.887   7.188   8.180   8.780
          11.800  -0.000   1.627   2.622   3.460   4.251   5.786   7.079   8.083   8.704
          11.900  -0.000   1.579   2.539   3.366   4.153   5.684   6.971   7.986   8.629
          12.000  -0.000   1.526   2.454   3.270   4.054   5.580   6.864   7.891   8.555
          12.100  -0.000   1.467   2.366   3.174   3.955   5.475   6.757   7.797   8.482
          12.200  -0.000   1.402   2.275   3.076   3.855   5.368   6.652   7.703   8.410
          12.300  -0.000   1.331   2.182   2.976   3.756   5.258   6.547   7.611   8.339
          12.400  -0.000   1.254   2.085   2.876   3.656   5.149   6.443   7.518   8.270
          12.500  -0.000   1.170   1.986   2.774   3.556   5.039   6.339   7.424   8.202
          12.600  -0.000   1.085   1.889   2.677   3.462   4.937   6.242   7.339   8.140
          12.700  -0.000   1.010   1.808   2.597   3.386   4.855   6.166   7.272   8.088
          12.800  -0.000   0.945   1.740   2.532   3.325   4.793   6.109   7.221   8.047
          12.900  -0.000   0.892   1.687   2.481   3.278   4.747   6.068   7.185   8.016
          13.000  -0.000   0.851   1.646   2.443   3.244   4.716   6.041   7.161   7.995
          13.100  -0.000   0.819   1.617   2.416   3.219   4.697   6.025   7.145   7.981
          13.200  -0.000   0.798   1.597   2.398   3.204   4.686   6.016   7.136   7.974
          13.300  -0.000   0.785   1.585   2.388   3.194   4.681   6.013   7.132   7.971
          13.400  -0.000   0.777   1.578   2.382   3.190   4.679   6.011   7.129   7.969
          13.500  -0.000   0.771   1.573   2.377   3.185   4.676   6.009   7.127   7.968
          13.600  -0.000   0.765   1.567   2.372   3.181   4.674   6.007   7.125   7.966
          13.700  -0.000   0.759   1.562   2.367   3.177   4.672   6.005   7.123   7.964
          13.800  -0.000   0.754   1.556   2.363   3.173   4.669   6.003   7.120   7.962
          13.900  -0.000   0.748   1.551   2.358   3.169   4.667   6.001   7.118   7.961
          14.000  -0.000   0.742   1.545   2.353   3.165   4.664   5.999   7.116   7.959
          14.100  -0.000   0.737   1.540   2.348   3.161   4.662   5.997   7.114   7.957
          14.200  -0.000   0.731   1.535   2.344   3.157   4.660   5.995   7.112   7.956
          14.300  -0.000   0.726   1.530   2.339   3.153   4.658   5.993   7.109   7.954
          14.400  -0.000   0.721   1.524   2.334   3.149   4.655   5.991   7.107   7.952
          14.500  -0.000   0.717   1.519   2.330   3.145   4.653   5.990   7.105   7.951
          14.600  -0.000   0.712   1.514   2.325   3.141   4.651   5.988   7.103   7.949
          14.700  -0.000   0.709   1.509   2.321   3.137   4.649   5.986   7.100   7.947
          14.800  -0.000   0.706   1.504   2.316   3.133   4.647   5.984   7.098   7.946
          14.900  -0.000   0.704   1.499   2.311   3.129   4.645   5.982   7.096   7.944
          15.000  -0.000   0.704   1.494   2.307   3.125   4.643   5.980   7.094   7.942
          15.100  -0.000   0.704   1.489   2.303   3.122   4.641   5.978   7.091   7.941
          15.200  -0.000   0.705   1.484   2.298   3.118   4.639   5.977   7.089   7.939
          15.300  -0.000   0.705   1.480   2.294   3.114   4.637   5.975   7.087   7.937
          15.400  -0.000   0.706   1.475   2.289   3.111   4.635   5.973   7.085   7.936
          15.500  -0.000   0.707   1.471   2.285   3.107   4.633   5.971   7.082   7.934
          15.600  -0.000   0.708   1.467   2.281   3.103   4.631   5.969   7.080   7.932
          15.700  -0.000   0.709   1.462   2.277   3.100   4.629   5.967   7.078   7.931
          15.800  -0.000   0.709   1.458   2.273   3.096   4.628   5.966   7.075   7.929
          15.900  -0.000   0.710   1.455   2.269   3.093   4.626   5.964   7.073   7.927
          16.000  -0.000   0.711   1.451   2.265   3.089   4.624   5.962   7.071   7.926
          16.100  -0.000   0.712   1.447   2.261   3.086   4.622   5.960   7.069   7.924
          16.200  -0.000   0.713   1.444   2.257   3.082   4.621   5.959   7.066   7.922
          16.300  -0.000   0.714   1.442   2.253   3.079   4.619   5.957   7.064   7.921
          16.400  -0.000   0.715   1.439   2.249   3.076   4.618   5.955   7.062   7.919
          16.500  -0.000   0.716   1.437   2.246   3.073   4.616   5.953   7.059   7.918
          16.600  -0.000   0.716   1.436   2.242   3.069   4.615   5.951   7.057   7.916
          16.700  -0.000   0.717   1.435   2.238   3.066   4.613   5.950   7.055   7.914
          16.800  -0.000   0.718   1.435   2.235   3.063   4.612   5.948   7.053   7.913
          16.900  -0.000   0.719   1.436   2.232   3.060   4.610   5.946   7.050   7.911
          17.000  -0.000   0.720   1.437   2.229   3.057   4.609   5.945   7.048   7.910
          17.100  -0.000   0.721   1.439   2.225   3.054   4.607   5.943   7.046   7.908
          17.200  -0.000   0.722   1.441   2.222   3.051   4.606   5.941   7.043   7.907
          17.300  -0.000   0.723   1.443   2.220   3.049   4.605   5.940   7.041   7.905
          17.400  -0.000   0.724   1.445   2.217   3.046   4.603   5.938   7.039   7.904
          17.500  -0.000   0.725   1.447   2.214   3.043   4.602   5.936   7.037   7.902
          17.600  -0.000   0.726   1.449   2.212   3.041   4.601   5.935   7.034   7.901
          17.700  -0.000   0.727   1.451   2.210   3.038   4.599   5.933   7.032   7.899
          17.800  -0.000   0.728   1.453   2.208   3.036   4.598   5.931   7.030   7.897
          17.900  -0.000   0.729   1.455   2.206   3.033   4.597   5.929   7.028   7.896
          18.000  -0.000   0.730   1.457   2.204   3.031   4.596   5.928   7.026   7.894
          18.100  -0.000   0.731   1.459   2.203   3.029   4.595   5.926   7.023   7.893
          18.200  -0.000   0.732   1.461   2.202   3.027   4.594   5.925   7.021   7.891
          18.300  -0.000   0.733   1.463   2.201   3.025   4.593   5.923   7.019   7.890
          18.400  -0.000   0.734   1.465   2.201   3.023   4.591   5.921   7.017   7.889
          18.500  -0.000   0.735   1.467   2.201   3.021   4.590   5.920   7.015   7.887
          18.600  -0.000   0.736   1.469   2.201   3.019   4.589   5.918   7.013   7.885
          18.700  -0.000   0.737   1.472   2.203   3.017   4.588   5.916   7.011   7.884
          18.800  -0.000   0.738   1.474   2.204   3.016   4.587   5.915   7.009   7.882
          18.900  -0.000   0.740   1.476   2.207   3.014   4.586   5.913   7.007   7.881
          19.000  -0.000   0.741   1.478   2.210   3.013   4.585   5.911   7.005   7.879
          19.100  -0.000   0.742   1.481   2.213   3.012   4.584   5.910   7.003   7.878
          19.200  -0.000   0.743   1.483   2.216   3.011   4.584   5.908   7.001   7.876
          19.300  -0.000   0.744   1.485   2.220   3.010   4.583   5.907   6.999   7.875
          19.400  -0.000   0.745   1.487   2.223   3.009   4.582   5.905   6.997   7.873
          19.500  -0.000   0.746   1.490   2.226   3.008   4.581   5.903   6.995   7.872
          19.600  -0.000   0.748   1.492   2.230   3.008   4.580   5.902   6.993   7.870
          19.700  -0.000   0.749   1.494   2.234   3.008   4.579   5.900   6.991   7.869
          19.800  -0.000   0.750   1.497   2.237   3.008   4.579   5.899   6.989   7.867
          19.900  -0.000   0.751   1.499   2.241   3.008   4.578   5.897   6.987   7.866
          20.000  -0.000   0.752   1.502   2.244   3.008   4.577   5.895   6.985   7.864
          20.100  -0.000   0.754   1.504   2.248   3.009   4.576   5.894   6.984   7.864
          20.200  -0.000   0.755   1.507   2.252   3.010   4.576   5.892   6.982   7.863
          20.300  -0.000   0.756   1.509   2.255   3.011   4.575   5.891   6.980   7.861
          20.400  -0.000   0.757   1.512   2.259   3.012   4.574   5.889   6.978   7.860
          20.500  -0.000   0.759   1.514   2.263   3.014   4.574   5.888   6.976   7.859
          20.600  -0.000   0.760   1.517   2.267   3.016   4.573   5.886   6.974   7.857
          20.700  -0.000   0.761   1.519   2.271   3.019   4.573   5.885   6.973   7.856
          20.800  -0.000   0.762   1.522   2.275   3.022   4.572   5.883   6.971   7.855
          20.900  -0.000   0.764   1.524   2.279   3.026   4.571   5.882   6.969   7.854
          21.000  -0.000   0.765   1.527   2.282   3.030   4.571   5.880   6.967   7.853
          21.100  -0.000   0.767   1.530   2.286   3.035   4.571   5.879   6.965   7.851
          21.200  -0.000   0.768   1.532   2.290   3.040   4.570   5.877   6.964   7.850
          21.300  -0.000   0.769   1.535   2.295   3.045   4.570   5.876   6.962   7.849
          21.400  -0.000   0.770   1.538   2.299   3.050   4.569   5.874   6.960   7.848
          21.500  -0.000   0.772   1.541   2.303   3.056   4.569   5.873   6.960   7.847
          21.600  -0.000   0.773   1.543   2.307   3.061   4.569   5.871   6.958   7.846
          21.700  -0.000   0.775   1.546   2.311   3.068   4.568   5.869   6.956   7.845
          21.800  -0.000   0.776   1.549   2.316   3.073   4.568   5.868   6.955   7.843
          21.900  -0.000   0.777   1.552   2.320   3.079   4.568   5.866   6.953   7.842
          22.000  -0.000   0.779   1.555   2.324   3.084   4.568   5.865   6.952   7.841
          22.100  -0.000   0.780   1.558   2.328   3.090   4.568   5.863   6.950   7.840
          22.200  -0.000   0.782   1.560   2.333   3.096   4.567   5.862   6.949   7.839
          22.300  -0.000   0.783   1.563   2.337   3.101   4.567   5.861   6.947   7.838
          22.400  -0.000   0.785   1.566   2.341   3.107   4.568   5.860   6.946   7.837
          22.500  -0.000   0.786   1.569   2.346   3.113   4.568   5.858   6.945   7.836
          22.600  -0.000   0.788   1.572   2.350   3.119   4.568   5.857   6.943   7.835
          22.700  -0.000   0.789   1.575   2.355   3.123   4.568   5.855   6.942   7.834
          22.800  -0.000   0.791   1.578   2.359   3.129   4.569   5.854   6.941   7.833
          22.900  -0.000   0.792   1.581   2.364   3.136   4.569   5.852   6.939   7.832
          23.000  -0.000   0.794   1.584   2.368   3.142   4.569   5.851   6.938   7.832
          23.100  -0.000   0.795   1.587   2.373   3.147   4.570   5.849   6.937   7.831
          23.200  -0.000   0.797   1.591   2.378   3.153   4.570   5.848   6.936   7.830
          23.300  -0.000   0.798   1.594   2.382   3.159   4.571   5.847   6.935   7.829
          23.400  -0.000   0.800   1.597   2.387   3.164   4.572   5.846   6.934   7.828
          23.500  -0.000   0.801   1.600   2.392   3.169   4.573   5.845   6.933   7.827
          23.600  -0.000   0.803   1.603   2.397   3.174   4.574   5.843   6.932   7.827
          23.700  -0.000   0.805   1.606   2.401   3.179   4.578   5.842   6.931   7.826
          23.800  -0.000   0.806   1.610   2.406   3.184   4.578   5.841   6.930   7.825
          23.900  -0.000   0.808   1.613   2.411   3.188   4.579   5.841   6.929   7.824
          24.000  -0.000   0.810   1.615   2.416   3.192   4.581   5.840   6.928   7.824
          24.100  -0.000   0.811   1.620   2.421   3.196   4.584   5.839   6.927   7.823
          24.200  -0.000   0.813   1.623   2.426   3.200   4.586   5.840   6.927   7.822
          24.300  -0.000   0.815   1.625   2.431   3.204   4.588   5.839   6.926   7.822
          24.400  -0.000   0.816   1.630   2.436   3.207   4.591   5.838   6.926   7.821
          24.500  -0.000   0.818   1.633   2.441   3.211   4.594   5.838   6.925   7.821
          24.600  -0.000   0.820   1.636   2.446   3.212   4.597   5.838   6.924   7.820
          24.700  -0.000   0.822   1.640   2.451   3.218   4.600   5.838   6.924   7.820
          24.800  -0.000   0.823   1.643   2.455   3.221   4.603   5.838   6.923   7.819
          24.900  -0.000   0.824   1.647   2.460   3.225   4.606   5.838   6.923   7.819
          25.000  -0.000   0.827   1.649   2.465   3.228   4.609   5.838   6.922   7.819
          25.100  -0.000   0.829   1.654   2.469   3.229   4.611   5.838   6.922   7.818
          25.200  -0.000   0.830   1.657   2.474   3.234   4.614   5.838   6.921   7.818
          25.300  -0.000   0.832   1.661   2.478   3.237   4.617   5.839   6.921   7.818
          25.400  -0.000   0.834   1.664   2.482   3.240   4.619   5.840   6.921   7.817
          25.500  -0.000   0.836   1.668   2.485   3.242   4.622   5.841   6.921   7.817
          25.600  -0.000   0.837   1.672   2.488   3.245   4.624   5.842   6.921   7.817
          25.700  -0.000   0.839   1.675   2.491   3.248   4.626   5.843   6.921   7.817
          25.800  -0.000   0.841   1.679   2.494   3.250   4.626   5.844   6.921   7.817
          25.900  -0.000   0.843   1.682   2.496   3.252   4.631   5.846   6.921   7.817
          26.000  -0.000   0.845   1.686   2.499   3.254   4.633   5.848   6.922   7.817

        KN AS A FUNCTION OF DRAUGHT AND HEELING ANGLE
        INITIAL TRIM: -0.50 M                                        UNIT:     m
        ========================================================================

         INITIAL     HEELING ANGLE (DEGREES)
         DRAUGHT     0.0     5.0    10.0    15.0    20.0    30.0    40.0    50.0    60.0
           0.000   0.000  16.518  17.816  18.213  18.237  17.550  16.187  14.301  12.022
           0.100   0.000  16.207  17.622  18.075  18.115  17.471  16.137  14.276  12.024
           0.200  -0.000  15.460  17.124  17.691  17.812  17.292  16.063  14.301  12.152
           0.300  -0.000  14.532  16.506  17.213  17.435  17.073  15.981  14.352  12.341
           0.400  -0.000  13.642  15.912  16.761  17.080  16.868  15.908  14.406  12.528
           0.500  -0.001  12.836  15.367  16.346  16.755  16.682  15.842  14.459  12.703
           0.600  -0.001  12.107  14.866  15.963  16.456  16.514  15.783  14.507  12.865
           0.700  -0.001  11.449  14.404  15.608  16.180  16.357  15.730  14.553  13.016
           0.800  -0.001  10.853  13.973  15.277  15.923  16.211  15.682  14.597  13.157
           0.900  -0.001  10.308  13.564  14.967  15.681  16.074  15.637  14.639  13.289
           1.000  -0.001   9.803  13.168  14.675  15.452  15.945  15.594  14.680  13.404
           1.100  -0.001   9.332  12.796  14.398  15.234  15.823  15.553  14.720  13.499
           1.200  -0.001   8.891  12.448  14.135  15.027  15.706  15.514  14.758  13.574
           1.300  -0.001   8.476  12.121  13.883  14.829  15.595  15.477  14.793  13.630
           1.400  -0.001   8.084  11.813  13.643  14.640  15.488  15.442  14.825  13.672
           1.500  -0.001   7.711  11.520  13.408  14.458  15.386  15.408  14.850  13.701
           1.600  -0.001   7.354  11.243  13.177  14.283  15.287  15.376  14.867  13.720
           1.700  -0.001   7.014  10.978  12.954  14.114  15.191  15.345  14.876  13.730
           1.800  -0.001   6.690  10.725  12.741  13.951  15.098  15.314  14.876  13.734
           1.900  -0.001   6.390  10.482  12.537  13.794  15.008  15.285  14.870  13.732
           2.000  -0.001   6.115  10.248  12.341  13.641  14.921  15.257  14.856  13.726
           2.100  -0.001   5.864  10.022  12.154  13.492  14.837  15.228  14.837  13.716
           2.200  -0.001   5.634   9.804  11.973  13.344  14.754  15.197  14.813  13.702
           2.300  -0.001   5.423   9.594  11.798  13.198  14.674  15.164  14.785  13.687
           2.400  -0.001   5.229   9.390  11.630  13.056  14.596  15.128  14.752  13.669
           2.500  -0.001   5.049   9.193  11.467  12.918  14.520  15.089  14.717  13.650
           2.600  -0.001   4.882   9.002  11.309  12.784  14.446  15.047  14.677  13.631
           2.700  -0.001   4.728   8.815  11.156  12.655  14.374  15.002  14.635  13.610
           2.800  -0.001   4.584   8.633  11.007  12.530  14.303  14.953  14.590  13.590
           2.900  -0.001   4.449   8.455  10.862  12.409  14.235  14.902  14.544  13.569
           3.000  -0.001   4.322   8.281  10.721  12.292  14.167  14.848  14.495  13.548
           3.100  -0.001   4.204   8.111  10.583  12.178  14.101  14.791  14.445  13.526
           3.200  -0.001   4.093   7.944  10.449  12.067  14.036  14.731  14.394  13.505
           3.300  -0.001   3.989   7.782  10.318  11.960  13.973  14.669  14.342  13.483
           3.400  -0.001   3.891   7.623  10.190  11.855  13.910  14.605  14.289  13.462
           3.500  -0.001   3.797   7.468  10.064  11.754  13.847  14.538  14.235  13.441
           3.600  -0.001   3.709   7.315   9.942  11.654  13.783  14.469  14.180  13.419
           3.700  -0.001   3.625   7.168   9.822  11.557  13.718  14.399  14.125  13.398
           3.800  -0.001   3.546   7.026   9.705  11.461  13.651  14.327  14.069  13.377
           3.900  -0.001   3.471   6.891   9.590  11.368  13.582  14.254  14.013  13.356
           4.000  -0.001   3.401   6.761   9.478  11.277  13.511  14.179  13.957  13.335
           4.100  -0.001   3.334   6.637   9.368  11.188  13.438  14.104  13.900  13.314
           4.200  -0.001   3.270   6.519   9.259  11.100  13.363  14.028  13.843  13.292
           4.300  -0.001   3.210   6.406   9.153  11.014  13.287  13.952  13.786  13.269
           4.400  -0.001   3.153   6.297   9.048  10.929  13.209  13.876  13.728  13.246
           4.500  -0.001   3.098   6.193   8.945  10.846  13.129  13.799  13.670  13.222
           4.600  -0.001   3.046   6.093   8.843  10.765  13.049  13.722  13.612  13.198
           4.700  -0.001   2.996   5.997   8.743  10.684  12.967  13.645  13.554  13.172
           4.800  -0.001   2.950   5.905   8.645  10.605  12.884  13.567  13.497  13.144
           4.900  -0.001   2.905   5.817   8.548  10.528  12.800  13.489  13.441  13.116
           5.000  -0.001   2.863   5.732   8.452  10.451  12.716  13.410  13.384  13.088
           5.100  -0.001   2.822   5.650   8.357  10.376  12.630  13.329  13.328  13.059
           5.200  -0.001   2.782   5.572   8.263  10.301  12.543  13.247  13.271  13.030
           5.300  -0.001   2.745   5.497   8.171  10.228  12.456  13.164  13.215  13.000
           5.400  -0.001   2.709   5.425   8.079  10.156  12.368  13.081  13.158  12.970
           5.500  -0.001   2.674   5.355   7.989  10.085  12.279  12.998  13.101  12.940
           5.600  -0.001   2.641   5.289   7.900  10.014  12.190  12.915  13.044  12.908
           5.700  -0.001   2.608   5.225   7.812   9.944  12.100  12.831  12.987  12.877
           5.800  -0.001   2.578   5.163   7.727   9.873  12.009  12.748  12.930  12.844
           5.900  -0.001   2.548   5.104   7.644   9.801  11.918  12.665  12.871  12.810
           6.000  -0.001   2.519   5.047   7.564   9.728  11.826  12.582  12.812  12.774
           6.100  -0.001   2.492   4.992   7.486   9.653  11.734  12.500  12.751  12.735
           6.200  -0.000   2.465   4.939   7.411   9.577  11.642  12.417  12.691  12.694
           6.300  -0.000   2.440   4.888   7.337   9.498  11.549  12.334  12.630  12.652
           6.400  -0.000   2.416   4.839   7.266   9.417  11.455  12.252  12.569  12.607
           6.500  -0.000   2.392   4.792   7.198   9.335  11.362  12.169  12.509  12.558
           6.600  -0.000   2.369   4.747   7.132   9.251  11.267  12.087  12.450  12.507
           6.700  -0.000   2.347   4.703   7.068   9.165  11.172  12.005  12.390  12.453
           6.800  -0.000   2.326   4.660   7.006   9.078  11.077  11.923  12.331  12.397
           6.900  -0.000   2.305   4.619   6.946   8.990  10.982  11.840  12.271  12.339
           7.000  -0.000   2.286   4.580   6.887   8.901  10.885  11.758  12.212  12.282
           7.100  -0.000   2.267   4.541   6.831   8.811  10.789  11.676  12.152  12.222
           7.200  -0.000   2.248   4.504   6.776   8.719  10.692  11.593  12.092  12.162
           7.300  -0.000   2.230   4.469   6.722   8.626  10.595  11.510  12.033  12.100
           7.400  -0.000   2.213   4.435   6.671   8.533  10.497  11.427  11.973  12.037
           7.500  -0.000   2.196   4.401   6.620   8.439  10.399  11.343  11.912  11.974
           7.600  -0.000   2.180   4.369   6.568   8.344  10.300  11.260  11.851  11.911
           7.700  -0.000   2.165   4.338   6.515   8.249  10.201  11.176  11.788  11.848
           7.800  -0.000   2.150   4.308   6.462   8.154  10.101  11.092  11.724  11.784
           7.900  -0.000   2.135   4.279   6.407   8.059  10.001  11.008  11.658  11.720
           8.000  -0.000   2.121   4.251   6.351   7.964   9.899  10.923  11.591  11.655
           8.100  -0.000   2.107   4.224   6.294   7.869   9.798  10.838  11.522  11.588
           8.200  -0.000   2.094   4.197   6.236   7.773   9.695  10.753  11.451  11.521
           8.300  -0.000   2.081   4.172   6.177   7.678   9.593  10.668  11.378  11.454
           8.400  -0.000   2.069   4.147   6.118   7.582   9.490  10.581  11.303  11.386
           8.500  -0.000   2.057   4.123   6.057   7.487   9.386  10.494  11.226  11.317
           8.600  -0.000   2.046   4.100   5.995   7.391   9.282  10.407  11.147  11.248
           8.700  -0.000   2.035   4.077   5.933   7.296   9.178  10.319  11.067  11.178
           8.800  -0.000   2.024   4.054   5.869   7.201   9.072  10.232  10.984  11.108
           8.900  -0.000   2.013   4.032   5.805   7.105   8.966  10.144  10.899  11.037
           9.000  -0.000   2.003   4.011   5.739   7.010   8.859  10.055  10.814  10.966
           9.100  -0.000   1.994   3.990   5.673   6.915   8.752   9.967  10.729  10.894
           9.200  -0.000   1.984   3.969   5.606   6.819   8.644   9.878  10.643  10.822
           9.300  -0.000   1.975   3.949   5.538   6.724   8.536   9.788  10.556  10.749
           9.400  -0.000   1.966   3.926   5.468   6.628   8.427   9.698  10.469  10.676
           9.500  -0.000   1.957   3.902   5.398   6.533   8.317   9.607  10.380  10.602
           9.600  -0.000   1.949   3.874   5.327   6.437   8.207   9.515  10.291  10.527
           9.700  -0.000   1.940   3.844   5.255   6.342   8.096   9.421  10.200  10.451
           9.800  -0.000   1.932   3.812   5.181   6.246   7.985   9.325  10.110  10.375
           9.900  -0.000   1.924   3.777   5.107   6.151   7.873   9.229  10.018  10.299
          10.000  -0.000   1.916   3.739   5.032   6.055   7.762   9.130   9.926  10.222
          10.100  -0.000   1.908   3.700   4.956   5.959   7.651   9.030   9.833  10.144
          10.200  -0.000   1.900   3.658   4.879   5.863   7.540   8.929   9.740  10.066
          10.300  -0.000   1.892   3.613   4.801   5.767   7.430   8.826   9.646   9.988
          10.400  -0.000   1.885   3.566   4.722   5.671   7.321   8.721   9.552   9.909
          10.500  -0.000   1.877   3.517   4.643   5.575   7.212   8.614   9.457   9.830
          10.600  -0.000   1.869   3.466   4.562   5.479   7.103   8.506   9.362   9.751
          10.700  -0.000   1.862   3.412   4.481   5.383   6.995   8.398   9.267   9.671
          10.800  -0.000   1.854   3.356   4.398   5.287   6.889   8.289   9.171   9.591
          10.900  -0.000   1.847   3.298   4.315   5.190   6.782   8.180   9.074   9.510
          11.000  -0.000   1.839   3.237   4.231   5.094   6.677   8.070   8.977   9.429
          11.100  -0.000   1.831   3.175   4.145   4.997   6.573   7.961   8.880   9.348
          11.200  -0.000   1.820   3.110   4.059   4.901   6.469   7.851   8.782   9.266
          11.300  -0.000   1.805   3.042   3.972   4.804   6.366   7.741   8.683   9.184
          11.400  -0.000   1.786   2.973   3.883   4.707   6.265   7.631   8.585   9.103
          11.500  -0.000   1.762   2.901   3.794   4.610   6.164   7.521   8.486   9.022
          11.600  -0.000   1.733   2.827   3.704   4.513   6.064   7.412   8.386   8.943
          11.700  -0.000   1.698   2.751   3.613   4.415   5.965   7.302   8.287   8.863
          11.800  -0.000   1.659   2.673   3.521   4.318   5.867   7.193   8.189   8.786
          11.900  -0.000   1.614   2.592   3.428   4.221   5.769   7.086   8.092   8.709
          12.000  -0.000   1.564   2.509   3.334   4.124   5.670   6.979   7.995   8.634
          12.100  -0.000   1.509   2.424   3.240   4.026   5.570   6.872   7.900   8.560
          12.200  -0.000   1.449   2.336   3.144   3.928   5.468   6.766   7.805   8.487
          12.300  -0.000   1.383   2.246   3.047   3.830   5.365   6.662   7.711   8.415
          12.400  -0.000   1.311   2.153   2.949   3.732   5.258   6.558   7.619   8.344
          12.500  -0.000   1.233   2.057   2.849   3.634   5.151   6.455   7.527   8.274
          12.600  -0.000   1.148   1.958   2.749   3.535   5.043   6.352   7.434   8.206
          12.700  -0.000   1.056   1.856   2.646   3.436   4.934   6.249   7.341   8.139
          12.800  -0.000   0.958   1.753   2.545   3.340   4.827   6.147   7.250   8.072
          12.900  -0.000   0.879   1.674   2.471   3.270   4.753   6.077   7.189   8.022
          13.000  -0.000   0.827   1.625   2.425   3.228   4.713   6.041   7.157   7.994
          13.100  -0.000   0.799   1.598   2.401   3.207   4.697   6.027   7.144   7.983
          13.200  -0.000   0.787   1.588   2.392   3.199   4.693   6.024   7.140   7.980
          13.300  -0.000   0.781   1.583   2.387   3.195   4.690   6.022   7.137   7.978
          13.400  -0.000   0.775   1.577   2.382   3.191   4.688   6.020   7.135   7.976
          13.500  -0.000   0.769   1.572   2.377   3.186   4.685   6.018   7.133   7.975
          13.600  -0.000   0.763   1.566   2.372   3.182   4.683   6.016   7.131   7.973
          13.700  -0.000   0.758   1.561   2.368   3.178   4.681   6.014   7.129   7.971
          13.800  -0.000   0.752   1.555   2.363   3.174   4.678   6.012   7.126   7.970
          13.900  -0.000   0.746   1.550   2.358   3.170   4.676   6.010   7.124   7.968
          14.000  -0.000   0.740   1.545   2.353   3.166   4.674   6.008   7.122   7.966
          14.100  -0.000   0.735   1.540   2.349   3.162   4.671   6.006   7.120   7.965
          14.200  -0.000   0.730   1.534   2.344   3.158   4.669   6.005   7.117   7.963
          14.300  -0.000   0.724   1.529   2.339   3.154   4.667   6.003   7.115   7.961
          14.400  -0.000   0.719   1.524   2.335   3.150   4.665   6.001   7.113   7.959
          14.500  -0.000   0.715   1.519   2.330   3.146   4.663   5.999   7.111   7.958
          14.600  -0.000   0.711   1.514   2.326   3.142   4.661   5.997   7.108   7.956
          14.700  -0.000   0.707   1.509   2.321   3.139   4.659   5.995   7.106   7.954
          14.800  -0.000   0.705   1.504   2.317   3.135   4.656   5.993   7.104   7.953
          14.900  -0.000   0.704   1.499   2.312   3.131   4.654   5.991   7.102   7.951
          15.000  -0.000   0.704   1.494   2.308   3.127   4.653   5.990   7.099   7.949
          15.100  -0.000   0.705   1.489   2.303   3.123   4.651   5.988   7.097   7.948
          15.200  -0.000   0.706   1.484   2.299   3.120   4.649   5.986   7.095   7.946
          15.300  -0.000   0.707   1.480   2.295   3.116   4.647   5.984   7.092   7.944
          15.400  -0.000   0.707   1.475   2.290   3.112   4.645   5.982   7.090   7.943
          15.500  -0.000   0.708   1.471   2.286   3.109   4.643   5.980   7.088   7.941
          15.600  -0.000   0.709   1.467   2.282   3.105   4.641   5.979   7.085   7.939
          15.700  -0.000   0.710   1.463   2.278   3.102   4.640   5.977   7.083   7.938
          15.800  -0.000   0.711   1.459   2.274   3.098   4.638   5.975   7.081   7.936
          15.900  -0.000   0.712   1.455   2.270   3.095   4.636   5.973   7.079   7.934
          16.000  -0.000   0.712   1.452   2.266   3.091   4.635   5.971   7.076   7.933
          16.100  -0.000   0.713   1.448   2.262   3.088   4.633   5.970   7.074   7.931
          16.200  -0.000   0.714   1.445   2.258   3.085   4.632   5.968   7.072   7.930
          16.300  -0.000   0.715   1.443   2.254   3.082   4.630   5.966   7.069   7.928
          16.400  -0.000   0.716   1.440   2.251   3.078   4.628   5.964   7.067   7.926
          16.500  -0.000   0.717   1.438   2.247   3.075   4.627   5.963   7.065   7.925
          16.600  -0.000   0.718   1.437   2.244   3.072   4.625   5.961   7.062   7.923
          16.700  -0.000   0.719   1.437   2.240   3.069   4.624   5.959   7.060   7.922
          16.800  -0.000   0.720   1.437   2.237   3.066   4.623   5.957   7.058   7.920
          16.900  -0.000   0.721   1.438   2.234   3.063   4.621   5.956   7.056   7.919
          17.000  -0.000   0.722   1.440   2.231   3.060   4.620   5.954   7.053   7.917
          17.100  -0.000   0.723   1.442   2.228   3.057   4.619   5.952   7.051   7.915
          17.200  -0.000   0.724   1.444   2.225   3.055   4.617   5.951   7.049   7.914
          17.300  -0.000   0.724   1.446   2.222   3.052   4.616   5.949   7.046   7.912
          17.400  -0.000   0.725   1.448   2.220   3.049   4.615   5.947   7.044   7.911
          17.500  -0.000   0.726   1.450   2.217   3.047   4.613   5.946   7.042   7.909
          17.600  -0.000   0.727   1.452   2.215   3.044   4.612   5.944   7.040   7.908
          17.700  -0.000   0.728   1.454   2.213   3.042   4.611   5.942   7.037   7.906
          17.800  -0.000   0.729   1.456   2.211   3.039   4.610   5.940   7.035   7.905
          17.900  -0.000   0.731   1.458   2.209   3.037   4.609   5.939   7.033   7.903
          18.000  -0.000   0.732   1.460   2.208   3.035   4.608   5.937   7.031   7.902
          18.100  -0.000   0.733   1.462   2.206   3.033   4.606   5.935   7.029   7.900
          18.200  -0.000   0.734   1.464   2.205   3.031   4.605   5.934   7.027   7.899
          18.300  -0.000   0.735   1.466   2.205   3.029   4.604   5.932   7.024   7.897
          18.400  -0.000   0.736   1.468   2.204   3.027   4.603   5.931   7.022   7.895
          18.500  -0.000   0.737   1.471   2.205   3.025   4.602   5.929   7.020   7.894
          18.600  -0.000   0.738   1.473   2.205   3.024   4.601   5.927   7.018   7.892
          18.700  -0.000   0.739   1.475   2.207   3.022   4.600   5.926   7.016   7.891
          18.800  -0.000   0.740   1.477   2.209   3.021   4.599   5.924   7.014   7.889
          18.900  -0.000   0.741   1.479   2.211   3.019   4.598   5.922   7.012   7.887
          19.000  -0.000   0.742   1.482   2.214   3.018   4.598   5.921   7.010   7.886
          19.100  -0.000   0.744   1.484   2.218   3.017   4.597   5.919   7.008   7.884
          19.200  -0.000   0.745   1.486   2.221   3.016   4.596   5.917   7.006   7.883
          19.300  -0.000   0.746   1.489   2.225   3.015   4.595   5.916   7.004   7.881
          19.400  -0.000   0.747   1.491   2.228   3.015   4.594   5.914   7.002   7.880
          19.500  -0.000   0.748   1.493   2.232   3.014   4.593   5.913   7.000   7.878
          19.600  -0.000   0.749   1.496   2.235   3.014   4.593   5.911   6.998   7.877
          19.700  -0.000   0.751   1.498   2.239   3.014   4.592   5.909   6.996   7.875
          19.800  -0.000   0.752   1.501   2.243   3.014   4.591   5.908   6.995   7.875
          19.900  -0.000   0.753   1.503   2.246   3.014   4.590   5.906   6.993   7.874
          20.000  -0.000   0.754   1.505   2.250   3.015   4.590   5.905   6.991   7.872
          20.100  -0.000   0.756   1.508   2.254   3.015   4.589   5.903   6.989   7.871
          20.200  -0.000   0.757   1.510   2.258   3.016   4.588   5.902   6.987   7.869
          20.300  -0.000   0.758   1.513   2.261   3.018   4.588   5.900   6.985   7.868
          20.400  -0.000   0.759   1.515   2.265   3.019   4.587   5.898   6.983   7.867
          20.500  -0.000   0.761   1.518   2.269   3.021   4.586   5.897   6.981   7.865
          20.600  -0.000   0.762   1.521   2.273   3.023   4.586   5.895   6.979   7.864
          20.700  -0.000   0.763   1.523   2.277   3.026   4.585   5.894   6.978   7.863
          20.800  -0.000   0.765   1.526   2.281   3.029   4.585   5.892   6.976   7.862
          20.900  -0.000   0.766   1.529   2.285   3.033   4.584   5.891   6.974   7.860
          21.000  -0.000   0.767   1.532   2.289   3.038   4.584   5.889   6.972   7.859
          21.100  -0.000   0.769   1.534   2.293   3.043   4.583   5.887   6.970   7.858
          21.200  -0.000   0.770   1.537   2.297   3.048   4.583   5.886   6.970   7.857
          21.300  -0.000   0.771   1.540   2.301   3.053   4.583   5.884   6.968   7.856
          21.400  -0.000   0.773   1.542   2.306   3.059   4.582   5.883   6.967   7.854
          21.500  -0.000   0.774   1.545   2.310   3.065   4.582   5.881   6.965   7.853
          21.600  -0.000   0.775   1.548   2.314   3.071   4.582   5.879   6.963   7.852
          21.700  -0.000   0.777   1.551   2.317   3.076   4.581   5.878   6.962   7.851
          21.800  -0.000   0.778   1.553   2.322   3.082   4.581   5.876   6.960   7.850
          21.900  -0.000   0.780   1.556   2.326   3.088   4.581   5.875   6.959   7.849
          22.000  -0.000   0.781   1.559   2.331   3.093   4.581   5.874   6.957   7.848
          22.100  -0.000   0.783   1.562   2.335   3.099   4.581   5.872   6.956   7.847
          22.200  -0.000   0.784   1.564   2.339   3.104   4.581   5.871   6.954   7.846
          22.300  -0.000   0.786   1.568   2.344   3.110   4.581   5.869   6.953   7.844
          22.400  -0.000   0.787   1.571   2.348   3.116   4.581   5.868   6.951   7.843
          22.500  -0.000   0.789   1.574   2.353   3.122   4.581   5.866   6.950   7.842
          22.600  -0.000   0.790   1.578   2.357   3.128   4.581   5.864   6.949   7.841
          22.700  -0.000   0.792   1.580   2.362   3.134   4.581   5.863   6.947   7.840
          22.800  -0.000   0.793   1.583   2.366   3.140   4.581   5.862   6.946   7.839
          22.900  -0.000   0.795   1.586   2.371   3.146   4.581   5.860   6.945   7.838
          23.000  -0.000   0.796   1.589   2.376   3.152   4.582   5.859   6.944   7.837
          23.100  -0.000   0.798   1.592   2.380   3.158   4.582   5.857   6.942   7.837
          23.200  -0.000   0.799   1.596   2.385   3.164   4.583   5.856   6.941   7.836
          23.300  -0.000   0.801   1.599   2.390   3.170   4.583   5.855   6.940   7.835
          23.400  -0.000   0.803   1.602   2.395   3.175   4.586   5.853   6.939   7.834
          23.500  -0.000   0.804   1.605   2.399   3.181   4.585   5.852   6.938   7.833
          23.600  -0.000   0.806   1.608   2.404   3.186   4.586   5.851   6.937   7.832
          23.700  -0.000   0.807   1.612   2.409   3.191   4.588   5.850   6.936   7.831
          23.800  -0.000   0.809   1.615   2.414   3.196   4.589   5.849   6.935   7.831
          23.900  -0.000   0.811   1.618   2.419   3.201   4.591   5.849   6.934   7.830
          24.000  -0.000   0.812   1.622   2.422   3.205   4.593   5.849   6.934   7.829
          24.100  -0.000   0.814   1.625   2.429   3.210   4.593   5.848   6.933   7.829
          24.200  -0.000   0.816   1.628   2.434   3.214   4.598   5.847   6.932   7.828
          24.300  -0.000   0.817   1.632   2.439   3.217   4.600   5.847   6.931   7.827
          24.400  -0.000   0.819   1.635   2.444   3.221   4.603   5.846   6.931   7.827
          24.500  -0.000   0.821   1.638   2.449   3.224   4.606   5.846   6.930   7.826
          24.600  -0.000   0.823   1.642   2.454   3.228   4.609   5.845   6.929   7.825
          24.700  -0.000   0.824   1.645   2.459   3.231   4.611   5.845   6.929   7.825
          24.800  -0.000   0.826   1.649   2.464   3.234   4.614   5.845   6.928   7.825
          24.900  -0.000   0.828   1.652   2.470   3.237   4.617   5.845   6.927   7.824
          25.000  -0.000   0.830   1.656   2.474   3.240   4.620   5.845   6.927   7.824
          25.100  -0.000   0.831   1.659   2.479   3.243   4.622   5.846   6.927   7.823
          25.200  -0.000   0.833   1.663   2.484   3.246   4.622   5.846   6.926   7.823
          25.300  -0.000   0.835   1.667   2.488   3.249   4.627   5.847   6.926   7.823
          25.400  -0.000   0.837   1.670   2.492   3.252   4.629   5.847   6.926   7.822
          25.500  -0.000   0.839   1.674   2.496   3.254   4.632   5.848   6.926   7.822
          25.600  -0.000   0.840   1.677   2.500   3.256   4.634   5.849   6.926   7.822
          25.700  -0.000   0.842   1.681   2.503   3.259   4.636   5.851   6.926   7.822
          25.800  -0.000   0.844   1.685   2.506   3.261   4.638   5.852   6.926   7.822
          25.900  -0.000   0.846   1.689   2.508   3.263   4.640   5.854   6.926   7.822
          26.000  -0.000   0.848   1.692   2.511   3.265   4.642   5.856   6.926   7.823


        KN AS A FUNCTION OF DRAUGHT AND HEELING ANGLE
        INITIAL TRIM:  0.00 M                                        UNIT:     m
        ========================================================================

         INITIAL     HEELING ANGLE (DEGREES)
         DRAUGHT     0.0     5.0    10.0    15.0    20.0    30.0    40.0    50.0    60.0
           0.000   0.000   0.000  -0.000  -0.000  -0.000  -0.000   0.000  -0.000  -0.000
           0.100  -0.001  16.657  17.887  18.248  18.230  17.497  16.083  14.146  11.818
           0.200  -0.001  15.337  16.999  17.572  17.698  17.192  15.979  14.235  12.109
           0.300  -0.001  14.295  16.285  17.027  17.274  16.949  15.895  14.307  12.342
           0.400  -0.001  13.411  15.673  16.558  16.908  16.743  15.823  14.369  12.544
           0.500  -0.001  12.637  15.132  16.142  16.583  16.560  15.761  14.424  12.723
           0.600  -0.001  11.921  14.641  15.766  16.288  16.394  15.706  14.474  12.885
           0.700  -0.001  11.282  14.189  15.420  16.016  16.241  15.657  14.522  13.035
           0.800  -0.001  10.704  13.771  15.099  15.765  16.098  15.610  14.567  13.173
           0.900  -0.001  10.176  13.382  14.797  15.529  15.964  15.566  14.611  13.291
           1.000  -0.001   9.687  13.018  14.512  15.306  15.837  15.525  14.652  13.389
           1.100  -0.001   9.231  12.668  14.241  15.095  15.717  15.485  14.691  13.469
           1.200  -0.001   8.802  12.329  13.985  14.894  15.604  15.448  14.728  13.533
           1.300  -0.001   8.398  12.010  13.741  14.701  15.495  15.411  14.760  13.581
           1.400  -0.001   8.015  11.709  13.508  14.515  15.391  15.377  14.785  13.618
           1.500  -0.001   7.650  11.423  13.286  14.337  15.291  15.344  14.803  13.644
           1.600  -0.001   7.302  11.151  13.072  14.166  15.194  15.312  14.813  13.662
           1.700  -0.001   6.968  10.892  12.861  14.001  15.101  15.281  14.817  13.674
           1.800  -0.001   6.649  10.644  12.654  13.843  15.011  15.252  14.813  13.679
           1.900  -0.001   6.352  10.407  12.454  13.689  14.923  15.223  14.803  13.680
           2.000  -0.001   6.081  10.177  12.262  13.541  14.838  15.194  14.787  13.677
           2.100  -0.001   5.833   9.956  12.077  13.398  14.754  15.163  14.767  13.671
           2.200  -0.001   5.605   9.742  11.900  13.259  14.674  15.130  14.742  13.662
           2.300  -0.001   5.395   9.535  11.729  13.122  14.595  15.095  14.714  13.651
           2.400  -0.001   5.202   9.334  11.563  12.986  14.518  15.057  14.683  13.638
           2.500  -0.001   5.025   9.140  11.402  12.852  14.443  15.016  14.648  13.622
           2.600  -0.001   4.860   8.951  11.246  12.721  14.370  14.972  14.611  13.606
           2.700  -0.001   4.706   8.767  11.095  12.594  14.299  14.926  14.572  13.588
           2.800  -0.001   4.563   8.588  10.949  12.470  14.230  14.877  14.530  13.570
           2.900  -0.001   4.430   8.413  10.806  12.350  14.163  14.825  14.486  13.552
           3.000  -0.001   4.305   8.243  10.668  12.235  14.098  14.772  14.440  13.533
           3.100  -0.001   4.188   8.076  10.532  12.123  14.034  14.716  14.393  13.514
           3.200  -0.001   4.078   7.912  10.400  12.013  13.971  14.658  14.344  13.495
           3.300  -0.001   3.974   7.752  10.271  11.907  13.909  14.598  14.295  13.476
           3.400  -0.001   3.877   7.595  10.145  11.804  13.847  14.536  14.244  13.456
           3.500  -0.001   3.785   7.442  10.022  11.704  13.784  14.472  14.192  13.437
           3.600  -0.001   3.699   7.292   9.901  11.606  13.722  14.407  14.140  13.417
           3.700  -0.001   3.617   7.146   9.783  11.510  13.658  14.339  14.087  13.398
           3.800  -0.001   3.538   7.005   9.668  11.416  13.593  14.271  14.034  13.379
           3.900  -0.001   3.464   6.871   9.554  11.324  13.525  14.201  13.980  13.359
           4.000  -0.001   3.393   6.742   9.443  11.234  13.456  14.129  13.925  13.338
           4.100  -0.001   3.326   6.619   9.334  11.146  13.385  14.056  13.870  13.317
           4.200  -0.001   3.263   6.501   9.226  11.059  13.312  13.983  13.815  13.295
           4.300  -0.001   3.203   6.388   9.121  10.974  13.238  13.908  13.760  13.273
           4.400  -0.001   3.146   6.281   9.017  10.890  13.162  13.833  13.704  13.250
           4.500  -0.001   3.092   6.178   8.915  10.808  13.084  13.758  13.648  13.227
           4.600  -0.001   3.040   6.078   8.814  10.727  13.005  13.683  13.592  13.202
           4.700  -0.001   2.990   5.983   8.715  10.647  12.925  13.608  13.535  13.177
           4.800  -0.001   2.943   5.891   8.617  10.569  12.844  13.532  13.479  13.151
           4.900  -0.001   2.898   5.803   8.521  10.491  12.761  13.456  13.424  13.124
           5.000  -0.001   2.855   5.718   8.425  10.415  12.678  13.379  13.369  13.095
           5.100  -0.001   2.814   5.637   8.331  10.340  12.593  13.301  13.314  13.066
           5.200  -0.001   2.775   5.559   8.238  10.266  12.508  13.222  13.260  13.036
           5.300  -0.001   2.738   5.484   8.147  10.194  12.422  13.142  13.205  13.007
           5.400  -0.001   2.702   5.412   8.056  10.122  12.336  13.062  13.150  12.977
           5.500  -0.001   2.667   5.342   7.967  10.051  12.248  12.980  13.095  12.946
           5.600  -0.001   2.634   5.275   7.878   9.980  12.160  12.899  13.040  12.915
           5.700  -0.001   2.602   5.210   7.791   9.910  12.072  12.817  12.985  12.885
           5.800  -0.001   2.571   5.149   7.707   9.839  11.982  12.735  12.930  12.853
           5.900  -0.001   2.541   5.090   7.624   9.768  11.893  12.654  12.874  12.821
           6.000  -0.001   2.512   5.033   7.544   9.695  11.803  12.573  12.818  12.786
           6.100  -0.001   2.485   4.979   7.467   9.622  11.712  12.492  12.761  12.750
           6.200  -0.001   2.459   4.926   7.391   9.547  11.621  12.411  12.703  12.712
           6.300  -0.000   2.433   4.875   7.318   9.470  11.530  12.330  12.644  12.672
           6.400  -0.000   2.409   4.826   7.248   9.391  11.439  12.249  12.585  12.630
           6.500  -0.000   2.385   4.779   7.179   9.311  11.347  12.168  12.526  12.586
           6.600  -0.000   2.363   4.734   7.113   9.229  11.254  12.087  12.468  12.538
           6.700  -0.000   2.341   4.690   7.048   9.146  11.161  12.007  12.409  12.488
           6.800  -0.000   2.319   4.648   6.986   9.060  11.068  11.926  12.350  12.436
           6.900  -0.000   2.299   4.607   6.927   8.974  10.974  11.846  12.292  12.381
           7.000  -0.000   2.279   4.567   6.869   8.886  10.880  11.765  12.233  12.325
           7.100  -0.000   2.260   4.529   6.813   8.797  10.785  11.684  12.175  12.268
           7.200  -0.000   2.242   4.493   6.758   8.707  10.690  11.603  12.116  12.209
           7.300  -0.000   2.224   4.457   6.705   8.616  10.595  11.522  12.057  12.149
           7.400  -0.000   2.207   4.423   6.654   8.524  10.499  11.441  11.998  12.088
           7.500  -0.000   2.190   4.389   6.603   8.431  10.402  11.359  11.939  12.026
           7.600  -0.000   2.174   4.357   6.552   8.338  10.306  11.277  11.879  11.963
           7.700  -0.000   2.159   4.326   6.500   8.245  10.209  11.195  11.819  11.901
           7.800  -0.000   2.144   4.296   6.448   8.151  10.111  11.113  11.757  11.838
           7.900  -0.000   2.129   4.267   6.395   8.057  10.013  11.030  11.694  11.774
           8.000  -0.000   2.115   4.239   6.341   7.964   9.914  10.948  11.630  11.710
           8.100  -0.000   2.102   4.212   6.285   7.870   9.814  10.865  11.564  11.646
           8.200  -0.000   2.088   4.186   6.229   7.777   9.714  10.782  11.497  11.580
           8.300  -0.000   2.076   4.160   6.171   7.683   9.613  10.698  11.427  11.514
           8.400  -0.000   2.063   4.136   6.113   7.589   9.511  10.614  11.356  11.447
           8.500  -0.000   2.051   4.112   6.054   7.496   9.410  10.529  11.283  11.380
           8.600  -0.000   2.040   4.089   5.993   7.402   9.308  10.444  11.208  11.312
           8.700  -0.000   2.029   4.066   5.932   7.308   9.205  10.359  11.131  11.244
           8.800  -0.000   2.018   4.044   5.870   7.215   9.102  10.273  11.052  11.175
           8.900  -0.000   2.008   4.023   5.807   7.121   8.998  10.187  10.971  11.105
           9.000  -0.000   1.997   4.002   5.744   7.028   8.894  10.101  10.888  11.035
           9.100  -0.000   1.988   3.982   5.679   6.935   8.789  10.014  10.804  10.965
           9.200  -0.000   1.978   3.962   5.613   6.841   8.683   9.927  10.719  10.893
           9.300  -0.000   1.969   3.942   5.547   6.748   8.577   9.840  10.634  10.821
           9.400  -0.000   1.960   3.921   5.480   6.654   8.470   9.752  10.549  10.749
           9.500  -0.000   1.952   3.899   5.411   6.561   8.363   9.664  10.462  10.676
           9.600  -0.000   1.943   3.873   5.342   6.467   8.255   9.575  10.375  10.603
           9.700  -0.000   1.935   3.845   5.272   6.374   8.146   9.486  10.286  10.529
           9.800  -0.000   1.927   3.814   5.201   6.280   8.037   9.394  10.197  10.454
           9.900  -0.000   1.919   3.781   5.129   6.186   7.928   9.301  10.107  10.378
          10.000  -0.000   1.912   3.745   5.055   6.092   7.818   9.207  10.017  10.302
          10.100  -0.000   1.904   3.707   4.981   5.998   7.709   9.111   9.925  10.226
          10.200  -0.000   1.897   3.667   4.906   5.904   7.600   9.013   9.834  10.149
          10.300  -0.000   1.890   3.625   4.830   5.809   7.491   8.914   9.741  10.071
          10.400  -0.000   1.882   3.580   4.754   5.715   7.383   8.813   9.648   9.993
          10.500  -0.000   1.875   3.533   4.676   5.620   7.275   8.710   9.555   9.915
          10.600  -0.000   1.868   3.484   4.597   5.526   7.168   8.606   9.461   9.836
          10.700  -0.000   1.861   3.432   4.517   5.431   7.061   8.500   9.366   9.757
          10.800  -0.000   1.854   3.378   4.437   5.336   6.956   8.393   9.271   9.677
          10.900  -0.000   1.847   3.322   4.355   5.241   6.851   8.285   9.176   9.597
          11.000  -0.000   1.840   3.264   4.273   5.146   6.746   8.177   9.080   9.516
          11.100  -0.000   1.833   3.203   4.189   5.051   6.643   8.068   8.983   9.436
          11.200  -0.000   1.825   3.141   4.105   4.956   6.540   7.960   8.886   9.354
          11.300  -0.000   1.813   3.076   4.019   4.861   6.439   7.851   8.789   9.273
          11.400  -0.000   1.797   3.009   3.933   4.766   6.338   7.742   8.691   9.191
          11.500  -0.000   1.775   2.940   3.845   4.670   6.238   7.633   8.593   9.110
          11.600  -0.000   1.748   2.868   3.757   4.574   6.139   7.525   8.494   9.029
          11.700  -0.000   1.717   2.794   3.668   4.478   6.041   7.416   8.396   8.950
          11.800  -0.000   1.681   2.718   3.577   4.382   5.944   7.308   8.296   8.870
          11.900  -0.000   1.639   2.639   3.486   4.286   5.848   7.200   8.198   8.792
          12.000  -0.000   1.593   2.558   3.394   4.190   5.752   7.092   8.099   8.715
          12.100  -0.000   1.541   2.475   3.301   4.094   5.656   6.986   8.003   8.640
          12.200  -0.000   1.485   2.390   3.207   3.998   5.559   6.880   7.907   8.565
          12.300  -0.000   1.423   2.303   3.113   3.902   5.461   6.776   7.812   8.492
          12.400  -0.000   1.355   2.213   3.017   3.805   5.361   6.672   7.719   8.420
          12.500  -0.000   1.282   2.120   2.920   3.709   5.259   6.569   7.626   8.349
          12.600  -0.000   1.203   2.025   2.822   3.612   5.154   6.467   7.534   8.279
          12.700  -0.000   1.117   1.928   2.723   3.515   5.048   6.366   7.442   8.211
          12.800  -0.000   1.025   1.827   2.622   3.417   4.942   6.264   7.350   8.144
          12.900  -0.000   0.925   1.723   2.521   3.321   4.835   6.162   7.257   8.077
          13.000  -0.000   0.817   1.617   2.419   3.225   4.726   6.056   7.166   8.004
          13.100  -0.000   0.792   1.593   2.397   3.204   4.704   6.035   7.148   7.988
          13.200  -0.000   0.786   1.587   2.392   3.200   4.701   6.033   7.146   7.986
          13.300  -0.000   0.780   1.582   2.387   3.196   4.699   6.031   7.143   7.985
          13.400  -0.000   0.774   1.576   2.382   3.192   4.696   6.029   7.141   7.983
          13.500  -0.000   0.768   1.571   2.377   3.188   4.694   6.027   7.139   7.981
          13.600  -0.000   0.762   1.565   2.373   3.184   4.692   6.025   7.137   7.980
          13.700  -0.000   0.756   1.560   2.368   3.180   4.690   6.023   7.134   7.978
          13.800  -0.000   0.750   1.555   2.363   3.175   4.687   6.021   7.132   7.976
          13.900  -0.000   0.745   1.549   2.358   3.171   4.685   6.020   7.130   7.975
          14.000  -0.000   0.739   1.544   2.354   3.167   4.683   6.018   7.128   7.973
          14.100  -0.000   0.734   1.539   2.349   3.164   4.681   6.016   7.125   7.971
          14.200  -0.000   0.729   1.534   2.344   3.160   4.678   6.014   7.123   7.969
          14.300  -0.000   0.724   1.529   2.340   3.156   4.676   6.012   7.121   7.968
          14.400  -0.000   0.719   1.523   2.335   3.152   4.674   6.010   7.119   7.966
          14.500  -0.000   0.715   1.518   2.331   3.148   4.672   6.008   7.116   7.964
          14.600  -0.000   0.711   1.513   2.326   3.144   4.670   6.006   7.114   7.963
          14.700  -0.000   0.708   1.508   2.322   3.140   4.668   6.004   7.112   7.961
          14.800  -0.000   0.705   1.504   2.317   3.136   4.666   6.003   7.109   7.959
          14.900  -0.000   0.705   1.499   2.313   3.133   4.664   6.001   7.107   7.958
          15.000  -0.000   0.705   1.494   2.308   3.129   4.662   5.999   7.105   7.956
          15.100  -0.000   0.706   1.489   2.304   3.125   4.660   5.997   7.102   7.954
          15.200  -0.000   0.707   1.485   2.300   3.122   4.659   5.995   7.100   7.953
          15.300  -0.000   0.708   1.480   2.296   3.118   4.657   5.993   7.098   7.951
          15.400  -0.000   0.709   1.476   2.291   3.115   4.655   5.992   7.096   7.949
          15.500  -0.000   0.709   1.472   2.287   3.111   4.653   5.990   7.093   7.948
          15.600  -0.000   0.710   1.468   2.283   3.107   4.652   5.988   7.091   7.946
          15.700  -0.000   0.711   1.464   2.279   3.104   4.650   5.986   7.089   7.944
          15.800  -0.000   0.712   1.460   2.275   3.101   4.648   5.984   7.086   7.943
          15.900  -0.000   0.713   1.457   2.271   3.097   4.647   5.983   7.084   7.941
          16.000  -0.000   0.714   1.453   2.267   3.094   4.645   5.981   7.082   7.939
          16.100  -0.000   0.715   1.450   2.264   3.091   4.644   5.979   7.079   7.938
          16.200  -0.000   0.716   1.447   2.260   3.087   4.642   5.977   7.077   7.936
          16.300  -0.000   0.716   1.445   2.256   3.084   4.641   5.976   7.075   7.935
          16.400  -0.000   0.717   1.442   2.253   3.081   4.639   5.974   7.072   7.933
          16.500  -0.000   0.718   1.441   2.249   3.078   4.638   5.972   7.070   7.932
          16.600  -0.000   0.719   1.440   2.246   3.075   4.636   5.970   7.068   7.930
          16.700  -0.000   0.720   1.439   2.243   3.072   4.635   5.969   7.065   7.928
          16.800  -0.000   0.721   1.439   2.239   3.069   4.634   5.967   7.063   7.927
          16.900  -0.000   0.722   1.441   2.236   3.066   4.632   5.965   7.061   7.925
          17.000  -0.000   0.723   1.443   2.233   3.063   4.631   5.963   7.058   7.924
          17.100  -0.000   0.724   1.445   2.231   3.061   4.630   5.962   7.056   7.922
          17.200  -0.000   0.725   1.447   2.228   3.058   4.628   5.960   7.054   7.921
          17.300  -0.000   0.726   1.449   2.225   3.055   4.627   5.958   7.052   7.919
          17.400  -0.000   0.727   1.451   2.223   3.053   4.626   5.957   7.049   7.917
          17.500  -0.000   0.728   1.453   2.221   3.050   4.625   5.955   7.047   7.916
          17.600  -0.000   0.729   1.455   2.218   3.048   4.624   5.953   7.045   7.914
          17.700  -0.000   0.730   1.457   2.216   3.046   4.622   5.951   7.043   7.913
          17.800  -0.000   0.731   1.459   2.215   3.043   4.621   5.950   7.040   7.911
          17.900  -0.000   0.732   1.461   2.213   3.041   4.620   5.948   7.038   7.910
          18.000  -0.000   0.733   1.463   2.212   3.039   4.619   5.946   7.036   7.908
          18.100  -0.000   0.734   1.465   2.211   3.037   4.618   5.945   7.034   7.906
          18.200  -0.000   0.735   1.467   2.210   3.035   4.617   5.943   7.032   7.905
          18.300  -0.000   0.736   1.470   2.209   3.033   4.616   5.941   7.030   7.903
          18.400  -0.000   0.737   1.472   2.209   3.032   4.615   5.940   7.028   7.901
          18.500  -0.000   0.739   1.474   2.209   3.030   4.614   5.938   7.026   7.900
          18.600  -0.000   0.740   1.476   2.210   3.029   4.613   5.937   7.024   7.898
          18.700  -0.000   0.741   1.478   2.211   3.027   4.612   5.935   7.021   7.897
          18.800  -0.000   0.742   1.481   2.213   3.026   4.611   5.933   7.019   7.895
          18.900  -0.000   0.743   1.483   2.216   3.025   4.610   5.932   7.017   7.893
          19.000  -0.000   0.744   1.485   2.220   3.024   4.610   5.930   7.015   7.892
          19.100  -0.000   0.745   1.488   2.223   3.023   4.609   5.928   7.014   7.890
          19.200  -0.000   0.747   1.490   2.227   3.022   4.608   5.927   7.012   7.889
          19.300  -0.000   0.748   1.492   2.230   3.022   4.607   5.925   7.010   7.887
          19.400  -0.000   0.749   1.495   2.234   3.021   4.606   5.923   7.008   7.886
          19.500  -0.000   0.750   1.497   2.237   3.021   4.606   5.922   7.006   7.885
          19.600  -0.000   0.751   1.499   2.241   3.021   4.605   5.920   7.004   7.884
          19.700  -0.000   0.753   1.502   2.245   3.021   4.604   5.919   7.002   7.882
          19.800  -0.000   0.754   1.504   2.248   3.021   4.603   5.917   7.000   7.881
          19.900  -0.000   0.755   1.507   2.252   3.021   4.603   5.915   6.998   7.880
          20.000  -0.000   0.756   1.509   2.256   3.022   4.602   5.914   6.996   7.878
          20.100  -0.000   0.757   1.512   2.260   3.023   4.601   5.912   6.994   7.877
          20.200  -0.000   0.759   1.514   2.263   3.024   4.601   5.911   6.992   7.876
          20.300  -0.000   0.760   1.517   2.267   3.025   4.600   5.909   6.990   7.874
          20.400  -0.000   0.761   1.519   2.271   3.027   4.600   5.907   6.988   7.873
          20.500  -0.000   0.763   1.522   2.275   3.029   4.599   5.906   6.986   7.872
          20.600  -0.000   0.764   1.525   2.279   3.031   4.598   5.904   6.985   7.870
          20.700  -0.000   0.765   1.527   2.283   3.034   4.598   5.902   6.983   7.869
          20.800  -0.000   0.767   1.530   2.287   3.037   4.597   5.901   6.981   7.868
          20.900  -0.000   0.768   1.533   2.291   3.041   4.597   5.899   6.980   7.866
          21.000  -0.000   0.769   1.536   2.296   3.046   4.597   5.898   6.979   7.865
          21.100  -0.000   0.771   1.539   2.300   3.051   4.596   5.896   6.977   7.864
          21.200  -0.000   0.772   1.541   2.304   3.057   4.596   5.894   6.975   7.863
          21.300  -0.000   0.773   1.544   2.308   3.063   4.595   5.893   6.973   7.861
          21.400  -0.000   0.775   1.547   2.312   3.068   4.595   5.891   6.972   7.860
          21.500  -0.000   0.776   1.549   2.317   3.074   4.595   5.889   6.970   7.859
          21.600  -0.000   0.777   1.552   2.320   3.080   4.594   5.888   6.969   7.858
          21.700  -0.000   0.779   1.555   2.325   3.085   4.594   5.887   6.967   7.857
          21.800  -0.000   0.781   1.558   2.329   3.091   4.595   5.885   6.965   7.856
          21.900  -0.000   0.782   1.561   2.333   3.098   4.594   5.884   6.964   7.854
          22.000  -0.000   0.784   1.564   2.338   3.102   4.594   5.882   6.962   7.853
          22.100  -0.000   0.785   1.567   2.342   3.108   4.594   5.880   6.961   7.852
          22.200  -0.000   0.786   1.570   2.347   3.114   4.594   5.879   6.960   7.851
          22.300  -0.000   0.788   1.573   2.351   3.120   4.594   5.877   6.958   7.850
          22.400  -0.000   0.789   1.576   2.356   3.126   4.593   5.876   6.957   7.849
          22.500  -0.000   0.791   1.580   2.360   3.132   4.593   5.874   6.955   7.848
          22.600  -0.000   0.793   1.581   2.365   3.138   4.593   5.872   6.954   7.847
          22.700  -0.000   0.794   1.585   2.369   3.144   4.593   5.871   6.953   7.846
          22.800  -0.000   0.796   1.588   2.374   3.150   4.593   5.869   6.951   7.845
          22.900  -0.000   0.797   1.591   2.379   3.156   4.594   5.868   6.950   7.844
          23.000  -0.000   0.799   1.594   2.383   3.163   4.594   5.867   6.949   7.843
          23.100  -0.000   0.800   1.597   2.388   3.169   4.595   5.865   6.948   7.842
          23.200  -0.000   0.802   1.601   2.393   3.174   4.595   5.864   6.947   7.841
          23.300  -0.000   0.803   1.604   2.398   3.180   4.593   5.863   6.945   7.840
          23.400  -0.000   0.805   1.607   2.402   3.186   4.596   5.861   6.944   7.839
          23.500  -0.000   0.807   1.610   2.407   3.192   4.597   5.860   6.943   7.838
          23.600  -0.000   0.808   1.614   2.412   3.197   4.598   5.860   6.942   7.837
          23.700  -0.000   0.810   1.617   2.417   3.203   4.600   5.859   6.942   7.836
          23.800  -0.000   0.812   1.620   2.422   3.208   4.601   5.858   6.941   7.835
          23.900  -0.000   0.813   1.624   2.427   3.213   4.603   5.857   6.940   7.835
          24.000  -0.000   0.815   1.627   2.432   3.218   4.605   5.853   6.939   7.834
          24.100  -0.000   0.817   1.630   2.437   3.222   4.607   5.856   6.938   7.833
          24.200  -0.000   0.818   1.634   2.442   3.226   4.610   5.855   6.937   7.832
          24.300  -0.000   0.820   1.637   2.447   3.231   4.612   5.854   6.936   7.832
          24.400  -0.000   0.822   1.641   2.452   3.234   4.615   5.854   6.936   7.831
          24.500  -0.000   0.824   1.644   2.457   3.238   4.617   5.853   6.935   7.831
          24.600  -0.000   0.825   1.647   2.463   3.241   4.620   5.853   6.934   7.830
          24.700  -0.000   0.827   1.651   2.468   3.244   4.623   5.853   6.934   7.829
          24.800  -0.000   0.829   1.654   2.471   3.247   4.626   5.850   6.933   7.829
          24.900  -0.000   0.831   1.658   2.478   3.250   4.628   5.853   6.932   7.828
          25.000  -0.000   0.833   1.662   2.483   3.253   4.631   5.853   6.932   7.828
          25.100  -0.000   0.834   1.665   2.488   3.253   4.633   5.853   6.931   7.828
          25.200  -0.000   0.836   1.669   2.493   3.258   4.635   5.854   6.931   7.827
          25.300  -0.000   0.838   1.672   2.497   3.261   4.637   5.854   6.931   7.827
          25.400  -0.000   0.840   1.676   2.502   3.263   4.639   5.855   6.931   7.827
          25.500  -0.000   0.842   1.680   2.506   3.265   4.641   5.856   6.931   7.827
          25.600  -0.000   0.843   1.683   2.510   3.268   4.643   5.857   6.931   7.827
          25.700  -0.000   0.845   1.687   2.513   3.270   4.645   5.858   6.931   7.827
          25.800  -0.000   0.847   1.691   2.517   3.271   4.647   5.860   6.931   7.827
          25.900  -0.000   0.849   1.695   2.519   3.273   4.649   5.862   6.931   7.827
          26.000  -0.000   0.851   1.698   2.522   3.275   4.651   5.864   6.932   7.827


        KN AS A FUNCTION OF DRAUGHT AND HEELING ANGLE
        INITIAL TRIM:  0.50 M                                        UNIT:     m
        ========================================================================

         INITIAL     HEELING ANGLE (DEGREES)
         DRAUGHT     0.0     5.0    10.0    15.0    20.0    30.0    40.0    50.0    60.0
           0.000  -0.002  13.201  14.563  15.162  15.414  15.312  14.674  13.768  12.873
           0.100  -0.001  14.187  15.992  16.734  16.991  16.698  15.701  14.197  12.348
           0.200  -0.001  14.004  15.963  16.751  17.036  16.773  15.778  14.260  12.380
           0.300  -0.001  13.411  15.556  16.445  16.803  16.653  15.747  14.315  12.522
           0.400  -0.001  12.776  15.103  16.098  16.533  16.505  15.703  14.367  12.676
           0.500  -0.001  12.160  14.659  15.757  16.266  16.356  15.658  14.417  12.826
           0.600  -0.001  11.576  14.241  15.430  16.010  16.212  15.612  14.464  12.969
           0.700  -0.001  11.017  13.847  15.121  15.767  16.075  15.568  14.510  13.098
           0.800  -0.001  10.483  13.475  14.828  15.537  15.945  15.526  14.554  13.210
           0.900  -0.001   9.986  13.123  14.550  15.318  15.820  15.486  14.595  13.304
           1.000  -0.001   9.524  12.790  14.286  15.111  15.702  15.447  14.634  13.383
           1.100  -0.001   9.090  12.472  14.035  14.912  15.589  15.410  14.670  13.447
           1.200  -0.001   8.681  12.168  13.796  14.721  15.480  15.375  14.701  13.499
           1.300  -0.001   8.292  11.869  13.566  14.538  15.377  15.340  14.725  13.540
           1.400  -0.001   7.922  11.580  13.347  14.361  15.277  15.307  14.742  13.571
           1.500  -0.001   7.568  11.304  13.136  14.192  15.181  15.275  14.753  13.595
           1.600  -0.001   7.230  11.042  12.933  14.028  15.088  15.244  14.757  13.612
           1.700  -0.001   6.907  10.790  12.737  13.871  14.998  15.214  14.754  13.623
           1.800  -0.001   6.598  10.549  12.546  13.719  14.911  15.185  14.747  13.629
           1.900  -0.001   6.308  10.317  12.357  13.572  14.826  15.156  14.734  13.632
           2.000  -0.001   6.041  10.093  12.171  13.430  14.743  15.125  14.717  13.632
           2.100  -0.001   5.797   9.878  11.991  13.292  14.663  15.092  14.696  13.629
           2.200  -0.001   5.572   9.669  11.817  13.159  14.584  15.057  14.671  13.623
           2.300  -0.001   5.365   9.467  11.649  13.029  14.507  15.020  14.643  13.616
           2.400  -0.001   5.174   9.270  11.488  12.902  14.432  14.980  14.612  13.606
           2.500  -0.001   4.998   9.079  11.330  12.775  14.360  14.938  14.579  13.596
           2.600  -0.001   4.834   8.893  11.178  12.650  14.289  14.893  14.543  13.583
           2.700  -0.001   4.682   8.712  11.029  12.527  14.220  14.846  14.506  13.568
           2.800  -0.001   4.541   8.537  10.885  12.406  14.154  14.797  14.466  13.553
           2.900  -0.001   4.409   8.365  10.746  12.289  14.089  14.746  14.426  13.537
           3.000  -0.001   4.285   8.198  10.610  12.175  14.026  14.693  14.383  13.521
           3.100  -0.001   4.169   8.034  10.477  12.064  13.964  14.638  14.339  13.504
           3.200  -0.001   4.061   7.874  10.348  11.957  13.903  14.581  14.293  13.487
           3.300  -0.001   3.959   7.717  10.221  11.853  13.842  14.523  14.245  13.470
           3.400  -0.001   3.863   7.563  10.097  11.751  13.781  14.463  14.197  13.453
           3.500  -0.001   3.772   7.413   9.976  11.652  13.719  14.402  14.148  13.435
           3.600  -0.001   3.686   7.265   9.858  11.555  13.657  14.340  14.099  13.418
           3.700  -0.001   3.605   7.122   9.741  11.461  13.594  14.276  14.048  13.400
           3.800  -0.001   3.529   6.983   9.628  11.368  13.530  14.210  13.996  13.381
           3.900  -0.001   3.456   6.850   9.516  11.278  13.464  14.143  13.944  13.362
           4.000  -0.001   3.386   6.722   9.406  11.189  13.397  14.075  13.892  13.341
           4.100  -0.001   3.319   6.599   9.298  11.102  13.328  14.005  13.839  13.320
           4.200  -0.001   3.256   6.482   9.192  11.016  13.257  13.934  13.785  13.299
           4.300  -0.001   3.196   6.370   9.087  10.932  13.184  13.861  13.732  13.276
           4.400  -0.001   3.139   6.263   8.984  10.849  13.110  13.788  13.678  13.253
           4.500  -0.001   3.085   6.160   8.883  10.768  13.034  13.715  13.624  13.230
           4.600  -0.001   3.033   6.062   8.783  10.688  12.957  13.641  13.570  13.206
           4.700  -0.001   2.984   5.967   8.685  10.608  12.879  13.567  13.516  13.181
           4.800  -0.001   2.937   5.876   8.587  10.530  12.799  13.493  13.461  13.156
           4.900  -0.001   2.892   5.788   8.491  10.454  12.718  13.419  13.407  13.129
           5.000  -0.001   2.849   5.704   8.397  10.378  12.636  13.344  13.353  13.101
           5.100  -0.001   2.807   5.623   8.304  10.304  12.553  13.269  13.300  13.072
           5.200  -0.001   2.768   5.545   8.211  10.230  12.469  13.193  13.247  13.042
           5.300  -0.001   2.730   5.470   8.120  10.158  12.385  13.116  13.194  13.012
           5.400  -0.001   2.694   5.398   8.031  10.086  12.300  13.038  13.141  12.982
           5.500  -0.001   2.660   5.328   7.942  10.015  12.214  12.959  13.088  12.952
           5.600  -0.001   2.626   5.262   7.855   9.945  12.127  12.880  13.035  12.922
           5.700  -0.001   2.595   5.198   7.769   9.874  12.040  12.800  12.982  12.891
           5.800  -0.001   2.564   5.136   7.686   9.803  11.953  12.720  12.929  12.860
           5.900  -0.001   2.534   5.076   7.604   9.732  11.865  12.640  12.875  12.828
           6.000  -0.001   2.506   5.019   7.524   9.660  11.776  12.561  12.822  12.795
           6.100  -0.001   2.478   4.965   7.447   9.587  11.687  12.481  12.768  12.761
           6.200  -0.001   2.452   4.913   7.372   9.512  11.598  12.402  12.712  12.725
           6.300  -0.000   2.427   4.862   7.299   9.437  11.508  12.323  12.657  12.687
           6.400  -0.000   2.402   4.813   7.229   9.360  11.418  12.244  12.600  12.648
           6.500  -0.000   2.379   4.766   7.160   9.282  11.328  12.165  12.542  12.607
           6.600  -0.000   2.356   4.721   7.094   9.202  11.237  12.086  12.485  12.564
           6.700  -0.000   2.334   4.677   7.030   9.120  11.146  12.007  12.427  12.518
           6.800  -0.000   2.313   4.635   6.968   9.037  11.055  11.927  12.369  12.469
           6.900  -0.000   2.293   4.594   6.908   8.953  10.963  11.848  12.311  12.418
           7.000  -0.000   2.273   4.555   6.850   8.867  10.870  11.769  12.254  12.364
           7.100  -0.000   2.254   4.517   6.794   8.779  10.777  11.690  12.196  12.308
           7.200  -0.000   2.236   4.481   6.740   8.691  10.684  11.611  12.138  12.251
           7.300  -0.000   2.218   4.445   6.687   8.601  10.591  11.531  12.080  12.193
           7.400  -0.000   2.201   4.411   6.635   8.511  10.497  11.452  12.022  12.135
           7.500  -0.000   2.184   4.378   6.584   8.420  10.402  11.372  11.964  12.075
           7.600  -0.000   2.168   4.346   6.533   8.328  10.307  11.292  11.905  12.013
           7.700  -0.000   2.153   4.315   6.482   8.236  10.212  11.212  11.846  11.951
           7.800  -0.000   2.138   4.285   6.431   8.144  10.116  11.131  11.787  11.888
           7.900  -0.000   2.123   4.256   6.379   8.052  10.020  11.050  11.726  11.826
           8.000  -0.000   2.109   4.228   6.326   7.959   9.923  10.969  11.664  11.763
           8.100  -0.000   2.096   4.200   6.272   7.867   9.826  10.888  11.601  11.699
           8.200  -0.000   2.083   4.174   6.217   7.775   9.727  10.807  11.537  11.635
           8.300  -0.000   2.070   4.149   6.161   7.683   9.629  10.725  11.471  11.571
           8.400  -0.000   2.058   4.124   6.104   7.591   9.529  10.643  11.403  11.506
           8.500  -0.000   2.046   4.100   6.046   7.500   9.429  10.561  11.333  11.440
           8.600  -0.000   2.034   4.077   5.987   7.408   9.329  10.478  11.261  11.373
           8.700  -0.000   2.023   4.055   5.927   7.316   9.228  10.395  11.188  11.306
           8.800  -0.000   2.012   4.034   5.867   7.224   9.127  10.311  11.112  11.238
           8.900  -0.000   2.002   4.013   5.805   7.132   9.025  10.227  11.035  11.169
           9.000  -0.000   1.992   3.992   5.743   7.041   8.923  10.142  10.956  11.100
           9.100  -0.000   1.982   3.972   5.680   6.949   8.820  10.058  10.874  11.031
           9.200  -0.000   1.973   3.953   5.616   6.858   8.717   9.973  10.791  10.960
           9.300  -0.000   1.964   3.933   5.551   6.766   8.613   9.888  10.708  10.890
           9.400  -0.000   1.955   3.912   5.486   6.675   8.509   9.803  10.624  10.818
           9.500  -0.000   1.946   3.890   5.419   6.583   8.403   9.717  10.539  10.747
           9.600  -0.000   1.938   3.866   5.352   6.491   8.298   9.630  10.453  10.674
           9.700  -0.000   1.930   3.840   5.284   6.400   8.192   9.544  10.367  10.602
           9.800  -0.000   1.922   3.811   5.214   6.308   8.085   9.456  10.280  10.528
           9.900  -0.000   1.915   3.780   5.144   6.216   7.978   9.367  10.192  10.454
          10.000  -0.000   1.907   3.746   5.073   6.124   7.870   9.277  10.103  10.379
          10.100  -0.000   1.900   3.710   5.001   6.031   7.763   9.185  10.014  10.304
          10.200  -0.000   1.893   3.671   4.928   5.939   7.655   9.091   9.923  10.228
          10.300  -0.000   1.886   3.630   4.854   5.846   7.548   8.995   9.832  10.151
          10.400  -0.000   1.879   3.587   4.779   5.753   7.442   8.898   9.740  10.074
          10.500  -0.000   1.872   3.542   4.703   5.660   7.335   8.799   9.648   9.996
          10.600  -0.000   1.865   3.495   4.626   5.567   7.230   8.699   9.555   9.918
          10.700  -0.000   1.859   3.445   4.549   5.474   7.124   8.597   9.462   9.839
          10.800  -0.000   1.852   3.394   4.470   5.381   7.020   8.493   9.368   9.761
          10.900  -0.000   1.846   3.340   4.390   5.288   6.916   8.387   9.274   9.681
          11.000  -0.000   1.839   3.284   4.309   5.195   6.813   8.280   9.179   9.601
          11.100  -0.000   1.832   3.226   4.227   5.101   6.711   8.173   9.084   9.521
          11.200  -0.000   1.824   3.165   4.145   5.008   6.610   8.066   8.988   9.441
          11.300  -0.000   1.814   3.103   4.061   4.914   6.509   7.958   8.892   9.360
          11.400  -0.000   1.799   3.038   3.977   4.820   6.409   7.850   8.795   9.279
          11.500  -0.000   1.780   2.971   3.891   4.726   6.311   7.742   8.697   9.198
          11.600  -0.000   1.755   2.902   3.805   4.632   6.213   7.634   8.600   9.117
          11.700  -0.000   1.727   2.830   3.717   4.538   6.116   7.527   8.502   9.037
          11.800  -0.000   1.693   2.756   3.629   4.444   6.020   7.419   8.403   8.957
          11.900  -0.000   1.655   2.680   3.540   4.349   5.925   7.312   8.304   8.878
          12.000  -0.000   1.612   2.602   3.450   4.254   5.830   7.205   8.206   8.800
          12.100  -0.000   1.563   2.521   3.358   4.160   5.737   7.099   8.107   8.723
          12.200  -0.000   1.510   2.438   3.266   4.065   5.643   6.993   8.010   8.646
          12.300  -0.000   1.452   2.353   3.173   3.970   5.549   6.888   7.913   8.571
          12.400  -0.000   1.388   2.266   3.080   3.875   5.454   6.784   7.818   8.497
          12.500  -0.000   1.319   2.177   2.985   3.780   5.358   6.682   7.725   8.425
          12.600  -0.000   1.244   2.085   2.890   3.686   5.260   6.580   7.632   8.354
          12.700  -0.000   1.164   1.991   2.794   3.590   5.159   6.479   7.540   8.284
          12.800  -0.000   1.078   1.895   2.696   3.495   5.055   6.378   7.449   8.215
          12.900  -0.000   0.988   1.798   2.599   3.401   4.952   6.279   7.358   8.148
          13.000  -0.000   0.906   1.710   2.513   3.317   4.855   6.185   7.273   8.088
          13.100  -0.000   0.838   1.640   2.444   3.251   4.775   6.106   7.205   8.037
          13.200  -0.000   0.793   1.596   2.401   3.210   4.722   6.054   7.161   8.001
          13.300  -0.000   0.778   1.581   2.387   3.197   4.708   6.040   7.149   7.991
          13.400  -0.000   0.772   1.576   2.382   3.193   4.705   6.038   7.147   7.989
          13.500  -0.000   0.766   1.570   2.378   3.189   4.703   6.036   7.145   7.988
          13.600  -0.000   0.760   1.565   2.373   3.185   4.701   6.035   7.143   7.986
          13.700  -0.000   0.755   1.559   2.368   3.181   4.698   6.033   7.140   7.984
          13.800  -0.000   0.749   1.554   2.363   3.177   4.696   6.031   7.138   7.983
          13.900  -0.000   0.744   1.549   2.359   3.173   4.694   6.029   7.136   7.981
          14.000  -0.000   0.738   1.544   2.354   3.169   4.692   6.027   7.134   7.979
          14.100  -0.000   0.733   1.538   2.349   3.165   4.690   6.025   7.131   7.977
          14.200  -0.000   0.728   1.533   2.345   3.161   4.688   6.023   7.129   7.976
          14.300  -0.000   0.724   1.528   2.340   3.157   4.686   6.021   7.127   7.974
          14.400  -0.000   0.720   1.523   2.336   3.153   4.684   6.019   7.124   7.972
          14.500  -0.000   0.716   1.518   2.331   3.150   4.682   6.017   7.122   7.971
          14.600  -0.000   0.713   1.513   2.327   3.146   4.680   6.016   7.120   7.969
          14.700  -0.000   0.710   1.508   2.322   3.142   4.678   6.014   7.117   7.967
          14.800  -0.000   0.708   1.504   2.318   3.138   4.676   6.012   7.115   7.966
          14.900  -0.000   0.707   1.499   2.314   3.135   4.674   6.010   7.113   7.964
          15.000  -0.000   0.707   1.494   2.309   3.131   4.672   6.008   7.110   7.962
          15.100  -0.000   0.707   1.490   2.305   3.127   4.670   6.006   7.108   7.961
          15.200  -0.000   0.708   1.485   2.301   3.124   4.669   6.005   7.106   7.959
          15.300  -0.000   0.709   1.481   2.297   3.120   4.667   6.003   7.103   7.957
          15.400  -0.000   0.710   1.477   2.293   3.117   4.665   6.001   7.101   7.956
          15.500  -0.000   0.711   1.473   2.289   3.113   4.664   5.999   7.099   7.954
          15.600  -0.000   0.712   1.469   2.285   3.110   4.662   5.997   7.096   7.952
          15.700  -0.000   0.713   1.465   2.281   3.106   4.660   5.995   7.094   7.951
          15.800  -0.000   0.713   1.462   2.277   3.103   4.659   5.994   7.092   7.949
          15.900  -0.000   0.714   1.458   2.273   3.100   4.657   5.992   7.089   7.947
          16.000  -0.000   0.715   1.455   2.269   3.097   4.656   5.990   7.087   7.946
          16.100  -0.000   0.716   1.452   2.265   3.093   4.654   5.988   7.085   7.944
          16.200  -0.000   0.717   1.450   2.262   3.090   4.653   5.987   7.082   7.943
          16.300  -0.000   0.718   1.448   2.258   3.087   4.651   5.985   7.080   7.941
          16.400  -0.000   0.719   1.446   2.255   3.084   4.650   5.983   7.078   7.939
          16.500  -0.000   0.720   1.444   2.252   3.081   4.649   5.981   7.075   7.938
          16.600  -0.000   0.721   1.443   2.248   3.078   4.647   5.980   7.073   7.936
          16.700  -0.000   0.722   1.443   2.245   3.075   4.646   5.978   7.071   7.935
          16.800  -0.000   0.723   1.443   2.242   3.072   4.644   5.976   7.068   7.933
          16.900  -0.000   0.724   1.444   2.239   3.070   4.643   5.974   7.066   7.931
          17.000  -0.000   0.725   1.446   2.236   3.067   4.642   5.973   7.064   7.930
          17.100  -0.000   0.726   1.448   2.234   3.064   4.641   5.971   7.061   7.928
          17.200  -0.000   0.727   1.450   2.231   3.062   4.639   5.969   7.059   7.927
          17.300  -0.000   0.728   1.452   2.229   3.059   4.638   5.968   7.057   7.925
          17.400  -0.000   0.729   1.454   2.226   3.057   4.637   5.966   7.055   7.923
          17.500  -0.000   0.730   1.456   2.224   3.054   4.636   5.964   7.052   7.922
          17.600  -0.000   0.731   1.458   2.222   3.052   4.635   5.962   7.050   7.920
          17.700  -0.000   0.732   1.460   2.221   3.050   4.634   5.961   7.048   7.918
          17.800  -0.000   0.733   1.462   2.219   3.048   4.632   5.959   7.046   7.917
          17.900  -0.000   0.734   1.464   2.218   3.046   4.631   5.957   7.044   7.915
          18.000  -0.000   0.735   1.466   2.217   3.044   4.630   5.956   7.042   7.913
          18.100  -0.000   0.736   1.469   2.216   3.042   4.629   5.954   7.039   7.912
          18.200  -0.000   0.737   1.471   2.215   3.040   4.628   5.952   7.037   7.910
          18.300  -0.000   0.738   1.473   2.215   3.038   4.627   5.951   7.035   7.909
          18.400  -0.000   0.739   1.475   2.215   3.037   4.626   5.949   7.033   7.907
          18.500  -0.000   0.740   1.477   2.215   3.035   4.625   5.947   7.031   7.905
          18.600  -0.000   0.741   1.480   2.216   3.034   4.625   5.946   7.029   7.904
          18.700  -0.000   0.743   1.482   2.218   3.033   4.624   5.944   7.027   7.902
          18.800  -0.000   0.744   1.484   2.219   3.032   4.623   5.942   7.025   7.900
          18.900  -0.000   0.745   1.487   2.222   3.031   4.622   5.941   7.023   7.899
          19.000  -0.000   0.746   1.489   2.225   3.030   4.621   5.939   7.021   7.897
          19.100  -0.000   0.747   1.491   2.229   3.029   4.620   5.937   7.019   7.896
          19.200  -0.000   0.748   1.494   2.232   3.028   4.620   5.936   7.017   7.895
          19.300  -0.000   0.750   1.496   2.236   3.028   4.619   5.934   7.015   7.894
          19.400  -0.000   0.751   1.498   2.240   3.028   4.618   5.932   7.013   7.892
          19.500  -0.000   0.752   1.501   2.243   3.028   4.617   5.931   7.011   7.891
          19.600  -0.000   0.753   1.503   2.247   3.028   4.617   5.929   7.009   7.889
          19.700  -0.000   0.754   1.506   2.251   3.028   4.616   5.928   7.007   7.888
          19.800  -0.000   0.756   1.508   2.254   3.028   4.615   5.926   7.005   7.887
          19.900  -0.000   0.757   1.511   2.258   3.029   4.615   5.924   7.003   7.885
          20.000  -0.000   0.758   1.513   2.262   3.030   4.614   5.923   7.001   7.884
          20.100  -0.000   0.759   1.516   2.266   3.031   4.614   5.921   6.999   7.882
          20.200  -0.000   0.761   1.518   2.270   3.032   4.613   5.919   6.997   7.881
          20.300  -0.000   0.762   1.521   2.273   3.034   4.612   5.918   6.995   7.880
          20.400  -0.000   0.764   1.524   2.277   3.036   4.612   5.916   6.994   7.878
          20.500  -0.000   0.765   1.527   2.281   3.038   4.611   5.914   6.992   7.877
          20.600  -0.000   0.766   1.529   2.285   3.040   4.611   5.913   6.991   7.876
          20.700  -0.000   0.767   1.532   2.290   3.043   4.610   5.911   6.989   7.874
          20.800  -0.000   0.769   1.535   2.294   3.047   4.610   5.910   6.987   7.873
          20.900  -0.000   0.770   1.537   2.298   3.051   4.610   5.908   6.986   7.872
          21.000  -0.000   0.772   1.540   2.302   3.056   4.609   5.906   6.984   7.870
          21.100  -0.000   0.773   1.543   2.306   3.061   4.609   5.904   6.982   7.869
          21.200  -0.000   0.774   1.545   2.311   3.066   4.608   5.903   6.980   7.868
          21.300  -0.000   0.776   1.548   2.314   3.072   4.608   5.901   6.979   7.867
          21.400  -0.000   0.777   1.551   2.319   3.077   4.608   5.900   6.977   7.865
          21.500  -0.000   0.779   1.554   2.322   3.083   4.608   5.899   6.976   7.864
          21.600  -0.000   0.780   1.557   2.327   3.089   4.608   5.897   6.974   7.863
          21.700  -0.000   0.781   1.560   2.332   3.094   4.607   5.895   6.972   7.862
          21.800  -0.000   0.783   1.563   2.336   3.100   4.607   5.893   6.971   7.861
          21.900  -0.000   0.784   1.566   2.340   3.106   4.607   5.892   6.969   7.859
          22.000  -0.000   0.786   1.569   2.345   3.112   4.607   5.890   6.968   7.858
          22.100  -0.000   0.787   1.572   2.349   3.118   4.606   5.888   6.966   7.857
          22.200  -0.000   0.789   1.575   2.354   3.124   4.606   5.887   6.965   7.856
          22.300  -0.000   0.790   1.578   2.358   3.130   4.606   5.885   6.964   7.855
          22.400  -0.000   0.792   1.581   2.363   3.136   4.606   5.884   6.962   7.854
          22.500  -0.000   0.793   1.584   2.367   3.142   4.606   5.882   6.961   7.852
          22.600  -0.000   0.795   1.586   2.372   3.148   4.606   5.880   6.959   7.851
          22.700  -0.000   0.797   1.590   2.377   3.154   4.606   5.879   6.958   7.850
          22.800  -0.000   0.798   1.592   2.381   3.160   4.604   5.877   6.957   7.849
          22.900  -0.000   0.799   1.596   2.386   3.166   4.604   5.876   6.956   7.848
          23.000  -0.000   0.801   1.599   2.391   3.172   4.606   5.874   6.954   7.847
          23.100  -0.000   0.803   1.603   2.396   3.179   4.607   5.873   6.953   7.846
          23.200  -0.000   0.805   1.606   2.399   3.185   4.607   5.872   6.952   7.845
          23.300  -0.000   0.806   1.609   2.404   3.191   4.608   5.872   6.951   7.844
          23.400  -0.000   0.808   1.612   2.410   3.196   4.608   5.870   6.950   7.843
          23.500  -0.000   0.809   1.616   2.415   3.202   4.609   5.869   6.950   7.842
          23.600  -0.000   0.811   1.619   2.420   3.208   4.610   5.865   6.948   7.841
          23.700  -0.000   0.813   1.622   2.425   3.213   4.612   5.867   6.947   7.840
          23.800  -0.000   0.814   1.626   2.430   3.218   4.613   5.866   6.946   7.840
          23.900  -0.000   0.816   1.629   2.435   3.224   4.612   5.865   6.945   7.839
          24.000  -0.000   0.818   1.632   2.440   3.229   4.617   5.864   6.944   7.838
          24.100  -0.000   0.820   1.636   2.445   3.233   4.619   5.863   6.943   7.837
          24.200  -0.000   0.821   1.639   2.450   3.238   4.621   5.863   6.942   7.836
          24.300  -0.000   0.823   1.643   2.456   3.242   4.624   5.862   6.942   7.836
          24.400  -0.000   0.825   1.646   2.461   3.246   4.626   5.861   6.941   7.835
          24.500  -0.000   0.827   1.650   2.466   3.250   4.629   5.861   6.940   7.834
          24.600  -0.000   0.828   1.653   2.470   3.254   4.632   5.858   6.939   7.834
          24.700  -0.000   0.830   1.657   2.476   3.257   4.634   5.860   6.939   7.833
          24.800  -0.000   0.832   1.660   2.481   3.260   4.636   5.860   6.938   7.833
          24.900  -0.000   0.834   1.664   2.485   3.262   4.639   5.860   6.937   7.832
          25.000  -0.000   0.835   1.667   2.492   3.265   4.641   5.860   6.937   7.832
          25.100  -0.000   0.837   1.671   2.496   3.267   4.643   5.861   6.936   7.831
          25.200  -0.000   0.839   1.675   2.501   3.270   4.645   5.861   6.936   7.831
          25.300  -0.000   0.841   1.678   2.506   3.272   4.647   5.862   6.936   7.831
          25.400  -0.000   0.843   1.682   2.510   3.274   4.649   5.863   6.936   7.831
          25.500  -0.000   0.845   1.686   2.515   3.276   4.651   5.864   6.936   7.831
          25.600  -0.000   0.847   1.690   2.519   3.278   4.653   5.865   6.936   7.831
          25.700  -0.000   0.848   1.693   2.522   3.280   4.654   5.866   6.936   7.831
          25.800  -0.000   0.850   1.697   2.526   3.282   4.656   5.868   6.936   7.831
          25.900  -0.000   0.852   1.701   2.529   3.283   4.658   5.870   6.936   7.831
          26.000  -0.000   0.854   1.705   2.532   3.284   4.659   5.872   6.937   7.831


        KN AS A FUNCTION OF DRAUGHT AND HEELING ANGLE
        INITIAL TRIM:  1.00 M                                        UNIT:     m
        ========================================================================

         INITIAL     HEELING ANGLE (DEGREES)
         DRAUGHT     0.0     5.0    10.0    15.0    20.0    30.0    40.0    50.0    60.0
           0.000  -0.002  11.703  13.286  14.038  14.425  14.601  14.307  13.750  13.223
           0.100  -0.001  12.191  14.063  14.982  15.478  15.660  15.122  14.148  12.953
           0.200  -0.001  12.351  14.398  15.405  15.927  16.058  15.420  14.277  12.832
           0.300  -0.001  12.273  14.465  15.518  16.046  16.175  15.520  14.336  12.827
           0.400  -0.001  11.948  14.289  15.398  15.961  16.143  15.532  14.382  12.898
           0.500  -0.001  11.533  14.023  15.194  15.805  16.062  15.516  14.426  12.991
           0.600  -0.001  11.089  13.725  14.963  15.623  15.963  15.489  14.469  13.085
           0.700  -0.001  10.637  13.418  14.720  15.432  15.856  15.458  14.510  13.174
           0.800  -0.001  10.190  13.112  14.478  15.240  15.749  15.425  14.549  13.253
           0.900  -0.001   9.746  12.810  14.242  15.050  15.642  15.391  14.586  13.323
           1.000  -0.001   9.320  12.516  14.013  14.865  15.537  15.358  14.620  13.382
           1.100  -0.001   8.914  12.231  13.790  14.686  15.435  15.325  14.647  13.432
           1.200  -0.001   8.529  11.955  13.575  14.512  15.336  15.292  14.669  13.473
           1.300  -0.001   8.160  11.687  13.365  14.345  15.240  15.261  14.684  13.506
           1.400  -0.001   7.807  11.425  13.162  14.182  15.146  15.230  14.694  13.532
           1.500  -0.001   7.468  11.165  12.966  14.026  15.056  15.200  14.697  13.553
           1.600  -0.001   7.143  10.914  12.776  13.874  14.968  15.171  14.696  13.568
           1.700  -0.001   6.832  10.672  12.591  13.726  14.883  15.142  14.690  13.579
           1.800  -0.001   6.535  10.439  12.412  13.583  14.799  15.112  14.679  13.586
           1.900  -0.001   6.256  10.215  12.237  13.444  14.718  15.081  14.664  13.591
           2.000  -0.001   5.996   9.998  12.065  13.309  14.638  15.049  14.645  13.592
           2.100  -0.001   5.756   9.788  11.894  13.177  14.561  15.014  14.623  13.591
           2.200  -0.001   5.535   9.586  11.726  13.049  14.486  14.978  14.598  13.588
           2.300  -0.001   5.332   9.389  11.562  12.925  14.413  14.939  14.570  13.584
           2.400  -0.001   5.143   9.198  11.404  12.804  14.341  14.898  14.540  13.577
           2.500  -0.001   4.969   9.011  11.251  12.685  14.272  14.855  14.508  13.570
           2.600  -0.001   4.807   8.829  11.103  12.568  14.204  14.810  14.474  13.561
           2.700  -0.001   4.657   8.652  10.959  12.452  14.139  14.763  14.439  13.550
           2.800  -0.001   4.517   8.480  10.818  12.337  14.075  14.714  14.401  13.538
           2.900  -0.001   4.386   8.312  10.681  12.223  14.012  14.664  14.363  13.525
           3.000  -0.001   4.264   8.148  10.548  12.112  13.951  14.611  14.323  13.511
           3.100  -0.001   4.150   7.988  10.418  12.003  13.891  14.557  14.282  13.496
           3.200  -0.001   4.043   7.831  10.291  11.898  13.831  14.502  14.239  13.482
           3.300  -0.001   3.942   7.677  10.168  11.795  13.772  14.446  14.195  13.466
           3.400  -0.001   3.847   7.527  10.047  11.696  13.712  14.388  14.149  13.451
           3.500  -0.001   3.758   7.380   9.928  11.598  13.651  14.329  14.102  13.435
           3.600  -0.001   3.673   7.236   9.811  11.503  13.589  14.269  14.054  13.419
           3.700  -0.001   3.592   7.095   9.697  11.410  13.527  14.208  14.006  13.402
           3.800  -0.001   3.517   6.958   9.585  11.319  13.463  14.145  13.957  13.384
           3.900  -0.001   3.445   6.827   9.474  11.229  13.399  14.081  13.906  13.365
           4.000  -0.001   3.377   6.700   9.366  11.142  13.333  14.016  13.856  13.345
           4.100  -0.001   3.311   6.579   9.259  11.056  13.266  13.949  13.805  13.324
           4.200  -0.001   3.249   6.463   9.154  10.971  13.197  13.881  13.754  13.302
           4.300  -0.001   3.189   6.351   9.051  10.888  13.127  13.811  13.703  13.280
           4.400  -0.001   3.132   6.244   8.949  10.806  13.054  13.741  13.651  13.256
           4.500  -0.001   3.078   6.142   8.849  10.726  12.980  13.669  13.599  13.233
           4.600  -0.001   3.026   6.043   8.749  10.646  12.904  13.597  13.547  13.209
           4.700  -0.001   2.977   5.949   8.652  10.568  12.827  13.525  13.494  13.184
           4.800  -0.001   2.930   5.859   8.555  10.491  12.750  13.452  13.442  13.158
           4.900  -0.001   2.885   5.772   8.460  10.415  12.670  13.379  13.389  13.132
           5.000  -0.001   2.842   5.689   8.367  10.340  12.590  13.306  13.337  13.105
           5.100  -0.001   2.801   5.608   8.274  10.266  12.509  13.233  13.285  13.076
           5.200  -0.001   2.761   5.530   8.183  10.193  12.426  13.159  13.233  13.047
           5.300  -0.001   2.723   5.455   8.093  10.121  12.344  13.085  13.182  13.017
           5.400  -0.001   2.687   5.384   8.004  10.050  12.260  13.010  13.131  12.988
           5.500  -0.001   2.652   5.315   7.916   9.979  12.176  12.934  13.080  12.958
           5.600  -0.001   2.619   5.248   7.830   9.908  12.091  12.858  13.029  12.927
           5.700  -0.001   2.587   5.184   7.746   9.837  12.006  12.780  12.978  12.896
           5.800  -0.001   2.557   5.123   7.663   9.766  11.920  12.703  12.926  12.865
           5.900  -0.001   2.527   5.064   7.582   9.694  11.833  12.625  12.875  12.834
           6.000  -0.001   2.499   5.007   7.504   9.622  11.746  12.547  12.824  12.801
           6.100  -0.001   2.472   4.952   7.427   9.549  11.659  12.469  12.772  12.769
           6.200  -0.001   2.445   4.899   7.352   9.475  11.571  12.391  12.720  12.735
           6.300  -0.000   2.420   4.849   7.280   9.401  11.483  12.314  12.666  12.699
           6.400  -0.000   2.396   4.800   7.210   9.325  11.395  12.236  12.612  12.662
           6.500  -0.000   2.372   4.754   7.142   9.248  11.306  12.159  12.556  12.624
           6.600  -0.000   2.350   4.709   7.076   9.170  11.217  12.081  12.500  12.584
           6.700  -0.000   2.328   4.665   7.012   9.090  11.128  12.004  12.443  12.541
           6.800  -0.000   2.307   4.623   6.950   9.009  11.038  11.926  12.387  12.496
           6.900  -0.000   2.287   4.582   6.890   8.926  10.948  11.849  12.330  12.448
           7.000  -0.000   2.267   4.543   6.832   8.842  10.857  11.771  12.273  12.397
           7.100  -0.000   2.248   4.505   6.776   8.757  10.766  11.694  12.216  12.344
           7.200  -0.000   2.230   4.469   6.722   8.670  10.675  11.616  12.159  12.290
           7.300  -0.000   2.212   4.434   6.668   8.583  10.583  11.538  12.101  12.234
           7.400  -0.000   2.195   4.399   6.616   8.494  10.491  11.460  12.044  12.177
           7.500  -0.000   2.178   4.366   6.564   8.405  10.398  11.382  11.986  12.118
           7.600  -0.000   2.162   4.334   6.513   8.315  10.305  11.304  11.929  12.059
           7.700  -0.000   2.147   4.303   6.462   8.224  10.212  11.225  11.871  11.998
           7.800  -0.000   2.132   4.273   6.410   8.134  10.118  11.146  11.812  11.936
           7.900  -0.000   2.118   4.244   6.359   8.042  10.023  11.068  11.754  11.874
           8.000  -0.000   2.104   4.216   6.307   7.951   9.928  10.988  11.694  11.812
           8.100  -0.000   2.090   4.189   6.254   7.861   9.833  10.909  11.634  11.750
           8.200  -0.000   2.077   4.163   6.200   7.770   9.737  10.829  11.572  11.688
           8.300  -0.000   2.065   4.138   6.146   7.679   9.640  10.749  11.508  11.624
           8.400  -0.000   2.052   4.113   6.090   7.589   9.542  10.669  11.443  11.560
           8.500  -0.000   2.040   4.089   6.034   7.499   9.444  10.589  11.377  11.496
           8.600  -0.000   2.029   4.067   5.977   7.409   9.346  10.508  11.308  11.430
           8.700  -0.000   2.018   4.044   5.918   7.319   9.247  10.428  11.238  11.364
           8.800  -0.000   2.007   4.023   5.859   7.229   9.147  10.346  11.166  11.297
           8.900  -0.000   1.997   4.002   5.799   7.139   9.048  10.265  11.092  11.230
           9.000  -0.000   1.987   3.982   5.738   7.049   8.948  10.182  11.016  11.162
           9.100  -0.000   1.977   3.962   5.677   6.959   8.847  10.099  10.938  11.093
           9.200  -0.000   1.967   3.942   5.614   6.869   8.746  10.016  10.858  11.024
           9.300  -0.000   1.958   3.922   5.551   6.779   8.644   9.933  10.777  10.954
           9.400  -0.000   1.949   3.901   5.487   6.690   8.542   9.850  10.694  10.884
           9.500  -0.000   1.941   3.878   5.422   6.600   8.439   9.767  10.611  10.813
           9.600  -0.000   1.933   3.855   5.356   6.510   8.336   9.682  10.527  10.742
           9.700  -0.000   1.925   3.829   5.290   6.420   8.232   9.597  10.443  10.670
           9.800  -0.000   1.917   3.802   5.223   6.330   8.127   9.512  10.357  10.598
           9.900  -0.000   1.909   3.772   5.154   6.240   8.023   9.426  10.271  10.525
          10.000  -0.000   1.902   3.741   5.085   6.150   7.917   9.339  10.184  10.452
          10.100  -0.000   1.895   3.706   5.015   6.059   7.812   9.251  10.097  10.377
          10.200  -0.000   1.888   3.670   4.944   5.969   7.707   9.161  10.008  10.303
          10.300  -0.000   1.881   3.631   4.872   5.878   7.602   9.069   9.919  10.227
          10.400  -0.000   1.875   3.589   4.799   5.787   7.497   8.976   9.829  10.151
          10.500  -0.000   1.868   3.546   4.725   5.696   7.392   8.881   9.738  10.074
          10.600  -0.000   1.862   3.500   4.650   5.605   7.288   8.784   9.646   9.997
          10.700  -0.000   1.856   3.453   4.574   5.513   7.185   8.686   9.554   9.919
          10.800  -0.000   1.850   3.403   4.497   5.422   7.082   8.585   9.462   9.841
          10.900  -0.000   1.843   3.351   4.419   5.330   6.979   8.484   9.369   9.762
          11.000  -0.000   1.837   3.298   4.340   5.239   6.877   8.380   9.275   9.684
          11.100  -0.000   1.830   3.242   4.261   5.147   6.777   8.275   9.181   9.604
          11.200  -0.000   1.820   3.184   4.180   5.055   6.676   8.169   9.086   9.525
          11.300  -0.000   1.809   3.123   4.098   4.963   6.577   8.062   8.991   9.445
          11.400  -0.000   1.794   3.060   4.015   4.871   6.479   7.955   8.895   9.365
          11.500  -0.000   1.777   2.996   3.932   4.778   6.381   7.848   8.799   9.285
          11.600  -0.000   1.755   2.928   3.847   4.686   6.284   7.741   8.702   9.205
          11.700  -0.000   1.728   2.859   3.762   4.593   6.189   7.635   8.605   9.124
          11.800  -0.000   1.697   2.788   3.676   4.501   6.094   7.528   8.507   9.044
          11.900  -0.000   1.661   2.714   3.589   4.408   6.000   7.422   8.409   8.964
          12.000  -0.000   1.621   2.638   3.500   4.315   5.906   7.316   8.311   8.885
          12.100  -0.000   1.576   2.560   3.411   4.222   5.814   7.210   8.212   8.807
          12.200  -0.000   1.525   2.480   3.322   4.129   5.722   7.105   8.114   8.729
          12.300  -0.000   1.470   2.397   3.231   4.036   5.632   7.001   8.016   8.653
          12.400  -0.000   1.410   2.313   3.139   3.943   5.540   6.897   7.919   8.577
          12.500  -0.000   1.344   2.226   3.047   3.849   5.448   6.793   7.823   8.502
          12.600  -0.000   1.274   2.138   2.954   3.756   5.355   6.691   7.729   8.430
          12.700  -0.000   1.199   2.048   2.860   3.663   5.261   6.590   7.636   8.359
          12.800  -0.000   1.124   1.960   2.770   3.574   5.166   6.491   7.546   8.290
          12.900  -0.000   1.053   1.877   2.685   3.490   5.072   6.397   7.461   8.224
          13.000  -0.000   0.985   1.801   2.607   3.413   4.982   6.309   7.382   8.165
          13.100  -0.000   0.922   1.732   2.537   3.344   4.900   6.230   7.310   8.113
          13.200  -0.000   0.866   1.672   2.477   3.285   4.829   6.161   7.249   8.070
          13.300  -0.000   0.819   1.623   2.430   3.240   4.772   6.105   7.201   8.034
          13.400  -0.000   0.784   1.589   2.396   3.208   4.733   6.066   7.168   8.008
          13.500  -0.000   0.766   1.570   2.379   3.191   4.713   6.047   7.152   7.994
          13.600  -0.000   0.759   1.564   2.373   3.186   4.709   6.044   7.149   7.992
          13.700  -0.000   0.754   1.559   2.368   3.182   4.707   6.042   7.146   7.990
          13.800  -0.000   0.748   1.554   2.364   3.178   4.705   6.040   7.144   7.988
          13.900  -0.000   0.743   1.548   2.359   3.174   4.703   6.038   7.142   7.987
          14.000  -0.000   0.738   1.543   2.355   3.171   4.701   6.036   7.139   7.985
          14.100  -0.000   0.733   1.538   2.350   3.167   4.699   6.034   7.137   7.983
          14.200  -0.000   0.729   1.533   2.345   3.163   4.697   6.032   7.135   7.982
          14.300  -0.000   0.725   1.528   2.341   3.159   4.695   6.030   7.132   7.980
          14.400  -0.000   0.721   1.523   2.336   3.155   4.693   6.028   7.130   7.978
          14.500  -0.000   0.718   1.518   2.332   3.151   4.691   6.027   7.128   7.976
          14.600  -0.000   0.716   1.513   2.328   3.148   4.689   6.025   7.125   7.975
          14.700  -0.000   0.714   1.509   2.323   3.144   4.687   6.023   7.123   7.973
          14.800  -0.000   0.712   1.504   2.319   3.140   4.686   6.021   7.121   7.971
          14.900  -0.000   0.711   1.499   2.315   3.137   4.684   6.019   7.118   7.970
          15.000  -0.000   0.710   1.495   2.310   3.133   4.682   6.017   7.116   7.968
          15.100  -0.000   0.710   1.491   2.306   3.130   4.680   6.015   7.114   7.966
          15.200  -0.000   0.710   1.486   2.302   3.126   4.679   6.014   7.111   7.965
          15.300  -0.000   0.711   1.482   2.298   3.123   4.677   6.012   7.109   7.963
          15.400  -0.000   0.711   1.478   2.294   3.119   4.675   6.010   7.106   7.961
          15.500  -0.000   0.712   1.474   2.290   3.116   4.674   6.008   7.104   7.960
          15.600  -0.000   0.713   1.471   2.286   3.112   4.672   6.006   7.102   7.958
          15.700  -0.000   0.714   1.467   2.282   3.109   4.671   6.005   7.099   7.956
          15.800  -0.000   0.715   1.464   2.278   3.106   4.669   6.003   7.097   7.955
          15.900  -0.000   0.716   1.461   2.275   3.103   4.668   6.001   7.095   7.953
          16.000  -0.000   0.717   1.458   2.271   3.099   4.666   5.999   7.092   7.952
          16.100  -0.000   0.717   1.456   2.268   3.096   4.665   5.998   7.090   7.950
          16.200  -0.000   0.718   1.453   2.264   3.093   4.663   5.996   7.088   7.948
          16.300  -0.000   0.719   1.451   2.261   3.090   4.662   5.994   7.085   7.947
          16.400  -0.000   0.720   1.450   2.257   3.087   4.661   5.992   7.083   7.945
          16.500  -0.000   0.721   1.449   2.254   3.084   4.659   5.991   7.081   7.943
          16.600  -0.000   0.722   1.448   2.251   3.081   4.658   5.989   7.078   7.942
          16.700  -0.000   0.723   1.448   2.248   3.079   4.657   5.987   7.076   7.940
          16.800  -0.000   0.724   1.448   2.245   3.076   4.655   5.985   7.074   7.939
          16.900  -0.000   0.725   1.449   2.242   3.073   4.654   5.984   7.071   7.937
          17.000  -0.000   0.726   1.450   2.240   3.071   4.653   5.982   7.069   7.935
          17.100  -0.000   0.727   1.451   2.237   3.068   4.652   5.980   7.067   7.934
          17.200  -0.000   0.728   1.453   2.235   3.066   4.650   5.979   7.064   7.932
          17.300  -0.000   0.729   1.455   2.233   3.063   4.649   5.977   7.062   7.930
          17.400  -0.000   0.730   1.457   2.230   3.061   4.648   5.975   7.060   7.929
          17.500  -0.000   0.731   1.459   2.229   3.059   4.647   5.973   7.058   7.927
          17.600  -0.000   0.732   1.461   2.227   3.056   4.646   5.972   7.056   7.925
          17.700  -0.000   0.733   1.463   2.225   3.054   4.645   5.970   7.053   7.924
          17.800  -0.000   0.734   1.466   2.224   3.052   4.644   5.968   7.051   7.922
          17.900  -0.000   0.735   1.468   2.223   3.050   4.643   5.967   7.049   7.920
          18.000  -0.000   0.736   1.470   2.222   3.049   4.642   5.965   7.047   7.919
          18.100  -0.000   0.738   1.472   2.221   3.047   4.641   5.963   7.045   7.917
          18.200  -0.000   0.739   1.474   2.221   3.045   4.640   5.961   7.043   7.915
          18.300  -0.000   0.740   1.476   2.221   3.044   4.639   5.960   7.041   7.914
          18.400  -0.000   0.741   1.479   2.221   3.042   4.638   5.958   7.039   7.912
          18.500  -0.000   0.742   1.481   2.222   3.041   4.637   5.956   7.037   7.910
          18.600  -0.000   0.743   1.483   2.223   3.040   4.636   5.955   7.035   7.909
          18.700  -0.000   0.744   1.486   2.225   3.039   4.635   5.953   7.033   7.907
          18.800  -0.000   0.746   1.488   2.227   3.038   4.635   5.951   7.031   7.907
          18.900  -0.000   0.747   1.490   2.229   3.037   4.634   5.950   7.029   7.905
          19.000  -0.000   0.748   1.493   2.232   3.036   4.633   5.948   7.027   7.904
          19.100  -0.000   0.749   1.495   2.235   3.036   4.632   5.946   7.025   7.902
          19.200  -0.000   0.750   1.497   2.238   3.035   4.631   5.945   7.023   7.900
          19.300  -0.000   0.751   1.500   2.242   3.035   4.631   5.943   7.020   7.899
          19.400  -0.000   0.753   1.502   2.245   3.035   4.630   5.941   7.018   7.897
          19.500  -0.000   0.754   1.505   2.249   3.035   4.629   5.940   7.016   7.896
          19.600  -0.000   0.755   1.507   2.253   3.035   4.629   5.938   7.014   7.895
          19.700  -0.000   0.756   1.510   2.257   3.036   4.628   5.936   7.012   7.893
          19.800  -0.000   0.758   1.512   2.260   3.036   4.627   5.935   7.010   7.892
          19.900  -0.000   0.759   1.515   2.264   3.037   4.627   5.933   7.008   7.890
          20.000  -0.000   0.760   1.517   2.268   3.038   4.626   5.931   7.006   7.889
          20.100  -0.000   0.761   1.520   2.272   3.039   4.625   5.930   7.004   7.887
          20.200  -0.000   0.763   1.523   2.276   3.041   4.625   5.928   7.003   7.886
          20.300  -0.000   0.764   1.526   2.280   3.043   4.624   5.926   7.002   7.885
          20.400  -0.000   0.766   1.528   2.284   3.045   4.624   5.925   7.000   7.883
          20.500  -0.000   0.767   1.531   2.288   3.047   4.623   5.923   6.998   7.882
          20.600  -0.000   0.768   1.533   2.292   3.050   4.623   5.921   6.996   7.881
          20.700  -0.000   0.770   1.536   2.296   3.054   4.623   5.920   6.995   7.879
          20.800  -0.000   0.771   1.539   2.300   3.057   4.622   5.918   6.993   7.878
          20.900  -0.000   0.772   1.541   2.305   3.061   4.622   5.916   6.991   7.877
          21.000  -0.000   0.774   1.544   2.308   3.066   4.621   5.914   6.989   7.875
          21.100  -0.000   0.775   1.547   2.313   3.070   4.621   5.913   6.988   7.874
          21.200  -0.000   0.777   1.550   2.317   3.075   4.621   5.912   6.986   7.873
          21.300  -0.000   0.778   1.553   2.320   3.081   4.621   5.910   6.984   7.871
          21.400  -0.000   0.779   1.556   2.326   3.086   4.621   5.908   6.983   7.870
          21.500  -0.000   0.781   1.558   2.330   3.092   4.620   5.907   6.981   7.869
          21.600  -0.000   0.782   1.562   2.334   3.098   4.620   5.905   6.980   7.867
          21.700  -0.000   0.784   1.565   2.339   3.104   4.620   5.903   6.978   7.866
          21.800  -0.000   0.785   1.567   2.343   3.109   4.619   5.902   6.976   7.865
          21.900  -0.000   0.787   1.570   2.348   3.115   4.619   5.900   6.975   7.864
          22.000  -0.000   0.788   1.573   2.352   3.121   4.619   5.898   6.973   7.862
          22.100  -0.000   0.790   1.576   2.357   3.127   4.619   5.896   6.972   7.861
          22.200  -0.000   0.791   1.580   2.361   3.133   4.618   5.895   6.971   7.860
          22.300  -0.000   0.793   1.583   2.366   3.139   4.618   5.893   6.969   7.859
          22.400  -0.000   0.794   1.586   2.370   3.146   4.618   5.892   6.968   7.858
          22.500  -0.000   0.796   1.589   2.375   3.152   4.618   5.890   6.966   7.857
          22.600  -0.000   0.798   1.592   2.380   3.158   4.618   5.888   6.965   7.855
          22.700  -0.000   0.799   1.595   2.384   3.164   4.618   5.887   6.964   7.854
          22.800  -0.000   0.801   1.598   2.389   3.170   4.618   5.885   6.963   7.853
          22.900  -0.000   0.802   1.601   2.394   3.176   4.619   5.884   6.961   7.852
          23.000  -0.000   0.804   1.605   2.399   3.181   4.619   5.884   6.960   7.851
          23.100  -0.000   0.806   1.608   2.404   3.188   4.619   5.882   6.960   7.850
          23.200  -0.000   0.807   1.611   2.408   3.194   4.619   5.881   6.958   7.849
          23.300  -0.000   0.809   1.614   2.413   3.200   4.620   5.880   6.957   7.848
          23.400  -0.000   0.811   1.618   2.418   3.206   4.621   5.878   6.956   7.847
          23.500  -0.000   0.812   1.621   2.423   3.212   4.621   5.877   6.955   7.846
          23.600  -0.000   0.814   1.624   2.428   3.218   4.620   5.876   6.954   7.845
          23.700  -0.000   0.816   1.628   2.433   3.223   4.623   5.875   6.953   7.844
          23.800  -0.000   0.817   1.631   2.438   3.229   4.625   5.874   6.951   7.843
          23.900  -0.000   0.819   1.633   2.443   3.234   4.626   5.870   6.950   7.842
          24.000  -0.000   0.821   1.638   2.449   3.239   4.628   5.872   6.949   7.842
          24.100  -0.000   0.822   1.641   2.454   3.244   4.630   5.871   6.948   7.841
          24.200  -0.000   0.824   1.645   2.459   3.248   4.633   5.870   6.948   7.840
          24.300  -0.000   0.826   1.648   2.464   3.253   4.635   5.870   6.947   7.839
          24.400  -0.000   0.828   1.652   2.469   3.257   4.638   5.869   6.946   7.838
          24.500  -0.000   0.829   1.655   2.475   3.261   4.640   5.869   6.945   7.838
          24.600  -0.000   0.831   1.659   2.480   3.265   4.643   5.868   6.944   7.837
          24.700  -0.000   0.833   1.663   2.485   3.269   4.645   5.868   6.944   7.837
          24.800  -0.000   0.835   1.666   2.490   3.272   4.647   5.868   6.943   7.836
          24.900  -0.000   0.837   1.670   2.495   3.274   4.649   5.868   6.942   7.836
          25.000  -0.000   0.838   1.673   2.500   3.277   4.651   5.868   6.942   7.835
          25.100  -0.000   0.840   1.677   2.504   3.279   4.653   5.868   6.942   7.835
          25.200  -0.000   0.842   1.681   2.509   3.281   4.655   5.869   6.941   7.835
          25.300  -0.000   0.844   1.685   2.514   3.283   4.657   5.869   6.941   7.834
          25.400  -0.000   0.846   1.688   2.518   3.285   4.658   5.870   6.941   7.834
          25.500  -0.000   0.848   1.692   2.522   3.287   4.660   5.871   6.941   7.834
          25.600  -0.000   0.850   1.696   2.526   3.288   4.662   5.873   6.941   7.834
          25.700  -0.000   0.852   1.700   2.530   3.290   4.663   5.874   6.941   7.834
          25.800  -0.000   0.853   1.703   2.533   3.291   4.665   5.876   6.941   7.834
          25.900  -0.000   0.855   1.707   2.537   3.292   4.666   5.878   6.941   7.834
          26.000  -0.000   0.857   1.711   2.540   3.293   4.667   5.880   6.942   7.835

        KN AS A FUNCTION OF DRAUGHT AND HEELING ANGLE
        INITIAL TRIM:  1.50 M                                        UNIT:     m
        ========================================================================

         INITIAL     HEELING ANGLE (DEGREES)
         DRAUGHT     0.0     5.0    10.0    15.0    20.0    30.0    40.0    50.0    60.0
           0.000  -0.002  10.766  12.516  13.374  13.852  14.196  14.094  13.743  13.378
           0.100  -0.002  11.047  12.995  13.969  14.527  14.954  14.721  14.086  13.256
           0.200  -0.001  11.154  13.253  14.313  14.925  15.362  15.046  14.250  13.172
           0.300  -0.001  11.154  13.380  14.496  15.141  15.575  15.215  14.339  13.133
           0.400  -0.001  11.058  13.414  14.577  15.243  15.676  15.301  14.394  13.126
           0.500  -0.001  10.833  13.324  14.536  15.228  15.688  15.333  14.437  13.152
           0.600  -0.001  10.524  13.148  14.414  15.139  15.648  15.334  14.476  13.197
           0.700  -0.001  10.178  12.932  14.256  15.017  15.584  15.322  14.512  13.247
           0.800  -0.001   9.815  12.697  14.079  14.878  15.509  15.302  14.545  13.296
           0.900  -0.001   9.447  12.453  13.894  14.730  15.427  15.279  14.573  13.343
           1.000  -0.001   9.076  12.205  13.705  14.578  15.342  15.254  14.597  13.385
           1.100  -0.001   8.708  11.957  13.515  14.427  15.255  15.227  14.615  13.422
           1.200  -0.001   8.349  11.712  13.327  14.277  15.169  15.200  14.628  13.454
           1.300  -0.001   8.004  11.470  13.141  14.130  15.083  15.173  14.635  13.480
           1.400  -0.001   7.671  11.233  12.958  13.985  14.998  15.146  14.639  13.501
           1.500  -0.001   7.350  11.000  12.779  13.843  14.914  15.118  14.637  13.519
           1.600  -0.001   7.041  10.768  12.603  13.704  14.833  15.091  14.631  13.532
           1.700  -0.001   6.744  10.539  12.431  13.568  14.753  15.062  14.622  13.543
           1.800  -0.001   6.462  10.317  12.263  13.435  14.675  15.031  14.608  13.550
           1.900  -0.001   6.195  10.101  12.099  13.305  14.599  14.999  14.592  13.555
           2.000  -0.001   5.944   9.892  11.939  13.178  14.524  14.965  14.572  13.558
           2.100  -0.001   5.711   9.690  11.781  13.054  14.452  14.929  14.550  13.559
           2.200  -0.001   5.494   9.493  11.624  12.932  14.381  14.892  14.525  13.558
           2.300  -0.001   5.294   9.303  11.468  12.814  14.312  14.852  14.498  13.556
           2.400  -0.001   5.109   9.117  11.315  12.699  14.246  14.811  14.469  13.552
           2.500  -0.001   4.938   8.937  11.167  12.586  14.180  14.768  14.438  13.547
           2.600  -0.001   4.779   8.760  11.023  12.475  14.117  14.723  14.405  13.541
           2.700  -0.001   4.631   8.587  10.883  12.366  14.054  14.676  14.371  13.533
           2.800  -0.001   4.493   8.419  10.746  12.259  13.993  14.628  14.336  13.525
           2.900  -0.001   4.363   8.254  10.613  12.151  13.934  14.578  14.300  13.515
           3.000  -0.001   4.243   8.094  10.483  12.045  13.875  14.527  14.262  13.503
           3.100  -0.001   4.130   7.937  10.356  11.940  13.816  14.475  14.223  13.491
           3.200  -0.001   4.024   7.784  10.232  11.837  13.757  14.421  14.183  13.478
           3.300  -0.001   3.924   7.634  10.111  11.736  13.698  14.367  14.141  13.465
           3.400  -0.001   3.830   7.487   9.992  11.638  13.639  14.311  14.098  13.451
           3.500  -0.001   3.742   7.343   9.876  11.542  13.579  14.254  14.054  13.437
           3.600  -0.001   3.658   7.202   9.762  11.449  13.519  14.196  14.008  13.421
           3.700  -0.001   3.579   7.065   9.650  11.357  13.457  14.137  13.962  13.405
           3.800  -0.001   3.504   6.931   9.539  11.267  13.394  14.077  13.915  13.387
           3.900  -0.001   3.432   6.802   9.430  11.179  13.331  14.016  13.867  13.368
           4.000  -0.001   3.365   6.677   9.323  11.093  13.266  13.953  13.819  13.348
           4.100  -0.001   3.301   6.557   9.218  11.008  13.200  13.889  13.770  13.327
           4.200  -0.001   3.240   6.442   9.115  10.924  13.133  13.824  13.721  13.305
           4.300  -0.001   3.181   6.331   9.012  10.842  13.064  13.757  13.671  13.283
           4.400  -0.001   3.125   6.224   8.911  10.761  12.993  13.689  13.622  13.260
           4.500  -0.001   3.071   6.123   8.812  10.681  12.921  13.620  13.572  13.236
           4.600  -0.001   3.019   6.025   8.714  10.603  12.847  13.550  13.522  13.211
           4.700  -0.001   2.970   5.931   8.617  10.526  12.772  13.480  13.472  13.186
           4.800  -0.001   2.923   5.841   8.521  10.449  12.696  13.409  13.421  13.160
           4.900  -0.001   2.878   5.754   8.427  10.374  12.619  13.337  13.371  13.134
           5.000  -0.001   2.835   5.672   8.334  10.300  12.540  13.266  13.320  13.107
           5.100  -0.001   2.794   5.592   8.243  10.227  12.461  13.195  13.270  13.079
           5.200  -0.001   2.754   5.515   8.153  10.155  12.380  13.123  13.219  13.052
           5.300  -0.001   2.716   5.441   8.063  10.083  12.299  13.051  13.169  13.023
           5.400  -0.001   2.680   5.369   7.975  10.012  12.217  12.979  13.120  12.993
           5.500  -0.001   2.645   5.300   7.889   9.941  12.135  12.906  13.071  12.962
           5.600  -0.001   2.612   5.234   7.804   9.870  12.052  12.832  13.022  12.932
           5.700  -0.001   2.580   5.171   7.721   9.799  11.968  12.757  12.972  12.901
           5.800  -0.001   2.550   5.110   7.639   9.727  11.884  12.682  12.923  12.870
           5.900  -0.001   2.520   5.051   7.560   9.655  11.799  12.607  12.874  12.839
           6.000  -0.001   2.492   4.994   7.482   9.583  11.714  12.531  12.824  12.806
           6.100  -0.001   2.465   4.939   7.406   9.510  11.628  12.455  12.775  12.774
           6.200  -0.001   2.439   4.887   7.332   9.436  11.542  12.379  12.724  12.741
           6.300  -0.000   2.414   4.836   7.261   9.362  11.455  12.303  12.673  12.708
           6.400  -0.000   2.389   4.787   7.191   9.287  11.369  12.227  12.621  12.674
           6.500  -0.000   2.366   4.741   7.123   9.211  11.281  12.151  12.568  12.637
           6.600  -0.000   2.343   4.696   7.058   9.133  11.194  12.075  12.514  12.599
           6.700  -0.000   2.322   4.653   6.994   9.055  11.106  11.999  12.458  12.558
           6.800  -0.000   2.301   4.611   6.933   8.976  11.018  11.923  12.403  12.516
           6.900  -0.000   2.280   4.570   6.873   8.895  10.929  11.847  12.347  12.472
           7.000  -0.000   2.261   4.531   6.815   8.813  10.841  11.771  12.291  12.425
           7.100  -0.000   2.242   4.494   6.759   8.730  10.751  11.695  12.234  12.376
           7.200  -0.000   2.224   4.457   6.703   8.646  10.662  11.619  12.178  12.324
           7.300  -0.000   2.206   4.422   6.649   8.560  10.572  11.543  12.122  12.270
           7.400  -0.000   2.189   4.388   6.596   8.473  10.482  11.466  12.065  12.214
           7.500  -0.000   2.172   4.355   6.544   8.386  10.391  11.390  12.008  12.158
           7.600  -0.000   2.157   4.323   6.492   8.297  10.299  11.313  11.951  12.100
           7.700  -0.000   2.141   4.292   6.440   8.208  10.207  11.236  11.894  12.042
           7.800  -0.000   2.127   4.262   6.388   8.119  10.115  11.159  11.836  11.982
           7.900  -0.000   2.112   4.234   6.337   8.030  10.022  11.082  11.779  11.921
           8.000  -0.000   2.098   4.206   6.285   7.940   9.929  11.005  11.721  11.860
           8.100  -0.000   2.085   4.179   6.233   7.851   9.835  10.927  11.662  11.799
           8.200  -0.000   2.072   4.152   6.180   7.761   9.741  10.849  11.602  11.737
           8.300  -0.000   2.059   4.127   6.127   7.672   9.647  10.771  11.541  11.675
           8.400  -0.000   2.047   4.103   6.073   7.583   9.551  10.693  11.479  11.612
           8.500  -0.000   2.035   4.079   6.018   7.494   9.455  10.615  11.415  11.548
           8.600  -0.000   2.024   4.056   5.962   7.406   9.359  10.536  11.349  11.483
           8.700  -0.000   2.013   4.034   5.905   7.317   9.262  10.457  11.282  11.418
           8.800  -0.000   2.002   4.012   5.847   7.229   9.164  10.378  11.213  11.353
           8.900  -0.000   1.992   3.992   5.789   7.141   9.066  10.299  11.142  11.286
           9.000  -0.000   1.981   3.971   5.729   7.053   8.968  10.219  11.070  11.219
           9.100  -0.000   1.972   3.951   5.669   6.964   8.869  10.138  10.996  11.152
           9.200  -0.000   1.962   3.930   5.608   6.876   8.770  10.057  10.919  11.084
           9.300  -0.000   1.953   3.909   5.546   6.788   8.671   9.976  10.841  11.015
           9.400  -0.000   1.944   3.888   5.484   6.700   8.571   9.894  10.761  10.946
           9.500  -0.000   1.936   3.865   5.420   6.612   8.470   9.813  10.679  10.876
           9.600  -0.000   1.928   3.841   5.356   6.524   8.369   9.731  10.597  10.806
           9.700  -0.000   1.920   3.816   5.291   6.435   8.267   9.648  10.514  10.735
           9.800  -0.000   1.912   3.789   5.226   6.347   8.165   9.564  10.430  10.664
           9.900  -0.000   1.904   3.760   5.159   6.259   8.063   9.480  10.346  10.592
          10.000  -0.000   1.897   3.730   5.092   6.170   7.960   9.396  10.261  10.520
          10.100  -0.000   1.890   3.697   5.024   6.082   7.857   9.310  10.175  10.447
          10.200  -0.000   1.883   3.662   4.955   5.993   7.754   9.224  10.088  10.373
          10.300  -0.000   1.877   3.625   4.885   5.904   7.651   9.136  10.000  10.299
          10.400  -0.000   1.870   3.586   4.814   5.815   7.548   9.047   9.912  10.224
          10.500  -0.000   1.864   3.544   4.741   5.726   7.446   8.955   9.823  10.149
          10.600  -0.000   1.858   3.501   4.668   5.637   7.343   8.862   9.733  10.072
          10.700  -0.000   1.852   3.455   4.594   5.547   7.241   8.767   9.643   9.996
          10.800  -0.000   1.846   3.407   4.519   5.458   7.140   8.671   9.551   9.919
          10.900  -0.000   1.840   3.357   4.443   5.368   7.039   8.573   9.459   9.841
          11.000  -0.000   1.833   3.305   4.366   5.278   6.939   8.473   9.367   9.763
          11.100  -0.000   1.824   3.251   4.288   5.188   6.840   8.371   9.274   9.685
          11.200  -0.000   1.814   3.195   4.209   5.098   6.741   8.268   9.180   9.607
          11.300  -0.000   1.801   3.137   4.130   5.007   6.643   8.163   9.086   9.528
          11.400  -0.000   1.786   3.076   4.049   4.917   6.546   8.057   8.991   9.449
          11.500  -0.000   1.768   3.013   3.967   4.827   6.449   7.951   8.896   9.370
          11.600  -0.000   1.747   2.948   3.885   4.736   6.354   7.845   8.801   9.290
          11.700  -0.000   1.722   2.881   3.801   4.645   6.259   7.739   8.704   9.211
          11.800  -0.000   1.693   2.812   3.717   4.554   6.166   7.634   8.608   9.131
          11.900  -0.000   1.660   2.741   3.632   4.463   6.073   7.528   8.510   9.051
          12.000  -0.000   1.622   2.667   3.546   4.372   5.981   7.423   8.413   8.971
          12.100  -0.000   1.579   2.592   3.459   4.281   5.890   7.319   8.315   8.892
          12.200  -0.000   1.531   2.514   3.372   4.190   5.799   7.214   8.217   8.814
          12.300  -0.000   1.478   2.435   3.283   4.099   5.710   7.111   8.119   8.736
          12.400  -0.000   1.421   2.353   3.194   4.007   5.621   7.007   8.021   8.659
          12.500  -0.000   1.360   2.270   3.105   3.916   5.533   6.905   7.924   8.583
          12.600  -0.000   1.296   2.187   3.016   3.826   5.445   6.803   7.828   8.509
          12.700  -0.000   1.233   2.106   2.930   3.740   5.358   6.703   7.736   8.437
          12.800  -0.000   1.170   2.028   2.848   3.657   5.272   6.607   7.647   8.369
          12.900  -0.000   1.110   1.954   2.770   3.579   5.187   6.516   7.565   8.305
          13.000  -0.000   1.051   1.884   2.697   3.505   5.104   6.430   7.488   8.246
          13.100  -0.000   0.994   1.818   2.628   3.437   5.024   6.351   7.416   8.191
          13.200  -0.000   0.940   1.757   2.566   3.375   4.949   6.278   7.351   8.143
          13.300  -0.000   0.889   1.701   2.510   3.319   4.882   6.214   7.293   8.101
          13.400  -0.000   0.844   1.653   2.461   3.272   4.825   6.158   7.243   8.066
          13.500  -0.000   0.806   1.613   2.422   3.234   4.778   6.112   7.204   8.036
          13.600  -0.000   0.777   1.582   2.392   3.206   4.743   6.077   7.174   8.014
          13.700  -0.000   0.757   1.563   2.373   3.188   4.722   6.057   7.157   8.000
          13.800  -0.000   0.748   1.553   2.364   3.180   4.714   6.049   7.150   7.994
          13.900  -0.000   0.743   1.548   2.360   3.176   4.712   6.047   7.147   7.992
          14.000  -0.000   0.738   1.543   2.355   3.172   4.710   6.045   7.145   7.990
          14.100  -0.000   0.734   1.538   2.351   3.168   4.708   6.043   7.143   7.989
          14.200  -0.000   0.730   1.533   2.346   3.165   4.706   6.041   7.140   7.987
          14.300  -0.000   0.727   1.528   2.342   3.161   4.704   6.040   7.138   7.985
          14.400  -0.000   0.724   1.523   2.337   3.157   4.702   6.038   7.136   7.984
          14.500  -0.000   0.722   1.518   2.333   3.153   4.701   6.036   7.133   7.982
          14.600  -0.000   0.720   1.514   2.329   3.150   4.699   6.034   7.131   7.980
          14.700  -0.000   0.718   1.509   2.324   3.146   4.697   6.032   7.128   7.978
          14.800  -0.000   0.717   1.504   2.320   3.142   4.695   6.030   7.126   7.977
          14.900  -0.000   0.715   1.500   2.316   3.139   4.693   6.028   7.124   7.975
          15.000  -0.000   0.714   1.496   2.312   3.135   4.692   6.027   7.121   7.973
          15.100  -0.000   0.714   1.492   2.307   3.132   4.690   6.025   7.119   7.972
          15.200  -0.000   0.713   1.488   2.303   3.128   4.689   6.023   7.117   7.970
          15.300  -0.000   0.713   1.484   2.299   3.125   4.687   6.021   7.114   7.968
          15.400  -0.000   0.713   1.480   2.295   3.122   4.685   6.019   7.112   7.967
          15.500  -0.000   0.714   1.476   2.292   3.118   4.684   6.017   7.110   7.965
          15.600  -0.000   0.714   1.473   2.288   3.115   4.682   6.016   7.107   7.964
          15.700  -0.000   0.715   1.470   2.284   3.112   4.681   6.014   7.105   7.962
          15.800  -0.000   0.716   1.467   2.280   3.109   4.679   6.012   7.102   7.960
          15.900  -0.000   0.717   1.464   2.277   3.105   4.678   6.010   7.100   7.959
          16.000  -0.000   0.718   1.462   2.273   3.102   4.676   6.009   7.098   7.957
          16.100  -0.000   0.719   1.459   2.270   3.099   4.675   6.007   7.095   7.955
          16.200  -0.000   0.720   1.458   2.266   3.096   4.674   6.005   7.093   7.954
          16.300  -0.000   0.721   1.456   2.263   3.093   4.672   6.003   7.091   7.952
          16.400  -0.000   0.722   1.455   2.260   3.090   4.671   6.002   7.088   7.950
          16.500  -0.000   0.723   1.454   2.257   3.088   4.670   6.000   7.086   7.949
          16.600  -0.000   0.724   1.454   2.254   3.085   4.668   5.998   7.084   7.947
          16.700  -0.000   0.725   1.454   2.251   3.082   4.667   5.996   7.081   7.946
          16.800  -0.000   0.726   1.454   2.248   3.080   4.666   5.995   7.079   7.944
          16.900  -0.000   0.727   1.454   2.246   3.077   4.665   5.993   7.077   7.942
          17.000  -0.000   0.728   1.455   2.243   3.074   4.664   5.991   7.074   7.940
          17.100  -0.000   0.729   1.456   2.241   3.072   4.662   5.989   7.072   7.939
          17.200  -0.000   0.730   1.457   2.239   3.070   4.661   5.988   7.070   7.937
          17.300  -0.000   0.731   1.459   2.237   3.067   4.660   5.986   7.068   7.935
          17.400  -0.000   0.732   1.461   2.235   3.065   4.659   5.984   7.065   7.934
          17.500  -0.000   0.733   1.463   2.233   3.063   4.658   5.982   7.063   7.932
          17.600  -0.000   0.734   1.465   2.232   3.061   4.657   5.981   7.061   7.930
          17.700  -0.000   0.735   1.467   2.231   3.059   4.656   5.979   7.059   7.928
          17.800  -0.000   0.736   1.469   2.229   3.057   4.655   5.977   7.057   7.927
          17.900  -0.000   0.737   1.471   2.229   3.055   4.654   5.976   7.055   7.925
          18.000  -0.000   0.738   1.473   2.228   3.054   4.653   5.974   7.053   7.923
          18.100  -0.000   0.739   1.476   2.228   3.052   4.652   5.972   7.050   7.922
          18.200  -0.000   0.740   1.478   2.228   3.051   4.651   5.970   7.048   7.920
          18.300  -0.000   0.742   1.480   2.228   3.049   4.650   5.969   7.046   7.918
          18.400  -0.000   0.743   1.482   2.229   3.048   4.649   5.967   7.044   7.917
          18.500  -0.000   0.744   1.485   2.230   3.047   4.648   5.965   7.042   7.916
          18.600  -0.000   0.745   1.487   2.231   3.046   4.647   5.964   7.040   7.915
          18.700  -0.000   0.746   1.489   2.232   3.045   4.647   5.962   7.038   7.913
          18.800  -0.000   0.747   1.492   2.234   3.044   4.646   5.960   7.036   7.911
          18.900  -0.000   0.749   1.494   2.237   3.043   4.645   5.959   7.034   7.910
          19.000  -0.000   0.750   1.496   2.239   3.043   4.644   5.957   7.032   7.908
          19.100  -0.000   0.751   1.499   2.242   3.043   4.644   5.955   7.030   7.907
          19.200  -0.000   0.752   1.501   2.245   3.042   4.643   5.954   7.028   7.905
          19.300  -0.000   0.753   1.504   2.248   3.042   4.642   5.952   7.026   7.904
          19.400  -0.000   0.755   1.506   2.251   3.042   4.641   5.950   7.024   7.902
          19.500  -0.000   0.756   1.509   2.255   3.043   4.641   5.949   7.022   7.901
          19.600  -0.000   0.757   1.511   2.259   3.043   4.640   5.947   7.020   7.899
          19.700  -0.000   0.758   1.514   2.263   3.044   4.639   5.945   7.018   7.898
          19.800  -0.000   0.760   1.516   2.266   3.045   4.639   5.944   7.016   7.896
          19.900  -0.000   0.761   1.519   2.270   3.046   4.638   5.942   7.014   7.895
          20.000  -0.000   0.762   1.522   2.274   3.047   4.638   5.940   7.013   7.894
          20.100  -0.000   0.764   1.524   2.278   3.049   4.637   5.939   7.011   7.892
          20.200  -0.000   0.765   1.527   2.283   3.050   4.637   5.937   7.009   7.891
          20.300  -0.000   0.766   1.530   2.287   3.053   4.636   5.935   7.007   7.889
          20.400  -0.000   0.768   1.532   2.291   3.055   4.636   5.933   7.005   7.888
          20.500  -0.000   0.769   1.535   2.295   3.058   4.635   5.931   7.004   7.886
          20.600  -0.000   0.770   1.538   2.299   3.061   4.635   5.930   7.002   7.885
          20.700  -0.000   0.772   1.540   2.303   3.064   4.634   5.928   7.000   7.884
          20.800  -0.000   0.773   1.543   2.307   3.068   4.634   5.926   6.998   7.882
          20.900  -0.000   0.775   1.546   2.311   3.072   4.634   5.926   6.997   7.881
          21.000  -0.000   0.776   1.549   2.315   3.076   4.634   5.924   6.995   7.879
          21.100  -0.000   0.777   1.552   2.320   3.081   4.634   5.922   6.993   7.878
          21.200  -0.000   0.779   1.555   2.324   3.085   4.633   5.920   6.992   7.877
          21.300  -0.000   0.780   1.558   2.328   3.090   4.633   5.918   6.990   7.875
          21.400  -0.000   0.782   1.560   2.333   3.096   4.632   5.917   6.988   7.874
          21.500  -0.000   0.783   1.563   2.337   3.101   4.632   5.915   6.987   7.873
          21.600  -0.000   0.785   1.566   2.341   3.107   4.632   5.913   6.985   7.871
          21.700  -0.000   0.786   1.569   2.346   3.113   4.632   5.911   6.984   7.870
          21.800  -0.000   0.788   1.572   2.350   3.119   4.631   5.910   6.982   7.869
          21.900  -0.000   0.789   1.575   2.355   3.125   4.631   5.908   6.981   7.868
          22.000  -0.000   0.791   1.578   2.358   3.131   4.631   5.906   6.979   7.866
          22.100  -0.000   0.792   1.581   2.364   3.137   4.631   5.904   6.978   7.865
          22.200  -0.000   0.794   1.585   2.369   3.143   4.631   5.903   6.976   7.864
          22.300  -0.000   0.795   1.588   2.373   3.150   4.631   5.901   6.975   7.863
          22.400  -0.000   0.797   1.591   2.378   3.156   4.631   5.899   6.973   7.861
          22.500  -0.000   0.799   1.593   2.383   3.162   4.631   5.898   6.972   7.860
          22.600  -0.000   0.800   1.597   2.387   3.168   4.631   5.896   6.971   7.859
          22.700  -0.000   0.801   1.600   2.392   3.174   4.631   5.893   6.969   7.858
          22.800  -0.000   0.803   1.604   2.397   3.180   4.631   5.895   6.969   7.857
          22.900  -0.000   0.805   1.606   2.402   3.186   4.631   5.893   6.968   7.856
          23.000  -0.000   0.807   1.610   2.407   3.192   4.631   5.892   6.966   7.854
          23.100  -0.000   0.808   1.613   2.412   3.198   4.629   5.890   6.965   7.853
          23.200  -0.000   0.810   1.617   2.417   3.204   4.632   5.889   6.964   7.852
          23.300  -0.000   0.812   1.620   2.421   3.210   4.632   5.888   6.962   7.851
          23.400  -0.000   0.813   1.623   2.426   3.216   4.633   5.886   6.961   7.850
          23.500  -0.000   0.815   1.627   2.431   3.221   4.633   5.885   6.960   7.849
          23.600  -0.000   0.817   1.630   2.437   3.227   4.634   5.884   6.959   7.848
          23.700  -0.000   0.818   1.633   2.442   3.233   4.635   5.883   6.958   7.847
          23.800  -0.000   0.820   1.637   2.447   3.238   4.636   5.882   6.957   7.846
          23.900  -0.000   0.822   1.640   2.452   3.243   4.638   5.881   6.956   7.845
          24.000  -0.000   0.824   1.644   2.457   3.248   4.640   5.880   6.955   7.845
          24.100  -0.000   0.825   1.647   2.462   3.253   4.639   5.879   6.954   7.844
          24.200  -0.000   0.827   1.651   2.468   3.258   4.644   5.878   6.953   7.843
          24.300  -0.000   0.829   1.654   2.473   3.263   4.644   5.875   6.952   7.842
          24.400  -0.000   0.831   1.658   2.478   3.267   4.649   5.877   6.951   7.841
          24.500  -0.000   0.832   1.661   2.483   3.271   4.651   5.876   6.950   7.841
          24.600  -0.000   0.834   1.665   2.488   3.275   4.653   5.876   6.950   7.840
          24.700  -0.000   0.836   1.669   2.493   3.279   4.655   5.875   6.949   7.840
          24.800  -0.000   0.838   1.672   2.498   3.282   4.657   5.875   6.948   7.839
          24.900  -0.000   0.840   1.676   2.503   3.285   4.659   5.875   6.948   7.839
          25.000  -0.000   0.842   1.680   2.507   3.288   4.661   5.875   6.947   7.838
          25.100  -0.000   0.843   1.683   2.512   3.290   4.663   5.876   6.947   7.838
          25.200  -0.000   0.845   1.687   2.516   3.292   4.664   5.876   6.946   7.838
          25.300  -0.000   0.847   1.691   2.521   3.294   4.666   5.877   6.946   7.838
          25.400  -0.000   0.849   1.695   2.525   3.295   4.667   5.878   6.946   7.838
          25.500  -0.000   0.851   1.698   2.529   3.297   4.669   5.879   6.946   7.837
          25.600  -0.000   0.853   1.702   2.533   3.298   4.670   5.881   6.946   7.837
          25.700  -0.000   0.855   1.706   2.537   3.299   4.672   5.882   6.946   7.837
          25.800  -0.000   0.857   1.710   2.540   3.300   4.673   5.884   6.947   7.837
          25.900  -0.000   0.859   1.714   2.543   3.301   4.674   5.886   6.949   7.838
          26.000  -0.000   0.861   1.718   2.546   3.302   4.675   5.889   6.949   7.838


        KN AS A FUNCTION OF DRAUGHT AND HEELING ANGLE
        INITIAL TRIM:  2.00 M                                        UNIT:     m
        ========================================================================

         INITIAL     HEELING ANGLE (DEGREES)
         DRAUGHT     0.0     5.0    10.0    15.0    20.0    30.0    40.0    50.0    60.0
           0.000  -0.002  10.057  11.937  12.880  13.429  13.899  13.922  13.732  13.453
           0.100  -0.002  10.228  12.260  13.291  13.901  14.442  14.426  14.029  13.387
           0.200  -0.001  10.293  12.455  13.557  14.214  14.804  14.731  14.204  13.333
           0.300  -0.001  10.288  12.563  13.720  14.414  15.034  14.918  14.311  13.299
           0.400  -0.001  10.227  12.614  13.816  14.536  15.172  15.035  14.382  13.283
           0.500  -0.001  10.113  12.616  13.863  14.606  15.254  15.108  14.432  13.279
           0.600  -0.001   9.930  12.553  13.847  14.616  15.285  15.147  14.471  13.289
           0.700  -0.001   9.682  12.424  13.769  14.567  15.271  15.160  14.501  13.310
           0.800  -0.001   9.399  12.256  13.655  14.483  15.232  15.159  14.525  13.337
           0.900  -0.001   9.096  12.067  13.519  14.380  15.178  15.149  14.544  13.366
           1.000  -0.001   8.783  11.866  13.371  14.267  15.116  15.134  14.559  13.393
           1.100  -0.001   8.464  11.658  13.217  14.146  15.048  15.116  14.569  13.419
           1.200  -0.001   8.144  11.445  13.059  14.022  14.977  15.096  14.576  13.442
           1.300  -0.001   7.826  11.232  12.898  13.898  14.904  15.074  14.578  13.462
           1.400  -0.001   7.515  11.018  12.737  13.772  14.830  15.051  14.576  13.479
           1.500  -0.001   7.215  10.807  12.576  13.647  14.757  15.027  14.571  13.493
           1.600  -0.001   6.924  10.597  12.417  13.522  14.684  15.000  14.562  13.505
           1.700  -0.001   6.645  10.389  12.259  13.399  14.612  14.972  14.551  13.514
           1.800  -0.001   6.378  10.181  12.103  13.277  14.541  14.941  14.536  13.522
           1.900  -0.001   6.124   9.977  11.950  13.157  14.472  14.908  14.518  13.527
           2.000  -0.001   5.884   9.777  11.799  13.039  14.404  14.873  14.498  13.531
           2.100  -0.001   5.659   9.583  11.652  12.923  14.337  14.837  14.476  13.533
           2.200  -0.001   5.449   9.394  11.507  12.809  14.272  14.799  14.451  13.534
           2.300  -0.001   5.254   9.209  11.363  12.698  14.209  14.760  14.425  13.533
           2.400  -0.001   5.073   9.030  11.219  12.589  14.147  14.719  14.397  13.531
           2.500  -0.001   4.905   8.855  11.078  12.482  14.086  14.676  14.368  13.528
           2.600  -0.001   4.749   8.684  10.938  12.377  14.026  14.632  14.337  13.524
           2.700  -0.001   4.603   8.517  10.803  12.274  13.968  14.586  14.304  13.519
           2.800  -0.001   4.467   8.354  10.670  12.172  13.910  14.539  14.271  13.513
           2.900  -0.001   4.340   8.193  10.541  12.072  13.852  14.491  14.236  13.505
           3.000  -0.001   4.221   8.037  10.415  11.972  13.795  14.441  14.200  13.497
           3.100  -0.001   4.109   7.883  10.291  11.872  13.738  14.391  14.163  13.487
           3.200  -0.001   4.005   7.734  10.170  11.773  13.680  14.339  14.125  13.476
           3.300  -0.001   3.906   7.587  10.051  11.675  13.622  14.286  14.086  13.465
           3.400  -0.001   3.813   7.443   9.935  11.578  13.564  14.232  14.045  13.452
           3.500  -0.001   3.725   7.302   9.821  11.484  13.505  14.178  14.003  13.438
           3.600  -0.001   3.643   7.165   9.709  11.392  13.445  14.122  13.960  13.423
           3.700  -0.001   3.564   7.031   9.599  11.302  13.384  14.064  13.916  13.407
           3.800  -0.001   3.490   6.901   9.490  11.213  13.323  14.006  13.871  13.390
           3.900  -0.001   3.420   6.774   9.384  11.127  13.260  13.947  13.826  13.371
           4.000  -0.001   3.353   6.651   9.278  11.041  13.196  13.887  13.780  13.351
           4.100  -0.001   3.289   6.533   9.174  10.957  13.131  13.826  13.733  13.330
           4.200  -0.001   3.228   6.418   9.072  10.875  13.065  13.763  13.686  13.308
           4.300  -0.001   3.171   6.309   8.971  10.794  12.997  13.699  13.639  13.286
           4.400  -0.001   3.116   6.203   8.871  10.714  12.928  13.634  13.592  13.262
           4.500  -0.001   3.063   6.102   8.773  10.635  12.858  13.568  13.544  13.238
           4.600  -0.001   3.012   6.005   8.676  10.558  12.786  13.500  13.496  13.213
           4.700  -0.001   2.963   5.912   8.580  10.482  12.713  13.432  13.448  13.187
           4.800  -0.001   2.916   5.822   8.486  10.406  12.639  13.363  13.400  13.161
           4.900  -0.001   2.871   5.736   8.393  10.332  12.563  13.294  13.351  13.135
           5.000  -0.001   2.828   5.654   8.301  10.259  12.487  13.225  13.303  13.109
           5.100  -0.001   2.787   5.574   8.210  10.187  12.410  13.155  13.254  13.082
           5.200  -0.001   2.747   5.498   8.121  10.115  12.331  13.085  13.205  13.055
           5.300  -0.001   2.710   5.425   8.033  10.044  12.252  13.015  13.157  13.026
           5.400  -0.001   2.674   5.355   7.946   9.972  12.172  12.945  13.109  12.997
           5.500  -0.001   2.639   5.286   7.861   9.901  12.091  12.874  13.061  12.967
           5.600  -0.001   2.605   5.220   7.777   9.830  12.009  12.803  13.014  12.936
           5.700  -0.001   2.573   5.157   7.695   9.759  11.927  12.731  12.967  12.905
           5.800  -0.001   2.542   5.096   7.614   9.687  11.845  12.659  12.919  12.874
           5.900  -0.001   2.513   5.038   7.536   9.615  11.762  12.586  12.872  12.843
           6.000  -0.001   2.485   4.981   7.459   9.543  11.678  12.512  12.824  12.811
           6.100  -0.001   2.458   4.927   7.384   9.470  11.594  12.438  12.776  12.780
           6.200  -0.001   2.432   4.875   7.312   9.396  11.510  12.364  12.727  12.748
           6.300  -0.000   2.407   4.824   7.241   9.322  11.425  12.290  12.678  12.715
           6.400  -0.000   2.383   4.776   7.172   9.247  11.339  12.215  12.628  12.681
           6.500  -0.000   2.360   4.729   7.105   9.171  11.254  12.141  12.577  12.647
           6.600  -0.000   2.337   4.684   7.040   9.095  11.168  12.067  12.525  12.610
           6.700  -0.000   2.315   4.640   6.976   9.017  11.082  11.992  12.471  12.572
           6.800  -0.000   2.294   4.599   6.915   8.939  10.995  11.918  12.417  12.532
           6.900  -0.000   2.274   4.559   6.856   8.860  10.908  11.843  12.362  12.491
           7.000  -0.000   2.255   4.520   6.798   8.780  10.821  11.769  12.307  12.447
           7.100  -0.000   2.236   4.482   6.741   8.699  10.734  11.694  12.252  12.401
           7.200  -0.000   2.218   4.446   6.685   8.616  10.646  11.620  12.196  12.352
           7.300  -0.000   2.200   4.411   6.630   8.533  10.558  11.545  12.140  12.301
           7.400  -0.000   2.183   4.377   6.576   8.448  10.469  11.470  12.084  12.248
           7.500  -0.000   2.167   4.344   6.523   8.362  10.380  11.395  12.028  12.193
           7.600  -0.000   2.151   4.312   6.470   8.276  10.290  11.320  11.972  12.138
           7.700  -0.000   2.136   4.281   6.418   8.189  10.200  11.245  11.915  12.082
           7.800  -0.000   2.121   4.252   6.366   8.101  10.109  11.170  11.859  12.024
           7.900  -0.000   2.107   4.223   6.314   8.014  10.018  11.094  11.802  11.965
           8.000  -0.000   2.093   4.195   6.262   7.926   9.926  11.019  11.744  11.905
           8.100  -0.000   2.080   4.168   6.210   7.838   9.834  10.943  11.687  11.844
           8.200  -0.000   2.067   4.142   6.158   7.750   9.742  10.867  11.629  11.783
           8.300  -0.000   2.054   4.117   6.105   7.662   9.649  10.791  11.570  11.721
           8.400  -0.000   2.042   4.092   6.052   7.574   9.556  10.715  11.509  11.659
           8.500  -0.000   2.030   4.069   5.998   7.486   9.462  10.638  11.448  11.597
           8.600  -0.000   2.019   4.046   5.943   7.399   9.368  10.561  11.385  11.533
           8.700  -0.000   2.008   4.024   5.888   7.312   9.273  10.485  11.320  11.470
           8.800  -0.000   1.997   4.002   5.832   7.225   9.177  10.407  11.254  11.405
           8.900  -0.000   1.987   3.981   5.775   7.138   9.081  10.330  11.187  11.340
           9.000  -0.000   1.977   3.960   5.717   7.052   8.984  10.252  11.117  11.274
           9.100  -0.000   1.967   3.939   5.658   6.965   8.888  10.174  11.046  11.207
           9.200  -0.000   1.957   3.917   5.598   6.879   8.791  10.096  10.973  11.140
           9.300  -0.000   1.948   3.896   5.538   6.792   8.693  10.016  10.898  11.072
           9.400  -0.000   1.939   3.873   5.477   6.706   8.595   9.937  10.821  11.004
           9.500  -0.000   1.931   3.850   5.415   6.619   8.497   9.856  10.742  10.935
           9.600  -0.000   1.923   3.825   5.352   6.532   8.398   9.776  10.662  10.866
           9.700  -0.000   1.915   3.800   5.289   6.446   8.298   9.695  10.580  10.796
           9.800  -0.000   1.907   3.773   5.225   6.359   8.199   9.613  10.498  10.725
           9.900  -0.000   1.900   3.745   5.160   6.273   8.098   9.531  10.415  10.655
          10.000  -0.000   1.892   3.715   5.094   6.186   7.998   9.448  10.332  10.584
          10.100  -0.000   1.885   3.683   5.027   6.099   7.897   9.365  10.248  10.512
          10.200  -0.000   1.879   3.650   4.960   6.013   7.796   9.281  10.163  10.440
          10.300  -0.000   1.872   3.615   4.892   5.926   7.696   9.196  10.077  10.367
          10.400  -0.000   1.866   3.577   4.822   5.839   7.595   9.110   9.991  10.293
          10.500  -0.000   1.860   3.538   4.752   5.752   7.495   9.022   9.903  10.219
          10.600  -0.000   1.854   3.496   4.681   5.664   7.394   8.933   9.815  10.144
          10.700  -0.000   1.848   3.452   4.609   5.577   7.295   8.842   9.726  10.069
          10.800  -0.000   1.841   3.406   4.536   5.489   7.195   8.749   9.637   9.993
          10.900  -0.000   1.834   3.358   4.462   5.401   7.096   8.654   9.546   9.916
          11.000  -0.000   1.826   3.307   4.387   5.313   6.998   8.558   9.455   9.840
          11.100  -0.000   1.816   3.255   4.311   5.225   6.900   8.460   9.363   9.763
          11.200  -0.000   1.804   3.200   4.234   5.136   6.803   8.360   9.271   9.685
          11.300  -0.000   1.791   3.144   4.156   5.048   6.706   8.258   9.178   9.608
          11.400  -0.000   1.775   3.085   4.077   4.959   6.610   8.155   9.084   9.530
          11.500  -0.000   1.757   3.024   3.998   4.871   6.515   8.051   8.990   9.452
          11.600  -0.000   1.735   2.962   3.917   4.782   6.421   7.946   8.895   9.373
          11.700  -0.000   1.711   2.897   3.836   4.693   6.328   7.841   8.800   9.294
          11.800  -0.000   1.682   2.830   3.754   4.604   6.236   7.736   8.704   9.215
          11.900  -0.000   1.650   2.761   3.671   4.515   6.144   7.631   8.608   9.136
          12.000  -0.000   1.614   2.690   3.587   4.426   6.053   7.527   8.511   9.057
          12.100  -0.000   1.573   2.617   3.503   4.337   5.963   7.423   8.414   8.977
          12.200  -0.000   1.528   2.543   3.417   4.247   5.874   7.320   8.317   8.898
          12.300  -0.000   1.478   2.466   3.331   4.158   5.786   7.217   8.219   8.820
          12.400  -0.000   1.425   2.389   3.246   4.070   5.699   7.115   8.121   8.742
          12.500  -0.000   1.371   2.312   3.162   3.983   5.615   7.014   8.025   8.666
          12.600  -0.000   1.317   2.238   3.080   3.900   5.533   6.916   7.931   8.592
          12.700  -0.000   1.264   2.165   3.002   3.819   5.452   6.819   7.840   8.521
          12.800  -0.000   1.211   2.095   2.925   3.741   5.373   6.726   7.753   8.453
          12.900  -0.000   1.158   2.027   2.852   3.666   5.295   6.636   7.671   8.388
          13.000  -0.000   1.106   1.960   2.782   3.595   5.218   6.551   7.593   8.328
          13.100  -0.000   1.054   1.897   2.715   3.527   5.143   6.471   7.520   8.272
          13.200  -0.000   1.004   1.838   2.653   3.465   5.070   6.396   7.454   8.221
          13.300  -0.000   0.956   1.781   2.594   3.406   5.000   6.328   7.393   8.174
          13.400  -0.000   0.910   1.729   2.541   3.353   4.935   6.265   7.337   8.132
          13.500  -0.000   0.868   1.682   2.493   3.306   4.878   6.210   7.287   8.096
          13.600  -0.000   0.830   1.640   2.451   3.265   4.828   6.161   7.243   8.065
          13.700  -0.000   0.797   1.604   2.416   3.231   4.786   6.120   7.208   8.040
          13.800  -0.000   0.770   1.576   2.388   3.204   4.754   6.089   7.180   8.019
          13.900  -0.000   0.752   1.556   2.368   3.186   4.732   6.067   7.162   8.005
          14.000  -0.000   0.741   1.544   2.357   3.175   4.721   6.056   7.152   7.997
          14.100  -0.000   0.736   1.538   2.351   3.170   4.717   6.052   7.148   7.994
          14.200  -0.000   0.733   1.533   2.347   3.167   4.715   6.050   7.146   7.992
          14.300  -0.000   0.730   1.528   2.343   3.163   4.714   6.049   7.144   7.991
          14.400  -0.000   0.728   1.523   2.338   3.159   4.712   6.047   7.141   7.989
          14.500  -0.000   0.726   1.519   2.334   3.155   4.710   6.045   7.139   7.987
          14.600  -0.000   0.724   1.514   2.330   3.152   4.708   6.043   7.136   7.985
          14.700  -0.000   0.723   1.510   2.325   3.148   4.707   6.041   7.134   7.984
          14.800  -0.000   0.721   1.505   2.321   3.145   4.705   6.039   7.132   7.982
          14.900  -0.000   0.720   1.501   2.317   3.141   4.703   6.037   7.129   7.980
          15.000  -0.000   0.719   1.497   2.313   3.138   4.702   6.036   7.127   7.979
          15.100  -0.000   0.718   1.493   2.309   3.134   4.700   6.034   7.124   7.977
          15.200  -0.000   0.717   1.489   2.305   3.131   4.698   6.032   7.122   7.975
          15.300  -0.000   0.717   1.485   2.301   3.128   4.697   6.030   7.120   7.974
          15.400  -0.000   0.716   1.482   2.297   3.124   4.695   6.028   7.117   7.972
          15.500  -0.000   0.716   1.479   2.293   3.121   4.694   6.027   7.115   7.970
          15.600  -0.000   0.717   1.476   2.290   3.118   4.692   6.025   7.113   7.969
          15.700  -0.000   0.717   1.473   2.286   3.115   4.691   6.023   7.110   7.967
          15.800  -0.000   0.718   1.470   2.283   3.111   4.689   6.021   7.108   7.965
          15.900  -0.000   0.719   1.468   2.279   3.108   4.688   6.019   7.105   7.964
          16.000  -0.000   0.719   1.466   2.276   3.105   4.687   6.018   7.103   7.962
          16.100  -0.000   0.720   1.464   2.272   3.102   4.685   6.016   7.101   7.960
          16.200  -0.000   0.721   1.462   2.269   3.100   4.684   6.014   7.098   7.959
          16.300  -0.000   0.722   1.461   2.266   3.097   4.683   6.012   7.096   7.957
          16.400  -0.000   0.723   1.461   2.263   3.094   4.681   6.011   7.094   7.955
          16.500  -0.000   0.724   1.460   2.260   3.091   4.680   6.009   7.091   7.954
          16.600  -0.000   0.725   1.460   2.257   3.089   4.679   6.007   7.089   7.952
          16.700  -0.000   0.726   1.460   2.255   3.086   4.678   6.005   7.087   7.950
          16.800  -0.000   0.727   1.460   2.252   3.083   4.677   6.004   7.084   7.948
          16.900  -0.000   0.728   1.460   2.250   3.081   4.675   6.002   7.082   7.947
          17.000  -0.000   0.729   1.461   2.247   3.079   4.674   6.000   7.080   7.945
          17.100  -0.000   0.730   1.462   2.245   3.076   4.673   5.998   7.078   7.943
          17.200  -0.000   0.731   1.462   2.243   3.074   4.672   5.997   7.075   7.941
          17.300  -0.000   0.732   1.464   2.242   3.072   4.671   5.995   7.073   7.940
          17.400  -0.000   0.733   1.465   2.240   3.070   4.670   5.993   7.071   7.938
          17.500  -0.000   0.735   1.467   2.239   3.068   4.669   5.991   7.069   7.936
          17.600  -0.000   0.736   1.468   2.237   3.066   4.668   5.990   7.067   7.934
          17.700  -0.000   0.737   1.470   2.236   3.064   4.667   5.988   7.065   7.933
          17.800  -0.000   0.738   1.472   2.236   3.062   4.666   5.986   7.062   7.931
          17.900  -0.000   0.739   1.475   2.235   3.061   4.665   5.985   7.060   7.929
          18.000  -0.000   0.740   1.477   2.235   3.059   4.664   5.983   7.058   7.928
          18.100  -0.000   0.741   1.479   2.235   3.058   4.663   5.981   7.056   7.926
          18.200  -0.000   0.742   1.481   2.235   3.056   4.662   5.979   7.054   7.926
          18.300  -0.000   0.743   1.484   2.235   3.055   4.661   5.978   7.052   7.924
          18.400  -0.000   0.745   1.486   2.236   3.054   4.660   5.976   7.050   7.922
          18.500  -0.000   0.746   1.488   2.238   3.053   4.659   5.974   7.048   7.921
          18.600  -0.000   0.747   1.491   2.239   3.052   4.659   5.973   7.046   7.919
          18.700  -0.000   0.748   1.493   2.241   3.052   4.658   5.971   7.044   7.917
          18.800  -0.000   0.749   1.495   2.242   3.051   4.657   5.969   7.041   7.916
          18.900  -0.000   0.750   1.498   2.245   3.050   4.656   5.968   7.039   7.914
          19.000  -0.000   0.752   1.500   2.247   3.050   4.656   5.966   7.037   7.913
          19.100  -0.000   0.753   1.503   2.249   3.050   4.655   5.964   7.035   7.911
          19.200  -0.000   0.754   1.505   2.252   3.050   4.654   5.962   7.033   7.910
          19.300  -0.000   0.755   1.508   2.255   3.050   4.653   5.961   7.031   7.908
          19.400  -0.000   0.757   1.510   2.258   3.051   4.653   5.959   7.029   7.907
          19.500  -0.000   0.758   1.513   2.262   3.051   4.652   5.957   7.027   7.905
          19.600  -0.000   0.759   1.515   2.265   3.052   4.651   5.956   7.025   7.904
          19.700  -0.000   0.761   1.518   2.269   3.053   4.651   5.954   7.024   7.902
          19.800  -0.000   0.762   1.521   2.273   3.054   4.650   5.952   7.022   7.901
          19.900  -0.000   0.763   1.523   2.277   3.055   4.650   5.950   7.020   7.899
          20.000  -0.000   0.764   1.526   2.281   3.057   4.649   5.949   7.018   7.898
          20.100  -0.000   0.766   1.529   2.285   3.059   4.649   5.947   7.016   7.896
          20.200  -0.000   0.767   1.531   2.289   3.061   4.648   5.945   7.015   7.895
          20.300  -0.000   0.769   1.534   2.293   3.064   4.648   5.943   7.013   7.893
          20.400  -0.000   0.770   1.537   2.297   3.066   4.647   5.941   7.011   7.892
          20.500  -0.000   0.771   1.539   2.301   3.069   4.647   5.940   7.009   7.890
          20.600  -0.000   0.773   1.542   2.305   3.072   4.646   5.939   7.007   7.889
          20.700  -0.000   0.774   1.545   2.309   3.076   4.647   5.937   7.006   7.888
          20.800  -0.000   0.776   1.548   2.314   3.079   4.646   5.935   7.004   7.886
          20.900  -0.000   0.777   1.551   2.317   3.083   4.646   5.933   7.002   7.885
          21.000  -0.000   0.778   1.554   2.322   3.087   4.645   5.932   7.001   7.883
          21.100  -0.000   0.780   1.556   2.327   3.092   4.645   5.930   6.999   7.882
          21.200  -0.000   0.781   1.559   2.331   3.096   4.645   5.928   6.997   7.881
          21.300  -0.000   0.783   1.562   2.335   3.101   4.644   5.926   6.996   7.879
          21.400  -0.000   0.784   1.565   2.340   3.106   4.644   5.925   6.994   7.878
          21.500  -0.000   0.786   1.568   2.344   3.112   4.644   5.923   6.992   7.876
          21.600  -0.000   0.787   1.571   2.349   3.117   4.643   5.921   6.991   7.875
          21.700  -0.000   0.789   1.573   2.352   3.123   4.643   5.919   6.989   7.874
          21.800  -0.000   0.790   1.577   2.358   3.129   4.643   5.917   6.988   7.872
          21.900  -0.000   0.792   1.580   2.362   3.135   4.643   5.916   6.986   7.871
          22.000  -0.000   0.793   1.583   2.367   3.141   4.643   5.914   6.985   7.870
          22.100  -0.000   0.795   1.587   2.372   3.147   4.643   5.912   6.983   7.868
          22.200  -0.000   0.796   1.590   2.376   3.154   4.642   5.911   6.982   7.867
          22.300  -0.000   0.797   1.593   2.381   3.160   4.642   5.909   6.981   7.866
          22.400  -0.000   0.800   1.596   2.386   3.166   4.642   5.910   6.979   7.865
          22.500  -0.000   0.801   1.599   2.391   3.172   4.642   5.907   6.978   7.863
          22.600  -0.000   0.803   1.602   2.395   3.178   4.642   5.906   6.977   7.862
          22.700  -0.000   0.804   1.606   2.402   3.184   4.643   5.904   6.976   7.861
          22.800  -0.000   0.806   1.609   2.405   3.190   4.643   5.903   6.974   7.860
          22.900  -0.000   0.807   1.612   2.410   3.196   4.643   5.901   6.973   7.859
          23.000  -0.000   0.809   1.615   2.415   3.202   4.643   5.900   6.972   7.858
          23.100  -0.000   0.811   1.619   2.418   3.208   4.643   5.898   6.970   7.856
          23.200  -0.000   0.813   1.622   2.425   3.214   4.644   5.897   6.969   7.855
          23.300  -0.000   0.814   1.625   2.430   3.219   4.644   5.896   6.968   7.854
          23.400  -0.000   0.816   1.629   2.435   3.225   4.644   5.894   6.967   7.853
          23.500  -0.000   0.818   1.632   2.440   3.231   4.645   5.893   6.965   7.852
          23.600  -0.000   0.819   1.636   2.445   3.236   4.643   5.892   6.964   7.851
          23.700  -0.000   0.821   1.639   2.450   3.242   4.644   5.891   6.963   7.850
          23.800  -0.000   0.823   1.643   2.455   3.247   4.648   5.890   6.962   7.849
          23.900  -0.000   0.825   1.646   2.461   3.250   4.649   5.889   6.961   7.848
          24.000  -0.000   0.826   1.648   2.466   3.257   4.651   5.888   6.960   7.847
          24.100  -0.000   0.828   1.653   2.471   3.262   4.651   5.887   6.959   7.846
          24.200  -0.000   0.830   1.657   2.476   3.267   4.655   5.886   6.958   7.846
          24.300  -0.000   0.832   1.660   2.480   3.272   4.658   5.885   6.957   7.845
          24.400  -0.000   0.834   1.664   2.486   3.276   4.660   5.884   6.956   7.844
          24.500  -0.000   0.835   1.667   2.491   3.278   4.662   5.884   6.956   7.844
          24.600  -0.000   0.837   1.671   2.496   3.284   4.664   5.883   6.955   7.843
          24.700  -0.000   0.839   1.675   2.501   3.288   4.665   5.883   6.954   7.843
          24.800  -0.000   0.841   1.678   2.506   3.291   4.667   5.883   6.954   7.842
          24.900  -0.000   0.843   1.682   2.510   3.295   4.669   5.883   6.953   7.842
          25.000  -0.000   0.845   1.686   2.515   3.298   4.670   5.883   6.952   7.841
          25.100  -0.000   0.847   1.690   2.519   3.300   4.672   5.883   6.952   7.841
          25.200  -0.000   0.848   1.693   2.523   3.302   4.673   5.884   6.952   7.841
          25.300  -0.000   0.850   1.697   2.527   3.304   4.675   5.885   6.952   7.841
          25.400  -0.000   0.852   1.701   2.531   3.305   4.676   5.886   6.951   7.840
          25.500  -0.000   0.854   1.705   2.535   3.306   4.677   5.887   6.951   7.840
          25.600  -0.000   0.856   1.709   2.539   3.307   4.679   5.889   6.953   7.840
          25.700  -0.000   0.858   1.712   2.542   3.308   4.680   5.891   6.953   7.840
          25.800  -0.000   0.860   1.716   2.546   3.309   4.681   5.893   6.954   7.841
          25.900  -0.000   0.862   1.720   2.549   3.309   4.682   5.895   6.954   7.841
          26.000  -0.000   0.864   1.724   2.552   3.310   4.683   5.897   6.954   7.841


        KN AS A FUNCTION OF DRAUGHT AND HEELING ANGLE
        INITIAL TRIM:  2.50 M                                        UNIT:     m
        ========================================================================

         INITIAL     HEELING ANGLE (DEGREES)
         DRAUGHT     0.0     5.0    10.0    15.0    20.0    30.0    40.0    50.0    60.0
           0.000  -0.002   9.473  11.462  12.477  13.084  13.657  13.775  13.716  13.491
           0.100  -0.002   9.578  11.693  12.779  13.435  14.067  14.190  13.978  13.454
           0.200  -0.001   9.613  11.841  12.988  13.685  14.364  14.468  14.150  13.418
           0.300  -0.001   9.600  11.930  13.126  13.857  14.574  14.655  14.264  13.392
           0.400  -0.001   9.546  11.976  13.214  13.972  14.719  14.782  14.340  13.376
           0.500  -0.001   9.457  11.987  13.267  14.049  14.817  14.871  14.393  13.367
           0.600  -0.001   9.334  11.967  13.290  14.096  14.884  14.933  14.431  13.364
           0.700  -0.001   9.171  11.909  13.279  14.109  14.921  14.975  14.460  13.366
           0.800  -0.001   8.962  11.806  13.224  14.081  14.924  14.996  14.481  13.376
           0.900  -0.001   8.720  11.669  13.136  14.022  14.902  15.002  14.495  13.390
           1.000  -0.001   8.459  11.511  13.027  13.944  14.865  15.000  14.505  13.406
           1.100  -0.001   8.186  11.340  12.905  13.854  14.818  14.991  14.511  13.422
           1.200  -0.001   7.907  11.160  12.775  13.756  14.765  14.979  14.513  13.437
           1.300  -0.001   7.625  10.974  12.640  13.653  14.708  14.964  14.512  13.452
           1.400  -0.001   7.343  10.786  12.501  13.547  14.649  14.945  14.507  13.465
           1.500  -0.001   7.065  10.596  12.360  13.439  14.588  14.923  14.500  13.476
           1.600  -0.001   6.794  10.406  12.218  13.330  14.525  14.898  14.489  13.486
           1.700  -0.001   6.533  10.217  12.075  13.220  14.463  14.871  14.476  13.494
           1.800  -0.001   6.283  10.028  11.933  13.110  14.401  14.841  14.461  13.501
           1.900  -0.001   6.044   9.839  11.792  13.001  14.339  14.809  14.443  13.506
           2.000  -0.001   5.817   9.652  11.652  12.893  14.279  14.775  14.423  13.510
           2.100  -0.001   5.602   9.468  11.515  12.787  14.219  14.739  14.401  13.513
           2.200  -0.001   5.400   9.287  11.379  12.681  14.160  14.701  14.378  13.514
           2.300  -0.001   5.210   9.110  11.245  12.577  14.102  14.662  14.353  13.515
           2.400  -0.001   5.034   8.938  11.113  12.475  14.045  14.622  14.326  13.515
           2.500  -0.001   4.870   8.769  10.981  12.374  13.988  14.581  14.298  13.513
           2.600  -0.001   4.717   8.604  10.849  12.275  13.933  14.538  14.268  13.511
           2.700  -0.001   4.574   8.442  10.719  12.177  13.878  14.494  14.238  13.508
           2.800  -0.001   4.441   8.284  10.590  12.081  13.823  14.448  14.206  13.503
           2.900  -0.001   4.316   8.129  10.465  11.985  13.768  14.402  14.172  13.498
           3.000  -0.001   4.199   7.976  10.342  11.891  13.713  14.354  14.138  13.492
           3.100  -0.001   4.089   7.826  10.222  11.797  13.657  14.305  14.103  13.485
           3.200  -0.001   3.985   7.680  10.104  11.703  13.600  14.256  14.066  13.476
           3.300  -0.001   3.887   7.536   9.988  11.609  13.543  14.205  14.029  13.466
           3.400  -0.001   3.795   7.396   9.874  11.516  13.486  14.153  13.990  13.453
           3.500  -0.001   3.708   7.258   9.762  11.424  13.428  14.099  13.951  13.440
           3.600  -0.001   3.626   7.125   9.653  11.334  13.369  14.046  13.911  13.425
           3.700  -0.001   3.549   6.994   9.545  11.245  13.309  13.990  13.870  13.409
           3.800  -0.001   3.475   6.866   9.438  11.158  13.248  13.934  13.827  13.391
           3.900  -0.001   3.406   6.742   9.333  11.072  13.186  13.877  13.784  13.372
           4.000  -0.001   3.339   6.622   9.229  10.988  13.123  13.818  13.740  13.353
           4.100  -0.001   3.277   6.506   9.127  10.905  13.059  13.759  13.696  13.333
           4.200  -0.001   3.216   6.393   9.026  10.824  12.994  13.699  13.651  13.311
           4.300  -0.001   3.159   6.285   8.927  10.744  12.927  13.638  13.606  13.288
           4.400  -0.001   3.104   6.180   8.828  10.665  12.860  13.575  13.561  13.264
           4.500  -0.001   3.052   6.080   8.731  10.588  12.791  13.512  13.516  13.239
           4.600  -0.001   3.002   5.984   8.636  10.511  12.722  13.448  13.470  13.214
           4.700  -0.001   2.954   5.892   8.541  10.436  12.651  13.382  13.424  13.188
           4.800  -0.001   2.908   5.803   8.448  10.362  12.579  13.316  13.378  13.163
           4.900  -0.001   2.863   5.718   8.357  10.289  12.505  13.249  13.332  13.137
           5.000  -0.001   2.821   5.636   8.266  10.217  12.431  13.181  13.285  13.111
           5.100  -0.001   2.780   5.557   8.176  10.145  12.355  13.113  13.238  13.084
           5.200  -0.001   2.740   5.481   8.088  10.073  12.279  13.045  13.192  13.056
           5.300  -0.001   2.703   5.408   8.001  10.002  12.201  12.977  13.145  13.028
           5.400  -0.001   2.667   5.338   7.916   9.931  12.123  12.909  13.098  13.000
           5.500  -0.001   2.632   5.271   7.832   9.860  12.044  12.841  13.052  12.970
           5.600  -0.001   2.599   5.206   7.749   9.788  11.965  12.772  13.006  12.940
           5.700  -0.001   2.567   5.144   7.668   9.717  11.884  12.702  12.960  12.909
           5.800  -0.001   2.536   5.083   7.589   9.645  11.803  12.633  12.915  12.878
           5.900  -0.001   2.507   5.025   7.511   9.573  11.722  12.562  12.869  12.847
           6.000  -0.001   2.479   4.968   7.436   9.501  11.640  12.491  12.823  12.816
           6.100  -0.001   2.452   4.915   7.362   9.428  11.558  12.419  12.776  12.785
           6.200  -0.001   2.426   4.863   7.290   9.354  11.475  12.347  12.729  12.752
           6.300  -0.000   2.401   4.812   7.220   9.280  11.391  12.275  12.681  12.720
           6.400  -0.000   2.377   4.764   7.152   9.205  11.308  12.202  12.633  12.687
           6.500  -0.000   2.353   4.717   7.086   9.130  11.224  12.129  12.583  12.653
           6.600  -0.000   2.331   4.672   7.021   9.054  11.139  12.057  12.533  12.619
           6.700  -0.000   2.309   4.629   6.959   8.977  11.055  11.984  12.482  12.582
           6.800  -0.000   2.288   4.587   6.898   8.900  10.970  11.911  12.430  12.545
           6.900  -0.000   2.268   4.547   6.838   8.822  10.884  11.838  12.376  12.505
           7.000  -0.000   2.249   4.508   6.780   8.743  10.799  11.765  12.322  12.464
           7.100  -0.000   2.230   4.471   6.723   8.663  10.713  11.692  12.268  12.421
           7.200  -0.000   2.212   4.435   6.666   8.582  10.626  11.619  12.213  12.375
           7.300  -0.000   2.195   4.400   6.611   8.501  10.540  11.546  12.158  12.327
           7.400  -0.000   2.178   4.366   6.556   8.418  10.453  11.472  12.103  12.278
           7.500  -0.000   2.162   4.333   6.502   8.335  10.365  11.399  12.047  12.226
           7.600  -0.000   2.146   4.301   6.449   8.251  10.277  11.326  11.992  12.173
           7.700  -0.000   2.131   4.271   6.395   8.166  10.189  11.252  11.936  12.118
           7.800  -0.000   2.116   4.241   6.343   8.080  10.100  11.179  11.880  12.062
           7.900  -0.000   2.102   4.212   6.290   7.994  10.010  11.105  11.823  12.005
           8.000  -0.000   2.088   4.185   6.238   7.907   9.920  11.031  11.766  11.947
           8.100  -0.000   2.074   4.158   6.186   7.821   9.830  10.957  11.709  11.887
           8.200  -0.000   2.062   4.132   6.133   7.734   9.739  10.883  11.652  11.826
           8.300  -0.000   2.049   4.107   6.081   7.648   9.648  10.809  11.594  11.765
           8.400  -0.000   2.037   4.083   6.028   7.562   9.557  10.734  11.536  11.704
           8.500  -0.000   2.025   4.059   5.975   7.475   9.465  10.660  11.477  11.643
           8.600  -0.000   2.014   4.036   5.921   7.389   9.373  10.585  11.416  11.580
           8.700  -0.000   2.003   4.014   5.867   7.304   9.280  10.510  11.354  11.517
           8.800  -0.000   1.992   3.992   5.812   7.218   9.186  10.435  11.290  11.454
           8.900  -0.000   1.982   3.970   5.756   7.133   9.092  10.359  11.225  11.390
           9.000  -0.000   1.972   3.948   5.700   7.047   8.998  10.283  11.159  11.325
           9.100  -0.000   1.962   3.926   5.643   6.962   8.903  10.207  11.090  11.259
           9.200  -0.000   1.953   3.904   5.584   6.877   8.807  10.131  11.020  11.193
           9.300  -0.000   1.944   3.881   5.525   6.792   8.712  10.054  10.948  11.126
           9.400  -0.000   1.935   3.858   5.466   6.707   8.616   9.976  10.875  11.059
           9.500  -0.000   1.926   3.833   5.405   6.622   8.519   9.897  10.799  10.991
           9.600  -0.000   1.918   3.808   5.344   6.537   8.423   9.818  10.722  10.923
           9.700  -0.000   1.910   3.782   5.282   6.452   8.326   9.739  10.643  10.854
           9.800  -0.000   1.902   3.755   5.219   6.367   8.228   9.659  10.562  10.784
           9.900  -0.000   1.895   3.727   5.156   6.282   8.130   9.578  10.481  10.715
          10.000  -0.000   1.888   3.697   5.091   6.197   8.032   9.497  10.399  10.644
          10.100  -0.000   1.881   3.666   5.026   6.112   7.933   9.415  10.316  10.574
          10.200  -0.000   1.874   3.634   4.960   6.027   7.835   9.333  10.233  10.502
          10.300  -0.000   1.868   3.599   4.894   5.942   7.737   9.250  10.149  10.430
          10.400  -0.000   1.861   3.563   4.826   5.857   7.638   9.166  10.064  10.358
          10.500  -0.000   1.855   3.525   4.758   5.772   7.540   9.082   9.979  10.285
          10.600  -0.000   1.849   3.486   4.688   5.687   7.442   8.996   9.892  10.211
          10.700  -0.000   1.842   3.443   4.618   5.601   7.344   8.908   9.805  10.137
          10.800  -0.000   1.835   3.399   4.547   5.515   7.247   8.819   9.717  10.063
          10.900  -0.000   1.827   3.352   4.475   5.430   7.150   8.728   9.628   9.988
          11.000  -0.000   1.817   3.304   4.401   5.343   7.053   8.635   9.539   9.913
          11.100  -0.000   1.806   3.253   4.328   5.257   6.957   8.541   9.448   9.837
          11.200  -0.000   1.793   3.200   4.253   5.171   6.862   8.444   9.357   9.761
          11.300  -0.000   1.778   3.145   4.177   5.084   6.767   8.346   9.265   9.685
          11.400  -0.000   1.761   3.088   4.100   4.997   6.673   8.247   9.173   9.608
          11.500  -0.000   1.742   3.029   4.023   4.911   6.579   8.145   9.080   9.531
          11.600  -0.000   1.720   2.969   3.944   4.824   6.487   8.042   8.986   9.454
          11.700  -0.000   1.695   2.906   3.865   4.737   6.395   7.939   8.892   9.376
          11.800  -0.000   1.666   2.842   3.785   4.650   6.304   7.835   8.797   9.298
          11.900  -0.000   1.635   2.775   3.705   4.563   6.214   7.731   8.702   9.220
          12.000  -0.000   1.599   2.707   3.623   4.475   6.124   7.628   8.606   9.141
          12.100  -0.000   1.560   2.636   3.541   4.388   6.036   7.525   8.510   9.062
          12.200  -0.000   1.518   2.565   3.459   4.302   5.948   7.422   8.413   8.983
          12.300  -0.000   1.473   2.494   3.377   4.216   5.863   7.321   8.317   8.905
          12.400  -0.000   1.428   2.424   3.298   4.133   5.779   7.221   8.222   8.827
          12.500  -0.000   1.382   2.355   3.221   4.052   5.698   7.124   8.128   8.752
          12.600  -0.000   1.336   2.288   3.145   3.974   5.619   7.028   8.036   8.678
          12.700  -0.000   1.290   2.222   3.072   3.897   5.542   6.935   7.947   8.607
          12.800  -0.000   1.243   2.157   3.000   3.823   5.468   6.844   7.861   8.539
          12.900  -0.000   1.197   2.093   2.931   3.752   5.395   6.757   7.779   8.474
          13.000  -0.000   1.151   2.032   2.864   3.683   5.324   6.672   7.700   8.413
          13.100  -0.000   1.105   1.972   2.799   3.616   5.253   6.592   7.626   8.355
          13.200  -0.000   1.060   1.913   2.737   3.553   5.184   6.515   7.557   8.301
          13.300  -0.000   1.015   1.857   2.678   3.493   5.116   6.443   7.492   8.251
          13.400  -0.000   0.971   1.805   2.623   3.438   5.050   6.377   7.433   8.205
          13.500  -0.000   0.929   1.755   2.571   3.386   4.988   6.316   7.379   8.164
          13.600  -0.000   0.890   1.709   2.524   3.339   4.931   6.260   7.329   8.127
          13.700  -0.000   0.853   1.667   2.481   3.297   4.879   6.211   7.284   8.094
          13.800  -0.000   0.820   1.630   2.443   3.260   4.834   6.167   7.245   8.067
          13.900  -0.000   0.791   1.597   2.411   3.229   4.796   6.130   7.213   8.043
          14.000  -0.000   0.768   1.571   2.384   3.203   4.766   6.100   7.187   8.024
          14.100  -0.000   0.750   1.550   2.365   3.184   4.743   6.078   7.167   8.010
          14.200  -0.000   0.740   1.537   2.351   3.172   4.729   6.064   7.155   8.000
          14.300  -0.000   0.734   1.528   2.344   3.165   4.723   6.058   7.149   7.996
          14.400  -0.000   0.732   1.524   2.339   3.161   4.721   6.056   7.147   7.994
          14.500  -0.000   0.730   1.519   2.335   3.158   4.719   6.054   7.144   7.992
          14.600  -0.000   0.729   1.515   2.331   3.154   4.718   6.052   7.142   7.990
          14.700  -0.000   0.727   1.511   2.327   3.151   4.716   6.050   7.140   7.989
          14.800  -0.000   0.726   1.506   2.322   3.147   4.714   6.048   7.137   7.987
          14.900  -0.000   0.725   1.502   2.318   3.144   4.713   6.046   7.135   7.985
          15.000  -0.000   0.723   1.498   2.314   3.140   4.711   6.045   7.132   7.984
          15.100  -0.000   0.722   1.495   2.311   3.137   4.710   6.043   7.130   7.982
          15.200  -0.000   0.722   1.491   2.307   3.134   4.708   6.041   7.128   7.980
          15.300  -0.000   0.721   1.488   2.303   3.130   4.707   6.039   7.125   7.979
          15.400  -0.000   0.720   1.485   2.299   3.127   4.705   6.037   7.123   7.977
          15.500  -0.000   0.720   1.482   2.296   3.124   4.704   6.036   7.120   7.975
          15.600  -0.000   0.720   1.479   2.292   3.121   4.702   6.034   7.118   7.974
          15.700  -0.000   0.720   1.476   2.288   3.118   4.701   6.032   7.115   7.972
          15.800  -0.000   0.720   1.474   2.285   3.115   4.700   6.030   7.113   7.970
          15.900  -0.000   0.721   1.472   2.282   3.112   4.698   6.028   7.111   7.969
          16.000  -0.000   0.721   1.470   2.278   3.109   4.697   6.027   7.108   7.967
          16.100  -0.000   0.722   1.469   2.275   3.106   4.696   6.025   7.106   7.965
          16.200  -0.000   0.723   1.468   2.272   3.103   4.694   6.023   7.104   7.964
          16.300  -0.000   0.724   1.467   2.269   3.100   4.693   6.021   7.101   7.962
          16.400  -0.000   0.725   1.467   2.266   3.098   4.692   6.020   7.099   7.960
          16.500  -0.000   0.726   1.466   2.264   3.095   4.691   6.018   7.097   7.958
          16.600  -0.000   0.727   1.466   2.261   3.092   4.689   6.016   7.094   7.956
          16.700  -0.000   0.728   1.466   2.258   3.090   4.688   6.014   7.092   7.955
          16.800  -0.000   0.729   1.466   2.256   3.088   4.687   6.013   7.090   7.953
          16.900  -0.000   0.730   1.466   2.254   3.085   4.686   6.011   7.088   7.951
          17.000  -0.000   0.731   1.467   2.252   3.083   4.685   6.009   7.085   7.949
          17.100  -0.000   0.732   1.467   2.250   3.081   4.684   6.007   7.083   7.947
          17.200  -0.000   0.733   1.468   2.248   3.079   4.683   6.006   7.081   7.946
          17.300  -0.000   0.734   1.469   2.247   3.077   4.682   6.004   7.079   7.944
          17.400  -0.000   0.735   1.470   2.245   3.075   4.681   6.002   7.077   7.942
          17.500  -0.000   0.736   1.471   2.244   3.073   4.679   6.000   7.074   7.940
          17.600  -0.000   0.737   1.473   2.243   3.071   4.678   5.999   7.072   7.939
          17.700  -0.000   0.738   1.475   2.243   3.069   4.678   5.997   7.070   7.937
          17.800  -0.000   0.740   1.476   2.242   3.068   4.677   5.995   7.068   7.935
          17.900  -0.000   0.741   1.478   2.242   3.066   4.676   5.993   7.066   7.935
          18.000  -0.000   0.742   1.481   2.242   3.065   4.675   5.992   7.064   7.933
          18.100  -0.000   0.743   1.483   2.242   3.064   4.674   5.990   7.062   7.931
          18.200  -0.000   0.744   1.485   2.243   3.063   4.673   5.988   7.060   7.930
          18.300  -0.000   0.745   1.487   2.244   3.061   4.672   5.987   7.058   7.928
          18.400  -0.000   0.746   1.490   2.245   3.061   4.671   5.985   7.055   7.926
          18.500  -0.000   0.748   1.492   2.246   3.060   4.670   5.983   7.053   7.925
          18.600  -0.000   0.749   1.495   2.247   3.059   4.670   5.981   7.051   7.923
          18.700  -0.000   0.750   1.497   2.249   3.059   4.669   5.980   7.049   7.922
          18.800  -0.000   0.751   1.499   2.251   3.058   4.668   5.978   7.047   7.920
          18.900  -0.000   0.752   1.502   2.253   3.058   4.667   5.976   7.045   7.918
          19.000  -0.000   0.754   1.504   2.255   3.058   4.667   5.975   7.043   7.917
          19.100  -0.000   0.755   1.507   2.258   3.058   4.666   5.973   7.040   7.915
          19.200  -0.000   0.756   1.509   2.260   3.058   4.665   5.971   7.038   7.914
          19.300  -0.000   0.757   1.512   2.263   3.058   4.665   5.969   7.036   7.912
          19.400  -0.000   0.759   1.514   2.266   3.059   4.664   5.968   7.036   7.911
          19.500  -0.000   0.760   1.517   2.269   3.060   4.663   5.966   7.034   7.909
          19.600  -0.000   0.761   1.520   2.272   3.061   4.663   5.964   7.032   7.908
          19.700  -0.000   0.763   1.522   2.277   3.062   4.662   5.962   7.030   7.906
          19.800  -0.000   0.764   1.525   2.280   3.063   4.662   5.960   7.028   7.905
          19.900  -0.000   0.765   1.528   2.284   3.065   4.661   5.959   7.026   7.903
          20.000  -0.000   0.767   1.531   2.288   3.068   4.661   5.957   7.024   7.902
          20.100  -0.000   0.768   1.533   2.292   3.070   4.660   5.955   7.022   7.900
          20.200  -0.000   0.769   1.536   2.297   3.072   4.660   5.953   7.020   7.899
          20.300  -0.000   0.771   1.538   2.299   3.074   4.659   5.952   7.018   7.897
          20.400  -0.000   0.772   1.541   2.304   3.077   4.660   5.951   7.017   7.896
          20.500  -0.000   0.774   1.545   2.308   3.080   4.659   5.949   7.015   7.894
          20.600  -0.000   0.775   1.547   2.312   3.084   4.658   5.947   7.013   7.893
          20.700  -0.000   0.776   1.551   2.317   3.087   4.658   5.945   7.011   7.891
          20.800  -0.000   0.778   1.553   2.321   3.091   4.657   5.943   7.010   7.890
          20.900  -0.000   0.779   1.555   2.325   3.093   4.657   5.941   7.008   7.888
          21.000  -0.000   0.781   1.558   2.330   3.099   4.657   5.940   7.006   7.887
          21.100  -0.000   0.782   1.561   2.334   3.103   4.656   5.938   7.005   7.885
          21.200  -0.000   0.784   1.564   2.338   3.108   4.656   5.936   7.003   7.884
          21.300  -0.000   0.785   1.567   2.343   3.113   4.656   5.934   7.001   7.882
          21.400  -0.000   0.787   1.570   2.347   3.118   4.655   5.932   7.000   7.881
          21.500  -0.000   0.788   1.573   2.352   3.121   4.655   5.931   6.998   7.880
          21.600  -0.000   0.790   1.576   2.356   3.128   4.655   5.929   6.996   7.878
          21.700  -0.000   0.791   1.579   2.360   3.134   4.654   5.927   6.995   7.877
          21.800  -0.000   0.793   1.582   2.365   3.140   4.654   5.925   6.993   7.876
          21.900  -0.000   0.794   1.585   2.370   3.146   4.654   5.924   6.992   7.874
          22.000  -0.000   0.796   1.589   2.375   3.152   4.654   5.922   6.991   7.873
          22.100  -0.000   0.797   1.592   2.379   3.158   4.654   5.920   6.989   7.871
          22.200  -0.000   0.799   1.595   2.384   3.164   4.654   5.920   6.988   7.870
          22.300  -0.000   0.801   1.597   2.389   3.170   4.654   5.918   6.987   7.869
          22.400  -0.000   0.802   1.601   2.394   3.176   4.654   5.917   6.986   7.868
          22.500  -0.000   0.804   1.605   2.399   3.182   4.654   5.915   6.984   7.866
          22.600  -0.000   0.805   1.608   2.403   3.188   4.654   5.913   6.983   7.865
          22.700  -0.000   0.807   1.611   2.408   3.194   4.654   5.912   6.981   7.864
          22.800  -0.000   0.809   1.614   2.413   3.200   4.654   5.910   6.980   7.863
          22.900  -0.000   0.810   1.618   2.418   3.206   4.654   5.909   6.978   7.861
          23.000  -0.000   0.812   1.621   2.422   3.212   4.655   5.908   6.977   7.860
          23.100  -0.000   0.814   1.624   2.428   3.215   4.655   5.906   6.976   7.859
          23.200  -0.000   0.815   1.628   2.432   3.223   4.653   5.905   6.975   7.858
          23.300  -0.000   0.817   1.631   2.438   3.229   4.656   5.904   6.973   7.857
          23.400  -0.000   0.819   1.635   2.443   3.234   4.656   5.902   6.972   7.856
          23.500  -0.000   0.821   1.638   2.447   3.240   4.657   5.901   6.971   7.855
          23.600  -0.000   0.822   1.641   2.454   3.245   4.658   5.900   6.970   7.854
          23.700  -0.000   0.824   1.645   2.459   3.250   4.658   5.899   6.969   7.853
          23.800  -0.000   0.826   1.648   2.464   3.255   4.659   5.897   6.967   7.852
          23.900  -0.000   0.828   1.652   2.469   3.261   4.661   5.896   6.966   7.851
          24.000  -0.000   0.829   1.655   2.475   3.266   4.662   5.895   6.965   7.850
          24.100  -0.000   0.831   1.659   2.480   3.270   4.664   5.894   6.964   7.849
          24.200  -0.000   0.833   1.663   2.485   3.275   4.666   5.893   6.963   7.849
          24.300  -0.000   0.835   1.666   2.490   3.280   4.668   5.893   6.963   7.848
          24.400  -0.000   0.837   1.670   2.495   3.284   4.670   5.892   6.962   7.847
          24.500  -0.000   0.838   1.674   2.499   3.288   4.672   5.891   6.961   7.847
          24.600  -0.000   0.840   1.677   2.504   3.292   4.674   5.891   6.960   7.846
          24.700  -0.000   0.842   1.681   2.509   3.296   4.675   5.891   6.960   7.846
          24.800  -0.000   0.844   1.685   2.513   3.299   4.677   5.890   6.959   7.845
          24.900  -0.000   0.846   1.688   2.518   3.303   4.678   5.890   6.958   7.845
          25.000  -0.000   0.848   1.692   2.522   3.306   4.680   5.891   6.958   7.844
          25.100  -0.000   0.850   1.696   2.526   3.308   4.681   5.891   6.958   7.844
          25.200  -0.000   0.852   1.700   2.530   3.311   4.682   5.892   6.957   7.844
          25.300  -0.000   0.854   1.704   2.534   3.313   4.683   5.893   6.960   7.844
          25.400  -0.000   0.855   1.707   2.537   3.314   4.685   5.894   6.959   7.844
          25.500  -0.000   0.857   1.711   2.541   3.315   4.686   5.895   6.958   7.844
          25.600  -0.000   0.859   1.715   2.544   3.316   4.687   5.897   6.959   7.844
          25.700  -0.000   0.861   1.719   2.548   3.317   4.688   5.899   6.959   7.844
          25.800  -0.000   0.863   1.723   2.550   3.317   4.688   5.901   6.959   7.844
          25.900  -0.000   0.865   1.727   2.553   3.317   4.689   5.903   6.959   7.844
          26.000  -0.000   0.867   1.730   2.556   3.317   4.690   5.906   6.960   7.845


        KN AS A FUNCTION OF DRAUGHT AND HEELING ANGLE
        INITIAL TRIM:  3.00 M                                        UNIT:     m
        ========================================================================

         INITIAL     HEELING ANGLE (DEGREES)
         DRAUGHT     0.0     5.0    10.0    15.0    20.0    30.0    40.0    50.0    60.0
           0.000  -0.002   8.970  11.055  12.132  12.790  13.451  13.650  13.698  13.513
           0.100  -0.002   9.033  11.227  12.364  13.062  13.774  13.987  13.927  13.492
           0.200  -0.001   9.048  11.342  12.531  13.265  14.021  14.239  14.085  13.469
           0.300  -0.001   9.026  11.414  12.647  13.413  14.205  14.421  14.194  13.450
           0.400  -0.001   8.974  11.451  12.724  13.517  14.341  14.552  14.270  13.436
           0.500  -0.001   8.896  11.461  12.774  13.590  14.440  14.648  14.324  13.426
           0.600  -0.001   8.795  11.449  12.802  13.640  14.513  14.719  14.362  13.420
           0.700  -0.001   8.670  11.415  12.810  13.670  14.566  14.773  14.391  13.415
           0.800  -0.001   8.516  11.356  12.795  13.679  14.601  14.814  14.412  13.414
           0.900  -0.001   8.332  11.267  12.751  13.662  14.613  14.840  14.427  13.417
           1.000  -0.001   8.119  11.150  12.680  13.619  14.604  14.852  14.436  13.423
           1.100  -0.001   7.889  11.014  12.590  13.558  14.579  14.855  14.441  13.431
           1.200  -0.001   7.648  10.864  12.486  13.484  14.545  14.851  14.441  13.440
           1.300  -0.001   7.400  10.706  12.374  13.402  14.505  14.840  14.438  13.449
           1.400  -0.001   7.149  10.541  12.256  13.314  14.459  14.825  14.432  13.458
           1.500  -0.001   6.899  10.372  12.134  13.223  14.411  14.806  14.423  13.467
           1.600  -0.001   6.651  10.202  12.009  13.129  14.360  14.784  14.412  13.474
           1.700  -0.001   6.411  10.030  11.882  13.034  14.309  14.759  14.399  13.481
           1.800  -0.001   6.178   9.859  11.755  12.937  14.256  14.731  14.384  13.486
           1.900  -0.001   5.955   9.688  11.627  12.840  14.203  14.701  14.367  13.491
           2.000  -0.001   5.742   9.516  11.499  12.743  14.150  14.668  14.348  13.495
           2.100  -0.001   5.538   9.344  11.371  12.645  14.098  14.634  14.327  13.498
           2.200  -0.001   5.346   9.174  11.246  12.549  14.045  14.598  14.304  13.501
           2.300  -0.001   5.164   9.006  11.121  12.453  13.993  14.561  14.281  13.502
           2.400  -0.001   4.993   8.841  10.997  12.357  13.941  14.522  14.255  13.503
           2.500  -0.001   4.833   8.678  10.874  12.263  13.889  14.483  14.228  13.503
           2.600  -0.001   4.684   8.519  10.751  12.169  13.838  14.442  14.200  13.501
           2.700  -0.001   4.544   8.362  10.629  12.076  13.786  14.400  14.171  13.500
           2.800  -0.001   4.413   8.209  10.507  11.985  13.733  14.356  14.140  13.497
           2.900  -0.001   4.290   8.059  10.386  11.894  13.680  14.312  14.108  13.493
           3.000  -0.001   4.175   7.911  10.267  11.804  13.627  14.266  14.075  13.489
           3.100  -0.001   4.066   7.766  10.150  11.715  13.573  14.219  14.041  13.483
           3.200  -0.001   3.964   7.623  10.035  11.626  13.517  14.171  14.007  13.476
           3.300  -0.001   3.868   7.483   9.922  11.537  13.462  14.122  13.971  13.466
           3.400  -0.001   3.777   7.346   9.811  11.449  13.405  14.072  13.935  13.455
           3.500  -0.001   3.691   7.212   9.702  11.360  13.348  14.020  13.898  13.441
           3.600  -0.001   3.610   7.081   9.594  11.272  13.290  13.968  13.860  13.426
           3.700  -0.001   3.533   6.953   9.487  11.185  13.230  13.914  13.821  13.410
           3.800  -0.001   3.460   6.828   9.382  11.099  13.170  13.860  13.781  13.392
           3.900  -0.001   3.391   6.707   9.279  11.015  13.110  13.805  13.741  13.374
           4.000  -0.001   3.325   6.590   9.178  10.932  13.048  13.748  13.700  13.354
           4.100  -0.001   3.263   6.476   9.077  10.851  12.984  13.691  13.658  13.333
           4.200  -0.001   3.203   6.365   8.978  10.771  12.920  13.633  13.615  13.311
           4.300  -0.001   3.146   6.259   8.880  10.692  12.855  13.574  13.573  13.289
           4.400  -0.001   3.092   6.156   8.783  10.615  12.789  13.514  13.530  13.265
           4.500  -0.001   3.040   6.057   8.688  10.538  12.722  13.454  13.487  13.240
           4.600  -0.001   2.991   5.962   8.594  10.463  12.654  13.392  13.443  13.215
           4.700  -0.001   2.944   5.871   8.501  10.390  12.585  13.330  13.399  13.190
           4.800  -0.001   2.899   5.783   8.410  10.317  12.515  13.266  13.356  13.165
           4.900  -0.001   2.855   5.698   8.319  10.244  12.444  13.202  13.311  13.138
           5.000  -0.001   2.813   5.617   8.230  10.173  12.371  13.137  13.267  13.112
           5.100  -0.001   2.772   5.539   8.141  10.101  12.298  13.071  13.222  13.085
           5.200  -0.001   2.733   5.463   8.054  10.030  12.223  13.005  13.178  13.058
           5.300  -0.001   2.696   5.391   7.969   9.959  12.148  12.938  13.133  13.030
           5.400  -0.001   2.660   5.322   7.885   9.888  12.072  12.872  13.088  13.002
           5.500  -0.001   2.626   5.255   7.802   9.817  11.995  12.805  13.043  12.973
           5.600  -0.001   2.593   5.191   7.721   9.745  11.917  12.739  12.999  12.943
           5.700  -0.001   2.561   5.129   7.641   9.674  11.838  12.671  12.954  12.913
           5.800  -0.001   2.531   5.069   7.563   9.602  11.759  12.604  12.910  12.882
           5.900  -0.001   2.501   5.012   7.486   9.530  11.680  12.536  12.866  12.852
           6.000  -0.001   2.473   4.956   7.412   9.457  11.599  12.467  12.821  12.820
           6.100  -0.001   2.445   4.902   7.339   9.384  11.518  12.398  12.775  12.789
           6.200  -0.001   2.419   4.850   7.268   9.311  11.437  12.328  12.729  12.757
           6.300  -0.000   2.394   4.800   7.198   9.237  11.356  12.258  12.683  12.724
           6.400  -0.000   2.370   4.752   7.131   9.163  11.274  12.187  12.636  12.691
           6.500  -0.000   2.347   4.706   7.066   9.088  11.191  12.116  12.588  12.658
           6.600  -0.000   2.325   4.661   7.002   9.012  11.108  12.045  12.539  12.624
           6.700  -0.000   2.303   4.618   6.940   8.936  11.025  11.973  12.490  12.589
           6.800  -0.000   2.283   4.576   6.879   8.859  10.942  11.902  12.439  12.553
           6.900  -0.000   2.263   4.536   6.820   8.782  10.858  11.830  12.388  12.516
           7.000  -0.000   2.243   4.497   6.761   8.704  10.774  11.759  12.335  12.477
           7.100  -0.000   2.225   4.459   6.704   8.625  10.689  11.688  12.282  12.436
           7.200  -0.000   2.207   4.423   6.647   8.545  10.605  11.616  12.228  12.394
           7.300  -0.000   2.189   4.389   6.591   8.465  10.519  11.544  12.174  12.349
           7.400  -0.000   2.172   4.355   6.536   8.384  10.434  11.473  12.119  12.303
           7.500  -0.000   2.156   4.322   6.481   8.303  10.348  11.401  12.065  12.254
           7.600  -0.000   2.141   4.291   6.427   8.221  10.261  11.329  12.010  12.203
           7.700  -0.000   2.125   4.260   6.373   8.138  10.175  11.257  11.955  12.150
           7.800  -0.000   2.111   4.231   6.320   8.055  10.087  11.185  11.899  12.096
           7.900  -0.000   2.097   4.202   6.266   7.971  10.000  11.113  11.843  12.040
           8.000  -0.000   2.083   4.175   6.214   7.886   9.911  11.041  11.787  11.984
           8.100  -0.000   2.069   4.148   6.161   7.801   9.823  10.969  11.730  11.926
           8.200  -0.000   2.056   4.122   6.108   7.716   9.734  10.897  11.674  11.867
           8.300  -0.000   2.044   4.097   6.056   7.631   9.644  10.824  11.616  11.807
           8.400  -0.000   2.032   4.073   6.003   7.546   9.555  10.752  11.559  11.746
           8.500  -0.000   2.020   4.049   5.950   7.462   9.465  10.679  11.501  11.685
           8.600  -0.000   2.009   4.027   5.897   7.377   9.374  10.606  11.443  11.624
           8.700  -0.000   1.998   4.004   5.843   7.292   9.283  10.533  11.383  11.562
           8.800  -0.000   1.988   3.981   5.789   7.208   9.192  10.460  11.321  11.499
           8.900  -0.000   1.977   3.959   5.735   7.123   9.100  10.386  11.259  11.436
           9.000  -0.000   1.967   3.936   5.679   7.039   9.007  10.312  11.195  11.372
           9.100  -0.000   1.958   3.913   5.623   6.955   8.914  10.238  11.129  11.308
           9.200  -0.000   1.948   3.890   5.567   6.871   8.821  10.163  11.062  11.242
           9.300  -0.000   1.939   3.866   5.509   6.788   8.727  10.088  10.993  11.177
           9.400  -0.000   1.930   3.842   5.451   6.704   8.633  10.012  10.922  11.111
           9.500  -0.000   1.922   3.816   5.392   6.621   8.538   9.935  10.850  11.044
           9.600  -0.000   1.914   3.791   5.332   6.537   8.444   9.858  10.775  10.977
           9.700  -0.000   1.906   3.764   5.272   6.454   8.349   9.780  10.700  10.909
           9.800  -0.000   1.898   3.736   5.210   6.371   8.254   9.701  10.622  10.840
           9.900  -0.000   1.891   3.708   5.148   6.287   8.158   9.622  10.542  10.771
          10.000  -0.000   1.883   3.678   5.085   6.204   8.062   9.543  10.462  10.701
          10.100  -0.000   1.876   3.647   5.021   6.121   7.966   9.463  10.381  10.631
          10.200  -0.000   1.870   3.615   4.957   6.038   7.870   9.382  10.299  10.560
          10.300  -0.000   1.863   3.581   4.891   5.954   7.773   9.300  10.216  10.490
          10.400  -0.000   1.857   3.546   4.825   5.871   7.677   9.218  10.133  10.419
          10.500  -0.000   1.850   3.509   4.758   5.788   7.581   9.136  10.049  10.347
          10.600  -0.000   1.843   3.470   4.690   5.704   7.485   9.052   9.964  10.275
          10.700  -0.000   1.835   3.429   4.622   5.621   7.389   8.967   9.879  10.202
          10.800  -0.000   1.827   3.387   4.552   5.537   7.294   8.881   9.792  10.129
          10.900  -0.000   1.817   3.342   4.482   5.453   7.199   8.794   9.705  10.056
          11.000  -0.000   1.806   3.295   4.411   5.369   7.105   8.705   9.617   9.982
          11.100  -0.000   1.794   3.245   4.339   5.285   7.011   8.614   9.528   9.908
          11.200  -0.000   1.779   3.194   4.266   5.200   6.917   8.521   9.439   9.834
          11.300  -0.000   1.763   3.141   4.193   5.116   6.825   8.426   9.348   9.759
          11.400  -0.000   1.745   3.086   4.118   5.031   6.732   8.330   9.257   9.683
          11.500  -0.000   1.725   3.029   4.043   4.947   6.641   8.232   9.166   9.607
          11.600  -0.000   1.701   2.970   3.966   4.862   6.550   8.133   9.073   9.531
          11.700  -0.000   1.675   2.909   3.890   4.777   6.459   8.032   8.980   9.455
          11.800  -0.000   1.647   2.847   3.812   4.692   6.370   7.930   8.886   9.377
          11.900  -0.000   1.615   2.783   3.733   4.607   6.281   7.827   8.792   9.300
          12.000  -0.000   1.580   2.717   3.655   4.522   6.194   7.725   8.697   9.222
          12.100  -0.000   1.543   2.651   3.577   4.438   6.107   7.624   8.602   9.144
          12.200  -0.000   1.506   2.586   3.500   4.356   6.023   7.523   8.508   9.067
          12.300  -0.000   1.467   2.522   3.424   4.276   5.940   7.424   8.414   8.990
          12.400  -0.000   1.429   2.458   3.351   4.198   5.860   7.327   8.322   8.913
          12.500  -0.000   1.390   2.396   3.278   4.121   5.782   7.232   8.231   8.839
          12.600  -0.000   1.350   2.334   3.208   4.047   5.705   7.139   8.141   8.766
          12.700  -0.000   1.310   2.273   3.139   3.974   5.631   7.049   8.054   8.695
          12.800  -0.000   1.269   2.213   3.071   3.903   5.559   6.960   7.969   8.627
          12.900  -0.000   1.228   2.154   3.005   3.834   5.489   6.875   7.887   8.562
          13.000  -0.000   1.188   2.097   2.941   3.767   5.422   6.792   7.808   8.499
          13.100  -0.000   1.147   2.040   2.879   3.703   5.355   6.712   7.733   8.440
          13.200  -0.000   1.106   1.984   2.818   3.640   5.289   6.635   7.662   8.384
          13.300  -0.000   1.065   1.930   2.760   3.581   5.225   6.561   7.595   8.332
          13.400  -0.000   1.025   1.878   2.704   3.524   5.161   6.491   7.532   8.284
          13.500  -0.000   0.985   1.828   2.650   3.469   5.099   6.426   7.474   8.238
          13.600  -0.000   0.947   1.780   2.600   3.419   5.040   6.366   7.420   8.196
          13.700  -0.000   0.910   1.735   2.554   3.372   4.983   6.310   7.371   8.158
          13.800  -0.000   0.875   1.694   2.511   3.329   4.931   6.260   7.326   8.124
          13.900  -0.000   0.843   1.655   2.472   3.291   4.884   6.214   7.285   8.094
          14.000  -0.000   0.814   1.621   2.437   3.256   4.842   6.174   7.249   8.069
          14.100  -0.000   0.789   1.591   2.407   3.227   4.807   6.140   7.218   8.047
          14.200  -0.000   0.769   1.566   2.381   3.203   4.777   6.111   7.192   8.029
          14.300  -0.000   0.753   1.546   2.361   3.184   4.755   6.089   7.173   8.014
          14.400  -0.000   0.742   1.531   2.347   3.170   4.740   6.073   7.159   8.004
          14.500  -0.000   0.736   1.521   2.337   3.161   4.731   6.064   7.151   7.998
          14.600  -0.000   0.733   1.516   2.332   3.156   4.727   6.061   7.147   7.995
          14.700  -0.000   0.732   1.512   2.328   3.153   4.726   6.059   7.145   7.993
          14.800  -0.000   0.730   1.508   2.324   3.150   4.724   6.057   7.143   7.992
          14.900  -0.000   0.729   1.504   2.320   3.146   4.723   6.055   7.140   7.990
          15.000  -0.000   0.728   1.500   2.316   3.143   4.721   6.054   7.138   7.988
          15.100  -0.000   0.727   1.497   2.312   3.140   4.720   6.052   7.135   7.987
          15.200  -0.000   0.726   1.494   2.309   3.136   4.718   6.050   7.133   7.985
          15.300  -0.000   0.725   1.491   2.305   3.133   4.717   6.048   7.130   7.983
          15.400  -0.000   0.725   1.488   2.301   3.130   4.715   6.046   7.128   7.982
          15.500  -0.000   0.724   1.485   2.298   3.127   4.714   6.045   7.126   7.980
          15.600  -0.000   0.724   1.483   2.294   3.124   4.712   6.043   7.123   7.978
          15.700  -0.000   0.723   1.481   2.291   3.121   4.711   6.041   7.121   7.976
          15.800  -0.000   0.723   1.479   2.288   3.118   4.710   6.039   7.118   7.975
          15.900  -0.000   0.723   1.477   2.284   3.115   4.708   6.037   7.116   7.973
          16.000  -0.000   0.724   1.476   2.281   3.112   4.707   6.036   7.114   7.971
          16.100  -0.000   0.724   1.475   2.278   3.109   4.706   6.034   7.111   7.969
          16.200  -0.000   0.725   1.474   2.275   3.107   4.705   6.032   7.109   7.968
          16.300  -0.000   0.726   1.473   2.273   3.104   4.703   6.030   7.107   7.966
          16.400  -0.000   0.727   1.473   2.270   3.102   4.702   6.028   7.104   7.964
          16.500  -0.000   0.728   1.473   2.267   3.099   4.701   6.027   7.102   7.962
          16.600  -0.000   0.729   1.472   2.265   3.097   4.700   6.025   7.100   7.960
          16.700  -0.000   0.730   1.472   2.263   3.094   4.699   6.023   7.098   7.959
          16.800  -0.000   0.731   1.472   2.261   3.092   4.697   6.021   7.095   7.957
          16.900  -0.000   0.732   1.473   2.259   3.090   4.696   6.020   7.093   7.955
          17.000  -0.000   0.733   1.473   2.257   3.088   4.695   6.018   7.091   7.953
          17.100  -0.000   0.734   1.473   2.255   3.086   4.694   6.016   7.089   7.951
          17.200  -0.000   0.735   1.474   2.254   3.084   4.693   6.014   7.087   7.950
          17.300  -0.000   0.736   1.475   2.252   3.082   4.692   6.013   7.084   7.948
          17.400  -0.000   0.737   1.476   2.251   3.080   4.691   6.011   7.082   7.946
          17.500  -0.000   0.738   1.477   2.251   3.078   4.690   6.009   7.080   7.944
          17.600  -0.000   0.739   1.478   2.250   3.076   4.689   6.007   7.078   7.944
          17.700  -0.000   0.740   1.480   2.249   3.075   4.688   6.006   7.076   7.942
          17.800  -0.000   0.741   1.481   2.249   3.074   4.687   6.004   7.074   7.940
          17.900  -0.000   0.743   1.483   2.249   3.072   4.686   6.002   7.072   7.939
          18.000  -0.000   0.744   1.485   2.250   3.071   4.686   6.000   7.069   7.937
          18.100  -0.000   0.745   1.487   2.250   3.070   4.685   5.999   7.067   7.935
          18.200  -0.000   0.746   1.489   2.251   3.069   4.684   5.997   7.065   7.934
          18.300  -0.000   0.747   1.491   2.252   3.068   4.683   5.995   7.063   7.932
          18.400  -0.000   0.748   1.494   2.253   3.067   4.682   5.993   7.061   7.930
          18.500  -0.000   0.750   1.496   2.255   3.067   4.681   5.992   7.058   7.929
          18.600  -0.000   0.751   1.499   2.256   3.066   4.681   5.990   7.056   7.927
          18.700  -0.000   0.752   1.501   2.258   3.066   4.680   5.988   7.054   7.926
          18.800  -0.000   0.753   1.503   2.260   3.066   4.679   5.986   7.052   7.924
          18.900  -0.000   0.755   1.506   2.262   3.066   4.678   5.985   7.050   7.922
          19.000  -0.000   0.756   1.508   2.264   3.066   4.678   5.983   7.048   7.921
          19.100  -0.000   0.757   1.511   2.266   3.066   4.677   5.981   7.046   7.919
          19.200  -0.000   0.758   1.514   2.269   3.067   4.676   5.980   7.045   7.918
          19.300  -0.000   0.760   1.516   2.271   3.067   4.676   5.978   7.043   7.916
          19.400  -0.000   0.761   1.519   2.274   3.068   4.675   5.976   7.041   7.914
          19.500  -0.000   0.762   1.521   2.278   3.069   4.675   5.974   7.039   7.913
          19.600  -0.000   0.764   1.524   2.281   3.071   4.674   5.972   7.037   7.911
          19.700  -0.000   0.765   1.527   2.284   3.072   4.673   5.970   7.035   7.910
          19.800  -0.000   0.766   1.529   2.287   3.074   4.673   5.969   7.033   7.908
          19.900  -0.000   0.768   1.532   2.291   3.076   4.672   5.967   7.031   7.907
          20.000  -0.000   0.769   1.534   2.295   3.078   4.672   5.966   7.030   7.905
          20.100  -0.000   0.770   1.538   2.298   3.081   4.671   5.964   7.028   7.904
          20.200  -0.000   0.772   1.540   2.302   3.083   4.672   5.962   7.026   7.902
          20.300  -0.000   0.773   1.543   2.307   3.086   4.671   5.960   7.024   7.900
          20.400  -0.000   0.775   1.546   2.310   3.089   4.670   5.958   7.022   7.899
          20.500  -0.000   0.776   1.549   2.315   3.092   4.670   5.957   7.020   7.897
          20.600  -0.000   0.777   1.552   2.319   3.095   4.670   5.955   7.019   7.896
          20.700  -0.000   0.779   1.554   2.324   3.098   4.669   5.953   7.017   7.894
          20.800  -0.000   0.780   1.557   2.328   3.103   4.669   5.951   7.015   7.893
          20.900  -0.000   0.782   1.560   2.332   3.107   4.668   5.949   7.014   7.891
          21.000  -0.000   0.783   1.563   2.337   3.111   4.668   5.947   7.012   7.890
          21.100  -0.000   0.785   1.566   2.341   3.115   4.667   5.946   7.010   7.888
          21.200  -0.000   0.786   1.569   2.346   3.120   4.667   5.944   7.009   7.887
          21.300  -0.000   0.788   1.572   2.350   3.125   4.667   5.942   7.007   7.885
          21.400  -0.000   0.789   1.575   2.355   3.130   4.666   5.940   7.005   7.884
          21.500  -0.000   0.791   1.578   2.359   3.135   4.666   5.938   7.004   7.883
          21.600  -0.000   0.792   1.581   2.364   3.140   4.666   5.936   7.002   7.881
          21.700  -0.000   0.794   1.584   2.369   3.145   4.666   5.935   7.001   7.880
          21.800  -0.000   0.795   1.588   2.372   3.151   4.666   5.933   6.999   7.878
          21.900  -0.000   0.797   1.591   2.378   3.157   4.666   5.933   6.998   7.877
          22.000  -0.000   0.799   1.594   2.383   3.162   4.666   5.931   6.997   7.876
          22.100  -0.000   0.800   1.597   2.387   3.168   4.665   5.929   6.996   7.874
          22.200  -0.000   0.802   1.600   2.391   3.174   4.665   5.928   6.994   7.873
          22.300  -0.000   0.803   1.603   2.397   3.180   4.665   5.926   6.993   7.872
          22.400  -0.000   0.805   1.607   2.402   3.186   4.665   5.924   6.991   7.870
          22.500  -0.000   0.807   1.610   2.407   3.192   4.665   5.923   6.990   7.869
          22.600  -0.000   0.808   1.613   2.412   3.198   4.665   5.921   6.988   7.868
          22.700  -0.000   0.810   1.617   2.417   3.204   4.666   5.917   6.987   7.866
          22.800  -0.000   0.812   1.620   2.421   3.208   4.666   5.918   6.985   7.865
          22.900  -0.000   0.813   1.623   2.427   3.216   4.666   5.917   6.984   7.864
          23.000  -0.000   0.815   1.625   2.432   3.221   4.666   5.915   6.983   7.863
          23.100  -0.000   0.817   1.630   2.437   3.227   4.666   5.914   6.981   7.862
          23.200  -0.000   0.818   1.633   2.442   3.232   4.667   5.913   6.980   7.860
          23.300  -0.000   0.820   1.637   2.447   3.238   4.667   5.911   6.979   7.859
          23.400  -0.000   0.822   1.640   2.452   3.243   4.668   5.910   6.977   7.858
          23.500  -0.000   0.824   1.644   2.457   3.248   4.668   5.909   6.976   7.857
          23.600  -0.000   0.825   1.647   2.462   3.254   4.666   5.907   6.975   7.856
          23.700  -0.000   0.827   1.651   2.468   3.259   4.670   5.906   6.974   7.855
          23.800  -0.000   0.829   1.654   2.473   3.264   4.671   5.905   6.973   7.854
          23.900  -0.000   0.831   1.658   2.478   3.269   4.672   5.904   6.972   7.854
          24.000  -0.000   0.832   1.662   2.483   3.273   4.673   5.903   6.971   7.853
          24.100  -0.000   0.834   1.665   2.488   3.278   4.675   5.902   6.970   7.852
          24.200  -0.000   0.836   1.669   2.493   3.283   4.677   5.901   6.969   7.851
          24.300  -0.000   0.838   1.672   2.498   3.287   4.679   5.900   6.968   7.851
          24.400  -0.000   0.840   1.676   2.503   3.291   4.680   5.900   6.967   7.850
          24.500  -0.000   0.842   1.680   2.507   3.296   4.682   5.899   6.966   7.850
          24.600  -0.000   0.843   1.683   2.512   3.299   4.683   5.898   6.966   7.849
          24.700  -0.000   0.845   1.687   2.516   3.303   4.685   5.898   6.965   7.849
          24.800  -0.000   0.847   1.691   2.520   3.307   4.686   5.898   6.964   7.848
          24.900  -0.000   0.849   1.695   2.525   3.310   4.687   5.898   6.964   7.848
          25.000  -0.000   0.851   1.699   2.529   3.313   4.689   5.898   6.963   7.847
          25.100  -0.000   0.853   1.702   2.532   3.315   4.690   5.899   6.965   7.847
          25.200  -0.000   0.855   1.706   2.536   3.318   4.691   5.899   6.964   7.847
          25.300  -0.000   0.857   1.710   2.540   3.320   4.692   5.901   6.964   7.847
          25.400  -0.000   0.859   1.714   2.543   3.321   4.693   5.902   6.964   7.847
          25.500  -0.000   0.861   1.718   2.546   3.323   4.693   5.903   6.964   7.847
          25.600  -0.000   0.863   1.722   2.549   3.324   4.694   5.905   6.964   7.847
          25.700  -0.000   0.865   1.725   2.552   3.324   4.695   5.907   6.964   7.847
          25.800  -0.000   0.867   1.729   2.555   3.324   4.696   5.910   6.965   7.848
          25.900  -0.000   0.869   1.732   2.557   3.324   4.696   5.912   6.966   7.848
          26.000  -0.000   0.871   1.736   2.559   3.323   4.696   5.914   6.966   7.849

        KN AS A FUNCTION OF DRAUGHT AND HEELING ANGLE
        INITIAL TRIM:  3.50 M                                        UNIT:     m
        ========================================================================

         INITIAL     HEELING ANGLE (DEGREES)
         DRAUGHT     0.0     5.0    10.0    15.0    20.0    30.0    40.0    50.0    60.0
           0.000  -0.002   8.525  10.697  11.829  12.531  13.270  13.541  13.671  13.526
           0.100  -0.002   8.560  10.829  12.012  12.750  13.534  13.820  13.870  13.516
           0.200  -0.002   8.560  10.919  12.147  12.917  13.742  14.038  14.011  13.502
           0.300  -0.001   8.532  10.975  12.245  13.044  13.903  14.208  14.113  13.489
           0.400  -0.001   8.481  11.004  12.312  13.137  14.028  14.338  14.186  13.478
           0.500  -0.001   8.411  11.012  12.358  13.204  14.123  14.439  14.239  13.469
           0.600  -0.001   8.321  11.000  12.385  13.252  14.196  14.516  14.278  13.461
           0.700  -0.001   8.213  10.973  12.396  13.285  14.252  14.576  14.306  13.454
           0.800  -0.001   8.086  10.929  12.392  13.304  14.295  14.624  14.327  13.448
           0.900  -0.001   7.940  10.868  12.372  13.308  14.325  14.663  14.343  13.444
           1.000  -0.001   7.771  10.787  12.333  13.295  14.341  14.690  14.354  13.444
           1.100  -0.001   7.582  10.684  12.273  13.262  14.339  14.704  14.360  13.446
           1.200  -0.001   7.376  10.563  12.195  13.212  14.324  14.708  14.361  13.449
           1.300  -0.001   7.160  10.430  12.105  13.150  14.300  14.703  14.358  13.454
           1.400  -0.001   6.940  10.288  12.007  13.080  14.268  14.693  14.352  13.459
           1.500  -0.001   6.718  10.141  11.903  13.005  14.233  14.678  14.344  13.464
           1.600  -0.001   6.496   9.990  11.795  12.926  14.194  14.659  14.333  13.470
           1.700  -0.001   6.278   9.836  11.684  12.844  14.152  14.637  14.321  13.474
           1.800  -0.001   6.065   9.680  11.570  12.760  14.109  14.612  14.306  13.479
           1.900  -0.001   5.858   9.524  11.455  12.675  14.065  14.585  14.290  13.483
           2.000  -0.001   5.659   9.368  11.340  12.588  14.020  14.556  14.272  13.487
           2.100  -0.001   5.469   9.210  11.224  12.500  13.974  14.525  14.252  13.490
           2.200  -0.001   5.286   9.052  11.107  12.412  13.928  14.492  14.231  13.492
           2.300  -0.001   5.113   8.895  10.991  12.324  13.882  14.457  14.208  13.494
           2.400  -0.001   4.949   8.738  10.876  12.236  13.835  14.421  14.184  13.495
           2.500  -0.001   4.794   8.583  10.760  12.148  13.787  14.383  14.158  13.496
           2.600  -0.001   4.648   8.430  10.646  12.060  13.739  14.344  14.131  13.496
           2.700  -0.001   4.512   8.279  10.531  11.973  13.690  14.304  14.103  13.495
           2.800  -0.001   4.384   8.131  10.416  11.886  13.640  14.263  14.074  13.494
           2.900  -0.001   4.263   7.985  10.301  11.799  13.589  14.220  14.043  13.491
           3.000  -0.001   4.150   7.842  10.187  11.714  13.538  14.176  14.012  13.487
           3.100  -0.001   4.043   7.701  10.074  11.629  13.485  14.131  13.980  13.482
           3.200  -0.001   3.943   7.563   9.963  11.545  13.432  14.085  13.947  13.475
           3.300  -0.001   3.848   7.426   9.853  11.460  13.377  14.038  13.913  13.466
           3.400  -0.001   3.758   7.292   9.744  11.375  13.322  13.989  13.879  13.455
           3.500  -0.001   3.673   7.161   9.637  11.291  13.265  13.939  13.844  13.442
           3.600  -0.001   3.592   7.033   9.531  11.207  13.208  13.889  13.808  13.427
           3.700  -0.001   3.516   6.909   9.427  11.123  13.150  13.837  13.772  13.411
           3.800  -0.001   3.444   6.787   9.324  11.039  13.090  13.785  13.735  13.393
           3.900  -0.001   3.375   6.669   9.223  10.956  13.030  13.731  13.697  13.374
           4.000  -0.001   3.310   6.554   9.122  10.875  12.969  13.677  13.658  13.354
           4.100  -0.001   3.248   6.443   9.024  10.795  12.908  13.621  13.619  13.333
           4.200  -0.001   3.189   6.335   8.927  10.716  12.845  13.566  13.579  13.311
           4.300  -0.001   3.133   6.231   8.831  10.639  12.781  13.509  13.539  13.288
           4.400  -0.001   3.079   6.130   8.736  10.563  12.717  13.451  13.498  13.265
           4.500  -0.001   3.028   6.033   8.643  10.488  12.651  13.393  13.458  13.241
           4.600  -0.001   2.980   5.939   8.550  10.414  12.585  13.335  13.416  13.217
           4.700  -0.001   2.933   5.849   8.459  10.342  12.518  13.275  13.375  13.192
           4.800  -0.001   2.888   5.762   8.369  10.269  12.449  13.214  13.333  13.166
           4.900  -0.001   2.845   5.678   8.280  10.198  12.380  13.153  13.291  13.139
           5.000  -0.001   2.804   5.598   8.192  10.127  12.309  13.090  13.249  13.113
           5.100  -0.001   2.765   5.520   8.105  10.056  12.238  13.027  13.206  13.086
           5.200  -0.001   2.726   5.446   8.020   9.985  12.165  12.963  13.164  13.058
           5.300  -0.001   2.689   5.374   7.935   9.914  12.092  12.898  13.121  13.031
           5.400  -0.001   2.653   5.305   7.853   9.843  12.017  12.834  13.078  13.002
           5.500  -0.001   2.619   5.239   7.771   9.772  11.942  12.769  13.035  12.974
           5.600  -0.001   2.586   5.175   7.691   9.700  11.866  12.704  12.992  12.946
           5.700  -0.001   2.555   5.114   7.613   9.629  11.790  12.639  12.948  12.917
           5.800  -0.001   2.524   5.055   7.536   9.557  11.713  12.573  12.905  12.886
           5.900  -0.001   2.495   4.998   7.461   9.485  11.635  12.508  12.861  12.855
           6.000  -0.001   2.467   4.943   7.387   9.413  11.556  12.441  12.818  12.824
           6.100  -0.001   2.440   4.890   7.315   9.340  11.477  12.374  12.773  12.792
           6.200  -0.001   2.414   4.838   7.245   9.267  11.397  12.306  12.729  12.760
           6.300  -0.000   2.388   4.789   7.177   9.193  11.317  12.238  12.683  12.728
           6.400  -0.000   2.364   4.741   7.110   9.119  11.237  12.169  12.637  12.695
           6.500  -0.000   2.341   4.695   7.045   9.044  11.156  12.100  12.591  12.662
           6.600  -0.000   2.319   4.650   6.982   8.969  11.075  12.031  12.544  12.628
           6.700  -0.000   2.297   4.607   6.920   8.894  10.994  11.961  12.496  12.594
           6.800  -0.000   2.277   4.566   6.860   8.817  10.912  11.891  12.447  12.559
           6.900  -0.000   2.257   4.525   6.800   8.740  10.830  11.822  12.397  12.524
           7.000  -0.000   2.238   4.487   6.741   8.663  10.747  11.752  12.347  12.487
           7.100  -0.000   2.219   4.449   6.683   8.585  10.664  11.682  12.295  12.448
           7.200  -0.000   2.201   4.413   6.626   8.506  10.580  11.612  12.242  12.408
           7.300  -0.000   2.184   4.378   6.570   8.427  10.496  11.542  12.189  12.367
           7.400  -0.000   2.167   4.344   6.514   8.348  10.412  11.472  12.135  12.323
           7.500  -0.000   2.151   4.312   6.459   8.268  10.328  11.401  12.081  12.276
           7.600  -0.000   2.135   4.281   6.404   8.188  10.243  11.331  12.026  12.228
           7.700  -0.000   2.120   4.250   6.350   8.107  10.158  11.261  11.972  12.177
           7.800  -0.000   2.106   4.221   6.296   8.025  10.072  11.191  11.917  12.125
           7.900  -0.000   2.092   4.193   6.243   7.944   9.986  11.120  11.862  12.072
           8.000  -0.000   2.078   4.165   6.189   7.861   9.900  11.050  11.806  12.017
           8.100  -0.000   2.065   4.138   6.136   7.778   9.813  10.980  11.750  11.961
           8.200  -0.000   2.052   4.113   6.083   7.695   9.725  10.909  11.694  11.904
           8.300  -0.000   2.039   4.088   6.030   7.612   9.638  10.838  11.637  11.846
           8.400  -0.000   2.027   4.063   5.977   7.528   9.550  10.767  11.580  11.786
           8.500  -0.000   2.016   4.040   5.924   7.445   9.461  10.697  11.523  11.725
           8.600  -0.000   2.004   4.016   5.871   7.361   9.372  10.626  11.466  11.664
           8.700  -0.000   1.994   3.993   5.818   7.278   9.283  10.554  11.407  11.603
           8.800  -0.000   1.983   3.970   5.764   7.195   9.194  10.483  11.348  11.542
           8.900  -0.000   1.973   3.946   5.710   7.111   9.104  10.411  11.288  11.480
           9.000  -0.000   1.963   3.923   5.656   7.028   9.013  10.339  11.226  11.417
           9.100  -0.000   1.953   3.899   5.601   6.946   8.923  10.266  11.162  11.354
           9.200  -0.000   1.944   3.875   5.546   6.863   8.831  10.193  11.098  11.290
           9.300  -0.000   1.935   3.850   5.490   6.780   8.739  10.119  11.031  11.225
           9.400  -0.000   1.926   3.825   5.433   6.698   8.647  10.045  10.963  11.159
           9.500  -0.000   1.918   3.799   5.375   6.616   8.555   9.970  10.894  11.093
           9.600  -0.000   1.910   3.773   5.317   6.534   8.462   9.895  10.823  11.027
           9.700  -0.000   1.902   3.745   5.258   6.452   8.369   9.818  10.750  10.960
           9.800  -0.000   1.894   3.717   5.198   6.371   8.276   9.741  10.675  10.892
           9.900  -0.000   1.887   3.688   5.137   6.289   8.182   9.664  10.599  10.824
          10.000  -0.000   1.879   3.658   5.075   6.207   8.089   9.585  10.521  10.755
          10.100  -0.000   1.872   3.626   5.012   6.126   7.995   9.507  10.441  10.685
          10.200  -0.000   1.866   3.594   4.949   6.044   7.901   9.427  10.360  10.616
          10.300  -0.000   1.859   3.560   4.885   5.962   7.807   9.347  10.279  10.546
          10.400  -0.000   1.852   3.525   4.820   5.881   7.712   9.267  10.197  10.476
          10.500  -0.000   1.844   3.489   4.754   5.799   7.618   9.185  10.115  10.406
          10.600  -0.000   1.836   3.450   4.688   5.717   7.525   9.103  10.031  10.335
          10.700  -0.000   1.827   3.411   4.621   5.636   7.431   9.021   9.947  10.264
          10.800  -0.000   1.817   3.369   4.554   5.554   7.338   8.937   9.863  10.193
          10.900  -0.000   1.806   3.325   4.485   5.472   7.245   8.853   9.777  10.121
          11.000  -0.000   1.794   3.280   4.416   5.390   7.153   8.767   9.690  10.048
          11.100  -0.000   1.780   3.233   4.346   5.308   7.061   8.679   9.603   9.976
          11.200  -0.000   1.764   3.183   4.275   5.226   6.970   8.589   9.515   9.902
          11.300  -0.000   1.746   3.132   4.203   5.143   6.879   8.498   9.426   9.828
          11.400  -0.000   1.727   3.078   4.131   5.061   6.789   8.406   9.337   9.754
          11.500  -0.000   1.705   3.023   4.057   4.978   6.699   8.312   9.246   9.679
          11.600  -0.000   1.680   2.966   3.984   4.895   6.610   8.216   9.155   9.604
          11.700  -0.000   1.653   2.907   3.909   4.813   6.521   8.118   9.063   9.529
          11.800  -0.000   1.624   2.847   3.834   4.730   6.434   8.019   8.971   9.453
          11.900  -0.000   1.593   2.787   3.759   4.648   6.347   7.920   8.878   9.377
          12.000  -0.000   1.561   2.726   3.685   4.567   6.263   7.820   8.785   9.300
          12.100  -0.000   1.528   2.666   3.612   4.488   6.179   7.721   8.693   9.224
          12.200  -0.000   1.495   2.607   3.541   4.411   6.098   7.623   8.602   9.149
          12.300  -0.000   1.461   2.548   3.470   4.335   6.019   7.527   8.511   9.074
          12.400  -0.000   1.427   2.490   3.402   4.261   5.941   7.432   8.421   9.000
          12.500  -0.000   1.393   2.433   3.334   4.188   5.865   7.340   8.332   8.927
          12.600  -0.000   1.359   2.376   3.267   4.117   5.791   7.249   8.245   8.854
          12.700  -0.000   1.324   2.320   3.202   4.048   5.719   7.161   8.160   8.784
          12.800  -0.000   1.289   2.264   3.138   3.980   5.649   7.074   8.077   8.716
          12.900  -0.000   1.253   2.210   3.075   3.913   5.580   6.990   7.995   8.650
          13.000  -0.000   1.216   2.155   3.014   3.848   5.514   6.908   7.917   8.587
          13.100  -0.000   1.180   2.102   2.954   3.785   5.449   6.829   7.841   8.527
          13.200  -0.000   1.144   2.049   2.895   3.724   5.387   6.752   7.769   8.469
          13.300  -0.000   1.107   1.997   2.838   3.665   5.325   6.679   7.700   8.414
          13.400  -0.000   1.071   1.947   2.783   3.608   5.265   6.608   7.634   8.363
          13.500  -0.000   1.034   1.897   2.729   3.553   5.205   6.540   7.573   8.315
          13.600  -0.000   0.998   1.850   2.678   3.501   5.147   6.476   7.515   8.271
          13.700  -0.000   0.963   1.804   2.629   3.452   5.090   6.416   7.461   8.229
          13.800  -0.000   0.929   1.760   2.583   3.405   5.035   6.360   7.411   8.190
          13.900  -0.000   0.897   1.719   2.540   3.362   4.983   6.308   7.366   8.155
          14.000  -0.000   0.866   1.681   2.500   3.322   4.935   6.262   7.324   8.124
          14.100  -0.000   0.838   1.646   2.464   3.286   4.891   6.220   7.286   8.095
          14.200  -0.000   0.813   1.614   2.432   3.254   4.852   6.182   7.252   8.071
          14.300  -0.000   0.790   1.586   2.403   3.226   4.818   6.149   7.223   8.050
          14.400  -0.000   0.772   1.562   2.379   3.202   4.790   6.122   7.198   8.033
          14.500  -0.000   0.757   1.542   2.359   3.183   4.767   6.099   7.178   8.019
          14.600  -0.000   0.746   1.527   2.344   3.169   4.751   6.083   7.164   8.008
          14.700  -0.000   0.739   1.517   2.333   3.159   4.740   6.072   7.154   8.001
          14.800  -0.000   0.735   1.510   2.326   3.152   4.734   6.066   7.148   7.996
          14.900  -0.000   0.734   1.506   2.322   3.149   4.732   6.064   7.146   7.995
          15.000  -0.000   0.733   1.503   2.318   3.146   4.731   6.062   7.143   7.993
          15.100  -0.000   0.732   1.500   2.314   3.142   4.729   6.061   7.141   7.991
          15.200  -0.000   0.731   1.497   2.311   3.139   4.728   6.059   7.138   7.989
          15.300  -0.000   0.730   1.494   2.307   3.136   4.727   6.057   7.136   7.988
          15.400  -0.000   0.729   1.492   2.304   3.133   4.725   6.055   7.133   7.986
          15.500  -0.000   0.729   1.489   2.300   3.130   4.724   6.053   7.131   7.984
          15.600  -0.000   0.728   1.487   2.297   3.127   4.722   6.052   7.129   7.982
          15.700  -0.000   0.727   1.486   2.294   3.124   4.721   6.050   7.126   7.981
          15.800  -0.000   0.727   1.484   2.290   3.121   4.720   6.048   7.124   7.979
          15.900  -0.000   0.727   1.483   2.287   3.119   4.719   6.046   7.122   7.977
          16.000  -0.000   0.727   1.482   2.284   3.116   4.717   6.044   7.119   7.975
          16.100  -0.000   0.727   1.481   2.282   3.113   4.716   6.043   7.117   7.973
          16.200  -0.000   0.727   1.480   2.279   3.111   4.715   6.041   7.115   7.971
          16.300  -0.000   0.728   1.480   2.276   3.108   4.714   6.039   7.112   7.970
          16.400  -0.000   0.729   1.479   2.274   3.106   4.712   6.037   7.110   7.968
          16.500  -0.000   0.729   1.479   2.272   3.103   4.711   6.035   7.108   7.966
          16.600  -0.000   0.730   1.479   2.269   3.101   4.710   6.034   7.105   7.964
          16.700  -0.000   0.731   1.479   2.267   3.099   4.709   6.032   7.103   7.962
          16.800  -0.000   0.732   1.479   2.265   3.097   4.708   6.030   7.101   7.960
          16.900  -0.000   0.733   1.479   2.264   3.094   4.707   6.028   7.099   7.959
          17.000  -0.000   0.734   1.479   2.262   3.092   4.706   6.027   7.097   7.957
          17.100  -0.000   0.735   1.480   2.261   3.090   4.705   6.025   7.094   7.955
          17.200  -0.000   0.737   1.480   2.260   3.089   4.704   6.023   7.092   7.953
          17.300  -0.000   0.738   1.481   2.259   3.087   4.703   6.021   7.090   7.953
          17.400  -0.000   0.739   1.482   2.258   3.085   4.702   6.019   7.088   7.951
          17.500  -0.000   0.740   1.483   2.257   3.084   4.701   6.018   7.086   7.949
          17.600  -0.000   0.741   1.484   2.257   3.082   4.700   6.016   7.084   7.947
          17.700  -0.000   0.742   1.485   2.257   3.081   4.699   6.014   7.081   7.946
          17.800  -0.000   0.743   1.486   2.257   3.080   4.698   6.012   7.079   7.944
          17.900  -0.000   0.744   1.488   2.257   3.078   4.697   6.011   7.077   7.942
          18.000  -0.000   0.746   1.490   2.258   3.077   4.696   6.009   7.075   7.941
          18.100  -0.000   0.747   1.491   2.259   3.077   4.696   6.007   7.072   7.939
          18.200  -0.000   0.748   1.493   2.260   3.076   4.695   6.005   7.070   7.937
          18.300  -0.000   0.749   1.496   2.261   3.075   4.694   6.004   7.068   7.936
          18.400  -0.000   0.750   1.498   2.262   3.075   4.693   6.002   7.066   7.934
          18.500  -0.000   0.752   1.500   2.264   3.074   4.692   6.000   7.064   7.932
          18.600  -0.000   0.753   1.503   2.265   3.074   4.692   5.998   7.062   7.931
          18.700  -0.000   0.754   1.505   2.267   3.074   4.691   5.997   7.060   7.929
          18.800  -0.000   0.755   1.508   2.269   3.074   4.690   5.995   7.057   7.928
          18.900  -0.000   0.757   1.510   2.271   3.074   4.689   5.993   7.057   7.926
          19.000  -0.000   0.758   1.513   2.273   3.074   4.689   5.991   7.055   7.924
          19.100  -0.000   0.759   1.516   2.275   3.075   4.688   5.989   7.053   7.923
          19.200  -0.000   0.760   1.518   2.278   3.076   4.687   5.988   7.050   7.921
          19.300  -0.000   0.762   1.520   2.281   3.077   4.687   5.986   7.048   7.919
          19.400  -0.000   0.763   1.523   2.283   3.078   4.686   5.984   7.046   7.918
          19.500  -0.000   0.764   1.526   2.286   3.079   4.686   5.982   7.045   7.916
          19.600  -0.000   0.766   1.528   2.289   3.081   4.685   5.980   7.043   7.915
          19.700  -0.000   0.767   1.531   2.292   3.083   4.684   5.979   7.041   7.913
          19.800  -0.000   0.769   1.534   2.295   3.085   4.684   5.977   7.039   7.911
          19.900  -0.000   0.770   1.537   2.299   3.087   4.684   5.976   7.037   7.910
          20.000  -0.000   0.771   1.539   2.302   3.089   4.684   5.974   7.035   7.908
          20.100  -0.000   0.773   1.542   2.306   3.092   4.683   5.972   7.033   7.907
          20.200  -0.000   0.774   1.545   2.310   3.095   4.683   5.970   7.031   7.905
          20.300  -0.000   0.775   1.548   2.314   3.097   4.682   5.968   7.030   7.904
          20.400  -0.000   0.777   1.551   2.318   3.099   4.682   5.966   7.028   7.902
          20.500  -0.000   0.778   1.554   2.322   3.103   4.681   5.964   7.026   7.900
          20.600  -0.000   0.780   1.556   2.327   3.107   4.681   5.962   7.024   7.899
          20.700  -0.000   0.781   1.559   2.331   3.111   4.680   5.961   7.023   7.897
          20.800  -0.000   0.783   1.562   2.335   3.115   4.680   5.959   7.021   7.896
          20.900  -0.000   0.784   1.565   2.340   3.119   4.679   5.957   7.019   7.894
          21.000  -0.000   0.786   1.568   2.344   3.123   4.679   5.955   7.018   7.893
          21.100  -0.000   0.787   1.571   2.349   3.128   4.679   5.953   7.016   7.891
          21.200  -0.000   0.789   1.574   2.353   3.131   4.678   5.951   7.014   7.890
          21.300  -0.000   0.790   1.577   2.358   3.137   4.678   5.949   7.013   7.888
          21.400  -0.000   0.792   1.580   2.362   3.142   4.678   5.948   7.011   7.887
          21.500  -0.000   0.793   1.583   2.367   3.147   4.678   5.946   7.010   7.885
          21.600  -0.000   0.795   1.587   2.372   3.152   4.677   5.945   7.008   7.884
          21.700  -0.000   0.796   1.590   2.376   3.157   4.677   5.944   7.007   7.882
          21.800  -0.000   0.798   1.593   2.381   3.163   4.677   5.942   7.006   7.881
          21.900  -0.000   0.800   1.596   2.386   3.168   4.677   5.940   7.003   7.880
          22.000  -0.000   0.801   1.599   2.391   3.174   4.677   5.939   7.003   7.878
          22.100  -0.000   0.803   1.602   2.395   3.179   4.674   5.937   7.001   7.877
          22.200  -0.000   0.804   1.606   2.400   3.185   4.677   5.935   7.000   7.875
          22.300  -0.000   0.806   1.609   2.405   3.191   4.677   5.934   6.998   7.874
          22.400  -0.000   0.808   1.612   2.410   3.196   4.677   5.932   6.997   7.873
          22.500  -0.000   0.809   1.616   2.415   3.202   4.677   5.931   6.995   7.871
          22.600  -0.000   0.811   1.618   2.420   3.208   4.677   5.929   6.994   7.870
          22.700  -0.000   0.813   1.622   2.425   3.214   4.677   5.925   6.992   7.869
          22.800  -0.000   0.814   1.626   2.430   3.219   4.677   5.926   6.991   7.868
          22.900  -0.000   0.815   1.629   2.435   3.225   4.677   5.925   6.989   7.866
          23.000  -0.000   0.818   1.632   2.440   3.231   4.677   5.923   6.988   7.865
          23.100  -0.000   0.820   1.636   2.445   3.236   4.678   5.922   6.987   7.864
          23.200  -0.000   0.821   1.639   2.450   3.241   4.678   5.920   6.985   7.863
          23.300  -0.000   0.823   1.643   2.454   3.245   4.678   5.919   6.984   7.862
          23.400  -0.000   0.825   1.646   2.461   3.252   4.679   5.918   6.983   7.861
          23.500  -0.000   0.827   1.650   2.466   3.257   4.679   5.916   6.982   7.860
          23.600  -0.000   0.828   1.653   2.471   3.262   4.680   5.915   6.981   7.859
          23.700  -0.000   0.830   1.657   2.476   3.267   4.681   5.914   6.979   7.858
          23.800  -0.000   0.832   1.660   2.482   3.272   4.679   5.913   6.978   7.857
          23.900  -0.000   0.834   1.664   2.487   3.276   4.683   5.912   6.977   7.857
          24.000  -0.000   0.836   1.668   2.492   3.281   4.684   5.911   6.976   7.856
          24.100  -0.000   0.837   1.671   2.496   3.285   4.686   5.910   6.975   7.855
          24.200  -0.000   0.839   1.675   2.501   3.290   4.687   5.909   6.974   7.854
          24.300  -0.000   0.841   1.679   2.506   3.294   4.689   5.908   6.974   7.854
          24.400  -0.000   0.843   1.682   2.510   3.298   4.690   5.907   6.973   7.853
          24.500  -0.000   0.845   1.686   2.515   3.302   4.691   5.907   6.972   7.853
          24.600  -0.000   0.847   1.690   2.519   3.306   4.693   5.906   6.971   7.852
          24.700  -0.000   0.849   1.694   2.523   3.309   4.694   5.906   6.971   7.852
          24.800  -0.000   0.850   1.697   2.527   3.313   4.695   5.906   6.972   7.851
          24.900  -0.000   0.852   1.701   2.531   3.316   4.696   5.906   6.971   7.851
          25.000  -0.000   0.854   1.705   2.535   3.319   4.697   5.906   6.971   7.851
          25.100  -0.000   0.856   1.709   2.538   3.321   4.698   5.906   6.970   7.851
          25.200  -0.000   0.858   1.713   2.542   3.323   4.699   5.907   6.970   7.851
          25.300  -0.000   0.860   1.717   2.545   3.325   4.700   5.909   6.970   7.851
          25.400  -0.000   0.862   1.721   2.548   3.327   4.700   5.910   6.970   7.851
          25.500  -0.000   0.864   1.724   2.551   3.328   4.701   5.912   6.970   7.851
          25.600  -0.000   0.866   1.728   2.553   3.329   4.701   5.914   6.970   7.851
          25.700  -0.000   0.868   1.731   2.556   3.330   4.702   5.916   6.971   7.851
          25.800  -0.000   0.870   1.735   2.558   3.330   4.702   5.918   6.971   7.852
          25.900  -0.000   0.872   1.738   2.560   3.329   4.703   5.920   6.972   7.852
          26.000  -0.000   0.874   1.741   2.562   3.328   4.703   5.922   6.973   7.853


        KN AS A FUNCTION OF DRAUGHT AND HEELING ANGLE
        INITIAL TRIM:  4.00 M                                        UNIT:     m
        ========================================================================

         INITIAL     HEELING ANGLE (DEGREES)
         DRAUGHT     0.0     5.0    10.0    15.0    20.0    30.0    40.0    50.0    60.0
           0.000  -0.002   8.127  10.376  11.557  12.299  13.110  13.446  13.631  13.534
           0.100  -0.002   8.143  10.479  11.704  12.478  13.330  13.681  13.806  13.532
           0.200  -0.002   8.132  10.549  11.815  12.619  13.508  13.872  13.934  13.526
           0.300  -0.001   8.099  10.592  11.898  12.728  13.650  14.025  14.027  13.518
           0.400  -0.001   8.049  10.614  11.956  12.811  13.764  14.148  14.097  13.510
           0.500  -0.001   7.982  10.618  11.997  12.872  13.853  14.246  14.149  13.501
           0.600  -0.001   7.900  10.606  12.021  12.917  13.924  14.324  14.187  13.493
           0.700  -0.001   7.802  10.581  12.032  12.949  13.980  14.387  14.215  13.486
           0.800  -0.001   7.691  10.543  12.031  12.970  14.024  14.439  14.236  13.479
           0.900  -0.001   7.565  10.493  12.019  12.981  14.060  14.480  14.252  13.472
           1.000  -0.001   7.424  10.431  11.995  12.981  14.085  14.513  14.263  13.467
           1.100  -0.001   7.268  10.353  11.958  12.968  14.101  14.537  14.271  13.464
           1.200  -0.001   7.096  10.260  11.904  12.941  14.104  14.550  14.275  13.463
           1.300  -0.001   6.913  10.152  11.837  12.900  14.096  14.555  14.274  13.464
           1.400  -0.001   6.722  10.033  11.759  12.848  14.079  14.551  14.270  13.466
           1.500  -0.001   6.526   9.906  11.673  12.789  14.056  14.542  14.263  13.468
           1.600  -0.001   6.330   9.774  11.580  12.723  14.028  14.528  14.253  13.471
           1.700  -0.001   6.134   9.637  11.484  12.654  13.996  14.511  14.241  13.475
           1.800  -0.001   5.942   9.497  11.384  12.582  13.962  14.490  14.227  13.478
           1.900  -0.001   5.753   9.355  11.281  12.507  13.926  14.466  14.212  13.481
           2.000  -0.001   5.569   9.211  11.177  12.431  13.888  14.441  14.195  13.484
           2.100  -0.001   5.392   9.067  11.072  12.353  13.849  14.413  14.177  13.487
           2.200  -0.001   5.221   8.922  10.965  12.273  13.810  14.383  14.157  13.489
           2.300  -0.001   5.057   8.775  10.858  12.193  13.769  14.351  14.135  13.491
           2.400  -0.001   4.901   8.628  10.750  12.111  13.726  14.317  14.112  13.493
           2.500  -0.001   4.752   8.481  10.642  12.030  13.683  14.282  14.088  13.494
           2.600  -0.001   4.610   8.336  10.534  11.948  13.638  14.245  14.062  13.494
           2.700  -0.001   4.477   8.191  10.426  11.865  13.591  14.207  14.035  13.494
           2.800  -0.001   4.352   8.048  10.318  11.783  13.544  14.168  14.007  13.493
           2.900  -0.001   4.234   7.907  10.210  11.701  13.495  14.127  13.979  13.491
           3.000  -0.001   4.124   7.769  10.102  11.620  13.446  14.086  13.949  13.487
           3.100  -0.001   4.019   7.632   9.994  11.539  13.395  14.042  13.919  13.481
           3.200  -0.001   3.920   7.497   9.886  11.458  13.342  13.998  13.888  13.474
           3.300  -0.001   3.826   7.365   9.779  11.377  13.289  13.952  13.856  13.465
           3.400  -0.001   3.737   7.235   9.673  11.297  13.235  13.905  13.823  13.454
           3.500  -0.001   3.654   7.108   9.569  11.216  13.180  13.858  13.790  13.441
           3.600  -0.001   3.574   6.984   9.466  11.136  13.124  13.809  13.757  13.427
           3.700  -0.001   3.499   6.862   9.364  11.055  13.066  13.759  13.723  13.411
           3.800  -0.001   3.427   6.744   9.263  10.975  13.008  13.708  13.688  13.393
           3.900  -0.001   3.359   6.629   9.164  10.895  12.949  13.657  13.653  13.374
           4.000  -0.001   3.295   6.517   9.065  10.816  12.890  13.604  13.617  13.354
           4.100  -0.001   3.233   6.408   8.969  10.738  12.829  13.551  13.580  13.333
           4.200  -0.001   3.175   6.303   8.874  10.661  12.768  13.498  13.543  13.311
           4.300  -0.001   3.119   6.201   8.780  10.585  12.706  13.443  13.506  13.288
           4.400  -0.001   3.066   6.102   8.687  10.511  12.643  13.388  13.467  13.266
           4.500  -0.001   3.016   6.006   8.595  10.437  12.579  13.332  13.429  13.242
           4.600  -0.001   2.968   5.914   8.505  10.364  12.514  13.276  13.390  13.218
           4.700  -0.001   2.921   5.825   8.415  10.292  12.448  13.218  13.350  13.192
           4.800  -0.001   2.877   5.740   8.326  10.221  12.381  13.160  13.310  13.167
           4.900  -0.001   2.835   5.657   8.239  10.150  12.313  13.101  13.271  13.141
           5.000  -0.001   2.794   5.578   8.153  10.079  12.245  13.042  13.230  13.114
           5.100  -0.001   2.755   5.501   8.067  10.008  12.175  12.981  13.190  13.087
           5.200  -0.001   2.718   5.428   7.984   9.937  12.105  12.919  13.150  13.059
           5.300  -0.001   2.682   5.357   7.901   9.867  12.033  12.857  13.109  13.031
           5.400  -0.001   2.646   5.289   7.820   9.796  11.961  12.795  13.068  13.004
           5.500  -0.001   2.613   5.223   7.740   9.725  11.888  12.732  13.027  12.976
           5.600  -0.001   2.580   5.159   7.661   9.654  11.814  12.669  12.985  12.948
           5.700  -0.001   2.549   5.098   7.584   9.583  11.739  12.605  12.943  12.919
           5.800  -0.001   2.518   5.040   7.509   9.511  11.663  12.541  12.900  12.889
           5.900  -0.001   2.489   4.983   7.435   9.439  11.587  12.477  12.857  12.858
           6.000  -0.001   2.461   4.929   7.362   9.367  11.511  12.413  12.814  12.827
           6.100  -0.001   2.434   4.876   7.291   9.294  11.433  12.348  12.771  12.795
           6.200  -0.001   2.408   4.826   7.222   9.221  11.355  12.283  12.727  12.763
           6.300  -0.000   2.383   4.777   7.155   9.148  11.277  12.217  12.683  12.731
           6.400  -0.000   2.359   4.729   7.089   9.074  11.198  12.150  12.638  12.698
           6.500  -0.000   2.335   4.683   7.024   9.000  11.119  12.083  12.593  12.665
           6.600  -0.000   2.313   4.639   6.961   8.925  11.040  12.015  12.547  12.631
           6.700  -0.000   2.292   4.596   6.899   8.850  10.960  11.947  12.500  12.597
           6.800  -0.000   2.271   4.555   6.839   8.774  10.879  11.879  12.453  12.564
           6.900  -0.000   2.251   4.515   6.779   8.698  10.799  11.811  12.405  12.529
           7.000  -0.000   2.232   4.476   6.720   8.621  10.717  11.743  12.355  12.494
           7.100  -0.000   2.214   4.439   6.662   8.544  10.636  11.674  12.305  12.458
           7.200  -0.000   2.196   4.403   6.605   8.466  10.554  11.606  12.254  12.419
           7.300  -0.000   2.179   4.368   6.548   8.388  10.471  11.538  12.202  12.379
           7.400  -0.000   2.162   4.334   6.492   8.310  10.388  11.469  12.149  12.338
           7.500  -0.000   2.146   4.302   6.437   8.231  10.305  11.401  12.096  12.294
           7.600  -0.000   2.130   4.270   6.381   8.152  10.222  11.332  12.042  12.248
           7.700  -0.000   2.115   4.240   6.327   8.072  10.138  11.263  11.988  12.200
           7.800  -0.000   2.101   4.211   6.273   7.993  10.054  11.195  11.933  12.151
           7.900  -0.000   2.087   4.183   6.219   7.913   9.969  11.126  11.878  12.099
           8.000  -0.000   2.073   4.156   6.165   7.832   9.885  11.057  11.824  12.046
           8.100  -0.000   2.060   4.129   6.111   7.751   9.800  10.989  11.768  11.992
           8.200  -0.000   2.047   4.103   6.058   7.670   9.714  10.920  11.713  11.936
           8.300  -0.000   2.035   4.078   6.004   7.589   9.628  10.851  11.657  11.880
           8.400  -0.000   2.023   4.054   5.951   7.507   9.542  10.782  11.600  11.822
           8.500  -0.000   2.011   4.030   5.898   7.425   9.455  10.713  11.543  11.763
           8.600  -0.000   2.000   4.006   5.845   7.343   9.368  10.644  11.486  11.703
           8.700  -0.000   1.989   3.982   5.791   7.261   9.281  10.574  11.429  11.642
           8.800  -0.000   1.979   3.958   5.738   7.178   9.193  10.504  11.371  11.581
           8.900  -0.000   1.969   3.933   5.684   7.096   9.105  10.434  11.312  11.520
           9.000  -0.000   1.959   3.909   5.631   7.015   9.016  10.364  11.253  11.459
           9.100  -0.000   1.949   3.884   5.577   6.933   8.928  10.292  11.191  11.396
           9.200  -0.000   1.940   3.859   5.522   6.851   8.838  10.221  11.129  11.333
           9.300  -0.000   1.931   3.834   5.467   6.770   8.749  10.148  11.065  11.269
           9.400  -0.000   1.922   3.808   5.411   6.689   8.659  10.076  11.000  11.205
           9.500  -0.000   1.914   3.781   5.355   6.608   8.568  10.002  10.933  11.139
           9.600  -0.000   1.905   3.754   5.298   6.528   8.477   9.928  10.864  11.074
           9.700  -0.000   1.898   3.726   5.240   6.447   8.386   9.854  10.794  11.007
           9.800  -0.000   1.890   3.697   5.181   6.367   8.295   9.778  10.722  10.940
           9.900  -0.000   1.883   3.667   5.121   6.287   8.203   9.702  10.649  10.872
          10.000  -0.000   1.875   3.637   5.061   6.207   8.112   9.625  10.574  10.805
          10.100  -0.000   1.868   3.605   5.000   6.127   8.020   9.548  10.497  10.737
          10.200  -0.000   1.861   3.572   4.938   6.047   7.928   9.470  10.418  10.668
          10.300  -0.000   1.854   3.538   4.875   5.967   7.837   9.391  10.338  10.599
          10.400  -0.000   1.846   3.503   4.811   5.887   7.745   9.312  10.257  10.531
          10.500  -0.000   1.837   3.466   4.747   5.807   7.653   9.232  10.176  10.462
          10.600  -0.000   1.828   3.428   4.682   5.727   7.561   9.151  10.094  10.392
          10.700  -0.000   1.817   3.389   4.616   5.647   7.470   9.070  10.011  10.322
          10.800  -0.000   1.806   3.347   4.550   5.567   7.378   8.988   9.928  10.252
          10.900  -0.000   1.794   3.305   4.483   5.487   7.288   8.905   9.844  10.181
          11.000  -0.000   1.780   3.260   4.416   5.407   7.198   8.822   9.759  10.110
          11.100  -0.000   1.764   3.214   4.348   5.327   7.108   8.737   9.673  10.038
          11.200  -0.000   1.747   3.167   4.279   5.246   7.018   8.651   9.586   9.966
          11.300  -0.000   1.727   3.117   4.209   5.166   6.930   8.563   9.499   9.893
          11.400  -0.000   1.706   3.066   4.138   5.086   6.841   8.473   9.411   9.821
          11.500  -0.000   1.683   3.012   4.067   5.005   6.754   8.382   9.322   9.747
          11.600  -0.000   1.657   2.957   3.996   4.925   6.667   8.290   9.233   9.674
          11.700  -0.000   1.630   2.902   3.925   4.845   6.581   8.196   9.143   9.601
          11.800  -0.000   1.602   2.846   3.854   4.767   6.497   8.102   9.052   9.527
          11.900  -0.000   1.573   2.790   3.783   4.689   6.413   8.007   8.962   9.453
          12.000  -0.000   1.543   2.734   3.715   4.613   6.332   7.912   8.872   9.379
          12.100  -0.000   1.514   2.679   3.647   4.538   6.252   7.817   8.782   9.305
          12.200  -0.000   1.484   2.625   3.580   4.465   6.174   7.722   8.694   9.232
          12.300  -0.000   1.454   2.572   3.515   4.393   6.097   7.628   8.605   9.159
          12.400  -0.000   1.424   2.519   3.450   4.323   6.022   7.536   8.518   9.087
          12.500  -0.000   1.394   2.466   3.386   4.254   5.948   7.446   8.432   9.015
          12.600  -0.000   1.363   2.414   3.324   4.186   5.876   7.357   8.347   8.945
          12.700  -0.000   1.333   2.362   3.262   4.119   5.805   7.270   8.264   8.875
          12.800  -0.000   1.302   2.310   3.201   4.053   5.737   7.185   8.182   8.807
          12.900  -0.000   1.271   2.259   3.141   3.989   5.669   7.103   8.102   8.741
          13.000  -0.000   1.239   2.208   3.082   3.926   5.604   7.022   8.024   8.678
          13.100  -0.000   1.206   2.158   3.024   3.865   5.540   6.944   7.949   8.616
          13.200  -0.000   1.174   2.108   2.967   3.805   5.479   6.868   7.875   8.556
          13.300  -0.000   1.141   2.059   2.912   3.747   5.419   6.794   7.805   8.500
          13.400  -0.000   1.108   2.010   2.858   3.690   5.361   6.723   7.738   8.446
          13.500  -0.000   1.076   1.962   2.805   3.636   5.304   6.654   7.674   8.395
          13.600  -0.000   1.043   1.916   2.754   3.583   5.247   6.588   7.613   8.348
          13.700  -0.000   1.011   1.871   2.705   3.532   5.192   6.525   7.556   8.303
          13.800  -0.000   0.979   1.827   2.657   3.484   5.138   6.466   7.503   8.262
          13.900  -0.000   0.947   1.784   2.612   3.438   5.085   6.410   7.452   8.223
          14.000  -0.000   0.917   1.744   2.569   3.394   5.034   6.358   7.406   8.186
          14.100  -0.000   0.888   1.706   2.529   3.354   4.985   6.309   7.363   8.153
          14.200  -0.000   0.861   1.671   2.492   3.317   4.940   6.265   7.324   8.124
          14.300  -0.000   0.836   1.638   2.458   3.283   4.899   6.226   7.288   8.097
          14.400  -0.000   0.813   1.608   2.427   3.253   4.862   6.190   7.256   8.074
          14.500  -0.000   0.793   1.582   2.400   3.226   4.830   6.159   7.228   8.054
          14.600  -0.000   0.775   1.559   2.376   3.203   4.802   6.132   7.204   8.037
          14.700  -0.000   0.761   1.540   2.357   3.184   4.779   6.110   7.184   8.023
          14.800  -0.000   0.750   1.525   2.341   3.169   4.762   6.093   7.168   8.011
          14.900  -0.000   0.743   1.514   2.330   3.158   4.750   6.081   7.157   8.003
          15.000  -0.000   0.739   1.507   2.321   3.150   4.743   6.073   7.150   7.998
          15.100  -0.000   0.737   1.503   2.316   3.145   4.739   6.069   7.146   7.995
          15.200  -0.000   0.736   1.500   2.313   3.142   4.738   6.067   7.144   7.994
          15.300  -0.000   0.735   1.498   2.309   3.139   4.736   6.066   7.141   7.992
          15.400  -0.000   0.734   1.496   2.306   3.136   4.735   6.064   7.139   7.990
          15.500  -0.000   0.733   1.494   2.303   3.133   4.734   6.062   7.136   7.988
          15.600  -0.000   0.733   1.492   2.300   3.131   4.732   6.060   7.134   7.986
          15.700  -0.000   0.732   1.491   2.297   3.128   4.731   6.058   7.132   7.984
          15.800  -0.000   0.731   1.490   2.294   3.125   4.730   6.057   7.129   7.982
          15.900  -0.000   0.731   1.489   2.291   3.122   4.729   6.055   7.127   7.981
          16.000  -0.000   0.731   1.488   2.288   3.120   4.727   6.053   7.125   7.979
          16.100  -0.000   0.731   1.487   2.285   3.117   4.726   6.051   7.122   7.977
          16.200  -0.000   0.731   1.487   2.283   3.115   4.725   6.049   7.120   7.975
          16.300  -0.000   0.731   1.486   2.280   3.112   4.724   6.048   7.118   7.973
          16.400  -0.000   0.731   1.486   2.278   3.110   4.723   6.046   7.115   7.971
          16.500  -0.000   0.732   1.486   2.276   3.108   4.722   6.044   7.113   7.969
          16.600  -0.000   0.732   1.485   2.274   3.106   4.721   6.042   7.111   7.968
          16.700  -0.000   0.733   1.485   2.272   3.103   4.719   6.040   7.109   7.966
          16.800  -0.000   0.734   1.486   2.271   3.101   4.718   6.039   7.106   7.964
          16.900  -0.000   0.735   1.486   2.269   3.099   4.717   6.037   7.104   7.962
          17.000  -0.000   0.736   1.486   2.268   3.098   4.716   6.035   7.102   7.962
          17.100  -0.000   0.737   1.486   2.267   3.096   4.715   6.033   7.100   7.960
          17.200  -0.000   0.738   1.487   2.266   3.094   4.714   6.031   7.098   7.958
          17.300  -0.000   0.740   1.488   2.265   3.092   4.713   6.030   7.096   7.956
          17.400  -0.000   0.741   1.488   2.265   3.091   4.712   6.028   7.093   7.954
          17.500  -0.000   0.742   1.489   2.265   3.090   4.711   6.026   7.091   7.953
          17.600  -0.000   0.743   1.490   2.265   3.088   4.711   6.024   7.089   7.951
          17.700  -0.000   0.744   1.491   2.265   3.087   4.710   6.023   7.087   7.949
          17.800  -0.000   0.745   1.492   2.265   3.086   4.709   6.021   7.084   7.948
          17.900  -0.000   0.746   1.494   2.266   3.085   4.708   6.019   7.082   7.946
          18.000  -0.000   0.748   1.495   2.267   3.084   4.707   6.017   7.080   7.944
          18.100  -0.000   0.749   1.497   2.267   3.084   4.706   6.015   7.078   7.943
          18.200  -0.000   0.750   1.498   2.269   3.083   4.705   6.014   7.076   7.941
          18.300  -0.000   0.751   1.500   2.270   3.082   4.705   6.012   7.073   7.939
          18.400  -0.000   0.752   1.502   2.271   3.082   4.704   6.010   7.071   7.938
          18.500  -0.000   0.754   1.505   2.273   3.082   4.703   6.008   7.069   7.936
          18.600  -0.000   0.755   1.507   2.274   3.082   4.702   6.007   7.068   7.934
          18.700  -0.000   0.756   1.509   2.276   3.082   4.702   6.005   7.066   7.933
          18.800  -0.000   0.757   1.512   2.278   3.082   4.701   6.003   7.064   7.931
          18.900  -0.000   0.759   1.515   2.280   3.083   4.700   6.001   7.062   7.929
          19.000  -0.000   0.760   1.517   2.283   3.084   4.700   5.999   7.060   7.928
          19.100  -0.000   0.761   1.520   2.285   3.084   4.699   5.997   7.058   7.926
          19.200  -0.000   0.763   1.522   2.287   3.085   4.698   5.995   7.056   7.924
          19.300  -0.000   0.764   1.525   2.290   3.087   4.698   5.993   7.054   7.923
          19.400  -0.000   0.765   1.528   2.292   3.089   4.697   5.992   7.052   7.921
          19.500  -0.000   0.767   1.530   2.295   3.090   4.697   5.991   7.050   7.919
          19.600  -0.000   0.768   1.533   2.298   3.092   4.696   5.989   7.048   7.918
          19.700  -0.000   0.769   1.536   2.301   3.094   4.696   5.987   7.046   7.916
          19.800  -0.000   0.771   1.539   2.304   3.096   4.696   5.985   7.044   7.914
          19.900  -0.000   0.772   1.541   2.307   3.098   4.695   5.983   7.043   7.913
          20.000  -0.000   0.774   1.544   2.311   3.102   4.694   5.981   7.041   7.911
          20.100  -0.000   0.775   1.547   2.313   3.103   4.694   5.979   7.039   7.910
          20.200  -0.000   0.776   1.550   2.317   3.106   4.693   5.977   7.037   7.908
          20.300  -0.000   0.778   1.553   2.321   3.110   4.693   5.976   7.035   7.906
          20.400  -0.000   0.779   1.556   2.326   3.113   4.692   5.974   7.034   7.905
          20.500  -0.000   0.781   1.558   2.330   3.115   4.692   5.972   7.032   7.903
          20.600  -0.000   0.782   1.561   2.334   3.120   4.691   5.970   7.030   7.902
          20.700  -0.000   0.784   1.564   2.338   3.124   4.691   5.968   7.028   7.900
          20.800  -0.000   0.785   1.567   2.342   3.126   4.691   5.966   7.027   7.898
          20.900  -0.000   0.787   1.570   2.347   3.132   4.690   5.964   7.025   7.897
          21.000  -0.000   0.788   1.573   2.352   3.136   4.692   5.962   7.023   7.895
          21.100  -0.000   0.790   1.576   2.356   3.141   4.690   5.960   7.022   7.894
          21.200  -0.000   0.791   1.579   2.361   3.145   4.690   5.959   7.020   7.892
          21.300  -0.000   0.793   1.583   2.366   3.150   4.689   5.960   7.019   7.891
          21.400  -0.000   0.794   1.586   2.369   3.154   4.689   5.956   7.018   7.889
          21.500  -0.000   0.795   1.589   2.375   3.159   4.689   5.955   7.016   7.888
          21.600  -0.000   0.797   1.592   2.380   3.163   4.689   5.953   7.015   7.886
          21.700  -0.000   0.799   1.595   2.384   3.169   4.688   5.951   7.013   7.885
          21.800  -0.000   0.801   1.598   2.389   3.175   4.688   5.949   7.011   7.884
          21.900  -0.000   0.802   1.601   2.394   3.180   4.685   5.948   7.010   7.882
          22.000  -0.000   0.804   1.604   2.399   3.185   4.688   5.946   7.008   7.881
          22.100  -0.000   0.806   1.608   2.404   3.190   4.688   5.944   7.007   7.879
          22.200  -0.000   0.807   1.611   2.409   3.196   4.688   5.943   7.005   7.878
          22.300  -0.000   0.809   1.615   2.413   3.201   4.688   5.941   7.004   7.877
          22.400  -0.000   0.811   1.618   2.418   3.207   4.688   5.940   7.002   7.875
          22.500  -0.000   0.812   1.621   2.423   3.212   4.688   5.938   7.001   7.874
          22.600  -0.000   0.814   1.623   2.428   3.218   4.688   5.934   6.999   7.873
          22.700  -0.000   0.816   1.628   2.434   3.223   4.688   5.932   6.998   7.872
          22.800  -0.000   0.817   1.631   2.439   3.229   4.688   5.933   6.996   7.870
          22.900  -0.000   0.819   1.634   2.444   3.234   4.688   5.932   6.995   7.869
          23.000  -0.000   0.821   1.638   2.449   3.240   4.688   5.931   6.994   7.868
          23.100  -0.000   0.822   1.642   2.454   3.245   4.689   5.929   6.992   7.867
          23.200  -0.000   0.824   1.645   2.459   3.250   4.689   5.928   6.991   7.866
          23.300  -0.000   0.826   1.649   2.465   3.255   4.689   5.926   6.990   7.865
          23.400  -0.000   0.828   1.652   2.470   3.260   4.690   5.925   6.988   7.864
          23.500  -0.000   0.830   1.656   2.475   3.265   4.691   5.924   6.987   7.863
          23.600  -0.000   0.831   1.659   2.480   3.270   4.691   5.923   6.986   7.862
          23.700  -0.000   0.833   1.663   2.485   3.275   4.692   5.921   6.985   7.861
          23.800  -0.000   0.835   1.667   2.490   3.279   4.693   5.920   6.984   7.860
          23.900  -0.000   0.837   1.670   2.495   3.284   4.694   5.919   6.983   7.860
          24.000  -0.000   0.839   1.674   2.500   3.288   4.695   5.918   6.982   7.859
          24.100  -0.000   0.840   1.678   2.504   3.292   4.696   5.917   6.981   7.858
          24.200  -0.000   0.842   1.681   2.509   3.296   4.697   5.916   6.980   7.858
          24.300  -0.000   0.844   1.685   2.513   3.300   4.698   5.916   6.979   7.857
          24.400  -0.000   0.846   1.689   2.518   3.304   4.700   5.915   6.978   7.857
          24.500  -0.000   0.848   1.693   2.522   3.308   4.701   5.914   6.980   7.856
          24.600  -0.000   0.850   1.696   2.526   3.311   4.702   5.914   6.979   7.856
          24.700  -0.000   0.852   1.700   2.530   3.315   4.703   5.913   6.978   7.855
          24.800  -0.000   0.854   1.704   2.533   3.318   4.704   5.913   6.977   7.855
          24.900  -0.000   0.856   1.708   2.537   3.321   4.705   5.913   6.977   7.855
          25.000  -0.000   0.858   1.712   2.540   3.323   4.705   5.914   6.976   7.855
          25.100  -0.000   0.860   1.716   2.544   3.326   4.706   5.914   6.976   7.855
          25.200  -0.000   0.862   1.720   2.547   3.328   4.707   5.915   6.976   7.855
          25.300  -0.000   0.864   1.723   2.549   3.330   4.707   5.917   6.976   7.855
          25.400  -0.000   0.866   1.727   2.552   3.331   4.708   5.918   6.976   7.855
          25.500  -0.000   0.868   1.730   2.555   3.332   4.708   5.920   6.976   7.855
          25.600  -0.000   0.870   1.734   2.557   3.333   4.708   5.922   6.976   7.855
          25.700  -0.000   0.872   1.737   2.559   3.334   4.708   5.924   6.977   7.856
          25.800  -0.000   0.874   1.740   2.561   3.334   4.709   5.926   6.977   7.856
          25.900  -0.000   0.876   1.743   2.562   3.333   4.709   5.928   6.978   7.857
          26.000  -0.000   0.878   1.745   2.563   3.333   4.709   5.931   6.979   7.858

        KN AS A FUNCTION OF DRAUGHT AND HEELING ANGLE
        INITIAL TRIM:  4.50 M                                        UNIT:     m
        ========================================================================

         INITIAL     HEELING ANGLE (DEGREES)
         DRAUGHT     0.0     5.0    10.0    15.0    20.0    30.0    40.0    50.0    60.0
           0.000  -0.002   7.765  10.084  11.308  12.088  12.965  13.362  13.581  13.541
           0.100  -0.002   7.767  10.164  11.428  12.238  13.152  13.564  13.736  13.545
           0.200  -0.002   7.748  10.218  11.521  12.358  13.307  13.731  13.853  13.543
           0.300  -0.001   7.713  10.251  11.591  12.452  13.433  13.870  13.940  13.539
           0.400  -0.001   7.662  10.266  11.643  12.525  13.536  13.984  14.006  13.533
           0.500  -0.001   7.597  10.266  11.678  12.581  13.620  14.078  14.056  13.526
           0.600  -0.001   7.519  10.254  11.699  12.623  13.687  14.155  14.094  13.519
           0.700  -0.001   7.429  10.229  11.709  12.654  13.741  14.217  14.122  13.512
           0.800  -0.001   7.328  10.195  11.709  12.675  13.786  14.268  14.143  13.504
           0.900  -0.001   7.216  10.151  11.700  12.688  13.822  14.309  14.158  13.497
           1.000  -0.001   7.093  10.097  11.682  12.692  13.852  14.342  14.169  13.490
           1.100  -0.001   6.960  10.034  11.656  12.689  13.874  14.369  14.178  13.485
           1.200  -0.001   6.817   9.961  11.620  12.677  13.890  14.389  14.183  13.481
           1.300  -0.001   6.662   9.875  11.572  12.653  13.896  14.402  14.185  13.478
           1.400  -0.001   6.499   9.778  11.513  12.619  13.893  14.406  14.184  13.477
           1.500  -0.001   6.329   9.671  11.444  12.575  13.882  14.404  14.179  13.477
           1.600  -0.001   6.157   9.557  11.367  12.524  13.865  14.396  14.171  13.478
           1.700  -0.001   5.983   9.436  11.284  12.467  13.843  14.383  14.161  13.480
           1.800  -0.001   5.811   9.311  11.197  12.405  13.817  14.367  14.148  13.482
           1.900  -0.001   5.640   9.182  11.106  12.341  13.788  14.347  14.134  13.484
           2.000  -0.001   5.472   9.051  11.012  12.273  13.757  14.325  14.118  13.486
           2.100  -0.001   5.308   8.918  10.916  12.203  13.724  14.300  14.100  13.489
           2.200  -0.001   5.149   8.783  10.819  12.131  13.689  14.273  14.081  13.491
           2.300  -0.001   4.995   8.647  10.720  12.058  13.653  14.243  14.061  13.492
           2.400  -0.001   4.847   8.510  10.620  11.983  13.615  14.212  14.039  13.494
           2.500  -0.001   4.705   8.373  10.519  11.908  13.575  14.180  14.016  13.495
           2.600  -0.001   4.570   8.235  10.417  11.832  13.533  14.145  13.992  13.496
           2.700  -0.001   4.441   8.098  10.316  11.755  13.489  14.109  13.967  13.496
           2.800  -0.001   4.319   7.962  10.215  11.678  13.445  14.072  13.941  13.494
           2.900  -0.001   4.204   7.826  10.113  11.601  13.398  14.034  13.915  13.491
           3.000  -0.001   4.095   7.691  10.010  11.523  13.350  13.994  13.887  13.487
           3.100  -0.001   3.992   7.559   9.907  11.445  13.301  13.952  13.858  13.480
           3.200  -0.001   3.895   7.429   9.805  11.368  13.250  13.910  13.829  13.472
           3.300  -0.001   3.803   7.301   9.702  11.291  13.199  13.866  13.799  13.463
           3.400  -0.001   3.716   7.175   9.599  11.214  13.146  13.821  13.768  13.452
           3.500  -0.001   3.633   7.052   9.497  11.137  13.092  13.775  13.737  13.440
           3.600  -0.001   3.555   6.931   9.397  11.060  13.037  13.728  13.706  13.425
           3.700  -0.001   3.480   6.813   9.298  10.983  12.981  13.680  13.674  13.409
           3.800  -0.001   3.410   6.698   9.199  10.907  12.924  13.631  13.642  13.392
           3.900  -0.001   3.343   6.586   9.102  10.831  12.867  13.582  13.609  13.373
           4.000  -0.001   3.279   6.477   9.007  10.755  12.809  13.532  13.575  13.352
           4.100  -0.001   3.218   6.371   8.912  10.679  12.750  13.481  13.542  13.331
           4.200  -0.001   3.160   6.268   8.819  10.604  12.690  13.429  13.507  13.310
           4.300  -0.001   3.105   6.169   8.727  10.530  12.629  13.377  13.472  13.289
           4.400  -0.001   3.053   6.072   8.636  10.457  12.567  13.324  13.436  13.266
           4.500  -0.001   3.003   5.979   8.546  10.384  12.505  13.270  13.400  13.242
           4.600  -0.001   2.955   5.888   8.457  10.313  12.441  13.216  13.363  13.218
           4.700  -0.001   2.909   5.801   8.369  10.241  12.377  13.161  13.326  13.193
           4.800  -0.001   2.866   5.717   8.282  10.170  12.312  13.105  13.288  13.167
           4.900  -0.001   2.824   5.635   8.197  10.100  12.246  13.048  13.251  13.141
           5.000  -0.001   2.784   5.557   8.112  10.029  12.179  12.991  13.213  13.114
           5.100  -0.001   2.745   5.482   8.029   9.958  12.111  12.933  13.174  13.087
           5.200  -0.001   2.708   5.409   7.947   9.888  12.042  12.874  13.136  13.060
           5.300  -0.001   2.673   5.339   7.866   9.818  11.972  12.815  13.097  13.033
           5.400  -0.001   2.639   5.272   7.786   9.747  11.902  12.754  13.058  13.006
           5.500  -0.001   2.605   5.207   7.708   9.677  11.830  12.694  13.018  12.978
           5.600  -0.001   2.573   5.144   7.631   9.606  11.758  12.632  12.977  12.949
           5.700  -0.001   2.542   5.083   7.555   9.535  11.685  12.570  12.936  12.920
           5.800  -0.001   2.512   5.025   7.481   9.463  11.612  12.508  12.895  12.891
           5.900  -0.001   2.483   4.969   7.408   9.392  11.538  12.446  12.853  12.861
           6.000  -0.001   2.455   4.915   7.337   9.320  11.463  12.383  12.810  12.830
           6.100  -0.001   2.428   4.863   7.267   9.247  11.387  12.320  12.768  12.798
           6.200  -0.001   2.403   4.813   7.199   9.175  11.311  12.257  12.725  12.766
           6.300  -0.000   2.378   4.764   7.132   9.101  11.235  12.193  12.682  12.733
           6.400  -0.000   2.354   4.717   7.067   9.028  11.158  12.128  12.638  12.701
           6.500  -0.000   2.330   4.672   7.002   8.954  11.080  12.063  12.594  12.668
           6.600  -0.000   2.308   4.628   6.939   8.880  11.002  11.998  12.549  12.635
           6.700  -0.000   2.286   4.585   6.877   8.805  10.924  11.932  12.503  12.602
           6.800  -0.000   2.266   4.544   6.816   8.730  10.845  11.865  12.457  12.568
           6.900  -0.000   2.246   4.505   6.757   8.654  10.765  11.799  12.410  12.534
           7.000  -0.000   2.227   4.466   6.698   8.578  10.686  11.732  12.362  12.499
           7.100  -0.000   2.208   4.429   6.639   8.501  10.606  11.666  12.313  12.463
           7.200  -0.000   2.191   4.393   6.582   8.425  10.525  11.599  12.264  12.427
           7.300  -0.000   2.173   4.358   6.525   8.347  10.444  11.532  12.213  12.388
           7.400  -0.000   2.157   4.325   6.469   8.270  10.363  11.465  12.161  12.349
           7.500  -0.000   2.141   4.292   6.413   8.192  10.281  11.398  12.109  12.307
           7.600  -0.000   2.125   4.261   6.358   8.114  10.199  11.331  12.056  12.264
           7.700  -0.000   2.110   4.231   6.303   8.036  10.116  11.264  12.002  12.219
           7.800  -0.000   2.096   4.201   6.248   7.957  10.034  11.197  11.948  12.172
           7.900  -0.000   2.082   4.173   6.194   7.879   9.951  11.130  11.894  12.123
           8.000  -0.000   2.068   4.146   6.140   7.800   9.867  11.063  11.839  12.071
           8.100  -0.000   2.055   4.120   6.086   7.721   9.784  10.996  11.785  12.019
           8.200  -0.000   2.043   4.094   6.032   7.642   9.700  10.929  11.730  11.965
           8.300  -0.000   2.030   4.069   5.978   7.562   9.616  10.862  11.674  11.910
           8.400  -0.000   2.018   4.044   5.925   7.482   9.531  10.795  11.618  11.854
           8.500  -0.000   2.007   4.019   5.871   7.402   9.446  10.728  11.562  11.797
           8.600  -0.000   1.996   3.994   5.818   7.321   9.361  10.660  11.505  11.739
           8.700  -0.000   1.985   3.969   5.765   7.240   9.275  10.592  11.449  11.680
           8.800  -0.000   1.974   3.945   5.711   7.159   9.189  10.524  11.391  11.619
           8.900  -0.000   1.964   3.920   5.658   7.079   9.103  10.455  11.333  11.558
           9.000  -0.000   1.954   3.895   5.604   6.998   9.016  10.386  11.275  11.497
           9.100  -0.000   1.945   3.869   5.551   6.918   8.929  10.316  11.216  11.435
           9.200  -0.000   1.936   3.843   5.497   6.837   8.842  10.246  11.156  11.373
           9.300  -0.000   1.927   3.817   5.442   6.758   8.755  10.175  11.094  11.310
           9.400  -0.000   1.918   3.790   5.387   6.678   8.667  10.104  11.031  11.247
           9.500  -0.000   1.910   3.763   5.331   6.598   8.579  10.032  10.966  11.182
           9.600  -0.000   1.902   3.735   5.275   6.519   8.490   9.959  10.900  11.117
           9.700  -0.000   1.894   3.706   5.218   6.439   8.401   9.886  10.833  11.051
           9.800  -0.000   1.886   3.676   5.161   6.360   8.311   9.812  10.763  10.985
           9.900  -0.000   1.879   3.646   5.102   6.281   8.222   9.737  10.692  10.919
          10.000  -0.000   1.872   3.615   5.043   6.203   8.132   9.662  10.620  10.852
          10.100  -0.000   1.864   3.583   4.983   6.124   8.042   9.586  10.546  10.785
          10.200  -0.000   1.856   3.549   4.923   6.046   7.953   9.509  10.470  10.718
          10.300  -0.000   1.848   3.515   4.861   5.967   7.863   9.432  10.393  10.651
          10.400  -0.000   1.839   3.479   4.799   5.889   7.773   9.354  10.314  10.583
          10.500  -0.000   1.829   3.442   4.736   5.811   7.684   9.275  10.233  10.514
          10.600  -0.000   1.818   3.404   4.672   5.732   7.594   9.195  10.153  10.445
          10.700  -0.000   1.807   3.364   4.608   5.654   7.505   9.115  10.071  10.376
          10.800  -0.000   1.794   3.323   4.543   5.576   7.416   9.035   9.989  10.307
          10.900  -0.000   1.779   3.281   4.478   5.497   7.327   8.953   9.906  10.237
          11.000  -0.000   1.764   3.237   4.412   5.419   7.239   8.871   9.822  10.167
          11.100  -0.000   1.747   3.192   4.345   5.341   7.151   8.789   9.738  10.097
          11.200  -0.000   1.728   3.146   4.278   5.263   7.064   8.705   9.653  10.026
          11.300  -0.000   1.707   3.097   4.210   5.185   6.978   8.620   9.567   9.957
          11.400  -0.000   1.684   3.048   4.142   5.107   6.892   8.534   9.480   9.885
          11.500  -0.000   1.660   2.997   4.074   5.029   6.806   8.446   9.393   9.813
          11.600  -0.000   1.635   2.946   4.006   4.952   6.722   8.358   9.305   9.741
          11.700  -0.000   1.608   2.894   3.939   4.877   6.640   8.268   9.217   9.669
          11.800  -0.000   1.582   2.843   3.872   4.802   6.559   8.179   9.129   9.597
          11.900  -0.000   1.555   2.792   3.807   4.729   6.479   8.089   9.042   9.526
          12.000  -0.000   1.528   2.742   3.743   4.658   6.401   7.998   8.955   9.454
          12.100  -0.000   1.500   2.692   3.680   4.587   6.324   7.908   8.868   9.383
          12.200  -0.000   1.473   2.642   3.618   4.518   6.248   7.818   8.782   9.312
          12.300  -0.000   1.446   2.592   3.556   4.450   6.174   7.727   8.697   9.241
          12.400  -0.000   1.419   2.543   3.496   4.382   6.101   7.638   8.612   9.171
          12.500  -0.000   1.392   2.495   3.436   4.316   6.029   7.549   8.529   9.102
          12.600  -0.000   1.365   2.447   3.376   4.251   5.959   7.463   8.446   9.033
          12.700  -0.000   1.337   2.398   3.318   4.187   5.890   7.377   8.365   8.965
          12.800  -0.000   1.310   2.350   3.260   4.124   5.823   7.294   8.285   8.898
          12.900  -0.000   1.283   2.303   3.203   4.062   5.757   7.213   8.206   8.832
          13.000  -0.000   1.255   2.255   3.146   4.001   5.693   7.133   8.130   8.768
          13.100  -0.000   1.226   2.208   3.090   3.941   5.630   7.056   8.055   8.706
          13.200  -0.000   1.198   2.161   3.036   3.883   5.568   6.980   7.982   8.646
          13.300  -0.000   1.168   2.114   2.982   3.826   5.509   6.907   7.911   8.588
          13.400  -0.000   1.139   2.068   2.929   3.770   5.451   6.836   7.842   8.532
          13.500  -0.000   1.109   2.022   2.877   3.716   5.396   6.767   7.777   8.480
          13.600  -0.000   1.080   1.977   2.827   3.663   5.341   6.700   7.714   8.429
          13.700  -0.000   1.050   1.933   2.778   3.612   5.287   6.636   7.654   8.381
          13.800  -0.000   1.021   1.890   2.730   3.563   5.235   6.574   7.597   8.336
          13.900  -0.000   0.992   1.848   2.685   3.515   5.183   6.515   7.544   8.294
          14.000  -0.000   0.964   1.808   2.640   3.470   5.133   6.459   7.493   8.255
          14.100  -0.000   0.936   1.768   2.598   3.427   5.083   6.407   7.446   8.218
          14.200  -0.000   0.908   1.731   2.558   3.386   5.036   6.358   7.402   8.184
          14.300  -0.000   0.882   1.695   2.520   3.348   4.990   6.312   7.361   8.153
          14.400  -0.000   0.858   1.662   2.485   3.313   4.947   6.270   7.324   8.124
          14.500  -0.000   0.835   1.632   2.453   3.281   4.908   6.232   7.290   8.099
          14.600  -0.000   0.814   1.605   2.424   3.252   4.873   6.198   7.260   8.076
          14.700  -0.000   0.796   1.580   2.398   3.226   4.842   6.168   7.233   8.056
          14.800  -0.000   0.780   1.559   2.375   3.204   4.815   6.142   7.209   8.040
          14.900  -0.000   0.766   1.540   2.356   3.185   4.792   6.120   7.189   8.026
          15.000  -0.000   0.756   1.526   2.340   3.169   4.774   6.103   7.173   8.014
          15.100  -0.000   0.748   1.515   2.328   3.157   4.761   6.089   7.161   8.006
          15.200  -0.000   0.743   1.508   2.319   3.149   4.752   6.080   7.153   8.000
          15.300  -0.000   0.740   1.503   2.312   3.143   4.747   6.075   7.147   7.996
          15.400  -0.000   0.739   1.501   2.309   3.140   4.745   6.072   7.144   7.993
          15.500  -0.000   0.738   1.499   2.306   3.137   4.744   6.071   7.142   7.991
          15.600  -0.000   0.737   1.498   2.303   3.134   4.742   6.069   7.139   7.990
          15.700  -0.000   0.737   1.497   2.300   3.132   4.741   6.067   7.137   7.988
          15.800  -0.000   0.736   1.496   2.297   3.129   4.740   6.065   7.135   7.986
          15.900  -0.000   0.736   1.495   2.294   3.126   4.739   6.063   7.132   7.984
          16.000  -0.000   0.735   1.494   2.292   3.124   4.738   6.061   7.130   7.982
          16.100  -0.000   0.735   1.494   2.289   3.121   4.736   6.060   7.128   7.980
          16.200  -0.000   0.735   1.493   2.287   3.119   4.735   6.058   7.126   7.978
          16.300  -0.000   0.735   1.493   2.285   3.117   4.734   6.056   7.123   7.976
          16.400  -0.000   0.735   1.493   2.283   3.115   4.733   6.054   7.121   7.975
          16.500  -0.000   0.735   1.492   2.281   3.112   4.732   6.052   7.119   7.973
          16.600  -0.000   0.735   1.492   2.279   3.110   4.731   6.051   7.117   7.971
          16.700  -0.000   0.736   1.492   2.278   3.108   4.730   6.049   7.114   7.970
          16.800  -0.000   0.736   1.492   2.277   3.106   4.729   6.047   7.112   7.968
          16.900  -0.000   0.737   1.493   2.275   3.105   4.728   6.045   7.110   7.967
          17.000  -0.000   0.738   1.493   2.274   3.103   4.727   6.043   7.108   7.965
          17.100  -0.000   0.739   1.493   2.274   3.101   4.726   6.042   7.105   7.963
          17.200  -0.000   0.740   1.494   2.273   3.100   4.725   6.040   7.103   7.961
          17.300  -0.000   0.741   1.494   2.273   3.098   4.724   6.038   7.101   7.960
          17.400  -0.000   0.743   1.495   2.273   3.097   4.723   6.036   7.099   7.958
          17.500  -0.000   0.744   1.496   2.273   3.096   4.722   6.034   7.096   7.956
          17.600  -0.000   0.745   1.497   2.273   3.095   4.721   6.033   7.094   7.954
          17.700  -0.000   0.746   1.498   2.273   3.094   4.720   6.031   7.092   7.953
          17.800  -0.000   0.747   1.499   2.274   3.093   4.719   6.029   7.090   7.951
          17.900  -0.000   0.748   1.500   2.275   3.092   4.719   6.027   7.087   7.949
          18.000  -0.000   0.750   1.501   2.275   3.091   4.718   6.025   7.085   7.948
          18.100  -0.000   0.751   1.503   2.277   3.091   4.717   6.024   7.083   7.946
          18.200  -0.000   0.752   1.504   2.278   3.090   4.716   6.022   7.081   7.944
          18.300  -0.000   0.753   1.506   2.279   3.090   4.715   6.020   7.080   7.942
          18.400  -0.000   0.755   1.508   2.280   3.090   4.715   6.018   7.078   7.941
          18.500  -0.000   0.756   1.510   2.282   3.090   4.714   6.016   7.076   7.939
          18.600  -0.000   0.757   1.512   2.284   3.091   4.713   6.014   7.074   7.937
          18.700  -0.000   0.758   1.514   2.286   3.091   4.713   6.012   7.072   7.936
          18.800  -0.000   0.760   1.516   2.288   3.091   4.712   6.011   7.069   7.934
          18.900  -0.000   0.761   1.519   2.290   3.092   4.711   6.009   7.067   7.932
          19.000  -0.000   0.762   1.521   2.292   3.093   4.711   6.007   7.066   7.931
          19.100  -0.000   0.764   1.524   2.294   3.095   4.710   6.005   7.064   7.929
          19.200  -0.000   0.765   1.527   2.297   3.096   4.709   6.004   7.062   7.927
          19.300  -0.000   0.766   1.529   2.299   3.098   4.709   6.002   7.060   7.926
          19.400  -0.000   0.768   1.532   2.301   3.099   4.709   6.000   7.058   7.924
          19.500  -0.000   0.769   1.535   2.304   3.101   4.708   5.998   7.056   7.922
          19.600  -0.000   0.770   1.537   2.307   3.103   4.708   5.996   7.054   7.921
          19.700  -0.000   0.772   1.540   2.310   3.105   4.707   5.994   7.052   7.919
          19.800  -0.000   0.773   1.543   2.313   3.107   4.706   5.992   7.050   7.917
          19.900  -0.000   0.774   1.546   2.316   3.110   4.706   5.990   7.048   7.916
          20.000  -0.000   0.776   1.549   2.319   3.113   4.705   5.988   7.046   7.914
          20.100  -0.000   0.777   1.552   2.323   3.116   4.705   5.986   7.045   7.912
          20.200  -0.000   0.779   1.555   2.327   3.117   4.704   5.985   7.043   7.911
          20.300  -0.000   0.780   1.558   2.330   3.121   4.704   5.983   7.041   7.909
          20.400  -0.000   0.782   1.560   2.334   3.126   4.703   5.981   7.039   7.908
          20.500  -0.000   0.783   1.563   2.338   3.129   4.703   5.979   7.038   7.906
          20.600  -0.000   0.785   1.566   2.342   3.133   4.702   5.977   7.036   7.904
          20.700  -0.000   0.786   1.569   2.346   3.137   4.702   5.975   7.034   7.903
          20.800  -0.000   0.788   1.572   2.351   3.141   4.704   5.973   7.032   7.901
          20.900  -0.000   0.789   1.575   2.354   3.145   4.701   5.971   7.031   7.900
          21.000  -0.000   0.791   1.579   2.360   3.149   4.701   5.969   7.029   7.898
          21.100  -0.000   0.792   1.582   2.364   3.152   4.701   5.969   7.028   7.897
          21.200  -0.000   0.794   1.585   2.369   3.158   4.700   5.967   7.027   7.895
          21.300  -0.000   0.795   1.588   2.374   3.163   4.700   5.965   7.025   7.894
          21.400  -0.000   0.797   1.591   2.378   3.166   4.700   5.964   7.023   7.892
          21.500  -0.000   0.799   1.594   2.382   3.172   4.700   5.962   7.022   7.891
          21.600  -0.000   0.800   1.597   2.388   3.177   4.699   5.960   7.020   7.889
          21.700  -0.000   0.802   1.599   2.393   3.182   4.699   5.958   7.018   7.888
          21.800  -0.000   0.803   1.604   2.397   3.187   4.699   5.957   7.017   7.886
          21.900  -0.000   0.805   1.606   2.402   3.192   4.699   5.955   7.015   7.885
          22.000  -0.000   0.807   1.610   2.407   3.197   4.699   5.953   7.014   7.883
          22.100  -0.000   0.808   1.614   2.412   3.202   4.699   5.952   7.012   7.882
          22.200  -0.000   0.810   1.617   2.417   3.207   4.701   5.950   7.010   7.881
          22.300  -0.000   0.812   1.620   2.422   3.212   4.698   5.948   7.009   7.879
          22.400  -0.000   0.813   1.624   2.427   3.217   4.700   5.947   7.007   7.878
          22.500  -0.000   0.815   1.627   2.430   3.223   4.698   5.945   7.006   7.877
          22.600  -0.000   0.817   1.630   2.437   3.228   4.699   5.944   7.005   7.875
          22.700  -0.000   0.819   1.634   2.442   3.233   4.699   5.942   7.003   7.874
          22.800  -0.000   0.820   1.637   2.447   3.238   4.699   5.941   7.002   7.873
          22.900  -0.000   0.822   1.641   2.453   3.243   4.699   5.939   7.000   7.872
          23.000  -0.000   0.824   1.644   2.458   3.249   4.699   5.938   6.999   7.871
          23.100  -0.000   0.825   1.648   2.463   3.254   4.700   5.936   6.998   7.870
          23.200  -0.000   0.827   1.651   2.468   3.259   4.700   5.935   6.996   7.869
          23.300  -0.000   0.829   1.655   2.474   3.264   4.700   5.934   6.995   7.868
          23.400  -0.000   0.831   1.658   2.479   3.268   4.701   5.932   6.994   7.867
          23.500  -0.000   0.833   1.662   2.484   3.273   4.701   5.931   6.993   7.866
          23.600  -0.000   0.834   1.666   2.489   3.278   4.702   5.930   6.992   7.865
          23.700  -0.000   0.836   1.669   2.494   3.282   4.703   5.929   6.991   7.865
          23.800  -0.000   0.838   1.673   2.498   3.287   4.704   5.928   6.990   7.864
          23.900  -0.000   0.840   1.677   2.503   3.291   4.704   5.927   6.989   7.863
          24.000  -0.000   0.842   1.680   2.508   3.295   4.705   5.926   6.988   7.862
          24.100  -0.000   0.844   1.684   2.512   3.299   4.706   5.925   6.987   7.862
          24.200  -0.000   0.846   1.688   2.516   3.303   4.707   5.924   6.986   7.861
          24.300  -0.000   0.847   1.691   2.521   3.306   4.708   5.923   6.987   7.861
          24.400  -0.000   0.849   1.695   2.525   3.310   4.709   5.922   6.986   7.860
          24.500  -0.000   0.851   1.699   2.529   3.313   4.710   5.922   6.985   7.860
          24.600  -0.000   0.853   1.703   2.532   3.316   4.711   5.922   6.984   7.859
          24.700  -0.000   0.855   1.707   2.536   3.319   4.711   5.921   6.984   7.859
          24.800  -0.000   0.857   1.711   2.539   3.322   4.712   5.921   6.983   7.859
          24.900  -0.000   0.859   1.715   2.542   3.325   4.713   5.921   6.982   7.859
          25.000  -0.000   0.861   1.718   2.545   3.327   4.713   5.922   6.982   7.859
          25.100  -0.000   0.863   1.722   2.548   3.329   4.714   5.922   6.982   7.859
          25.200  -0.000   0.865   1.726   2.551   3.331   4.714   5.924   6.982   7.859
          25.300  -0.000   0.867   1.730   2.553   3.333   4.714   5.925   6.982   7.859
          25.400  -0.000   0.869   1.733   2.556   3.334   4.715   5.927   6.982   7.859
          25.500  -0.000   0.871   1.736   2.558   3.335   4.715   5.929   6.982   7.860
          25.600  -0.000   0.873   1.739   2.559   3.336   4.715   5.931   6.983   7.860
          25.700  -0.000   0.875   1.742   2.561   3.336   4.715   5.934   6.983   7.861
          25.800  -0.000   0.877   1.744   2.562   3.336   4.714   5.935   6.984   7.862
          25.900  -0.000   0.879   1.746   2.563   3.335   4.714   5.937   6.985   7.862
          26.000  -0.000   0.881   1.748   2.564   3.335   4.714   5.939   6.986   7.864


        KN AS A FUNCTION OF DRAUGHT AND HEELING ANGLE
        INITIAL TRIM:  5.00 M                                        UNIT:     m
        ========================================================================

         INITIAL     HEELING ANGLE (DEGREES)
         DRAUGHT     0.0     5.0    10.0    15.0    20.0    30.0    40.0    50.0    60.0
           0.000  -0.002   7.434   9.814  11.078  11.894  12.834  13.286  13.528  13.548
           0.100  -0.002   7.426   9.876  11.179  12.021  12.995  13.462  13.663  13.556
           0.200  -0.002   7.402   9.918  11.257  12.124  13.131  13.611  13.768  13.558
           0.300  -0.001   7.363   9.942  11.317  12.207  13.244  13.737  13.851  13.556
           0.400  -0.001   7.311   9.951  11.361  12.272  13.338  13.842  13.914  13.553
           0.500  -0.001   7.248   9.948  11.391  12.322  13.415  13.931  13.963  13.547
           0.600  -0.001   7.173   9.934  11.410  12.361  13.479  14.004  14.000  13.541
           0.700  -0.001   7.089   9.911  11.419  12.391  13.532  14.064  14.028  13.534
           0.800  -0.001   6.996   9.879  11.419  12.412  13.576  14.112  14.049  13.527
           0.900  -0.001   6.895   9.839  11.413  12.426  13.613  14.152  14.064  13.520
           1.000  -0.001   6.786   9.792  11.399  12.433  13.644  14.185  14.076  13.513
           1.100  -0.001   6.670   9.738  11.378  12.434  13.669  14.212  14.084  13.506
           1.200  -0.001   6.546   9.676  11.350  12.428  13.689  14.234  14.090  13.501
           1.300  -0.001   6.414   9.606  11.316  12.415  13.703  14.251  14.094  13.496
           1.400  -0.001   6.276   9.527  11.272  12.395  13.711  14.262  14.095  13.493
           1.500  -0.001   6.130   9.438  11.218  12.365  13.711  14.266  14.092  13.491
           1.600  -0.001   5.980   9.341  11.156  12.327  13.704  14.264  14.087  13.490
           1.700  -0.001   5.827   9.235  11.086  12.281  13.691  14.256  14.078  13.490
           1.800  -0.001   5.673   9.123  11.011  12.230  13.674  14.244  14.068  13.491
           1.900  -0.001   5.519   9.007  10.931  12.174  13.652  14.228  14.055  13.492
           2.000  -0.001   5.367   8.887  10.847  12.115  13.627  14.209  14.040  13.493
           2.100  -0.001   5.216   8.765  10.760  12.053  13.599  14.187  14.024  13.495
           2.200  -0.001   5.070   8.640  10.670  11.988  13.569  14.162  14.006  13.496
           2.300  -0.001   4.927   8.513  10.579  11.921  13.536  14.136  13.987  13.498
           2.400  -0.001   4.788   8.386  10.486  11.853  13.501  14.107  13.967  13.499
           2.500  -0.001   4.654   8.258  10.392  11.784  13.464  14.077  13.946  13.500
           2.600  -0.001   4.525   8.128  10.298  11.713  13.426  14.045  13.924  13.500
           2.700  -0.001   4.401   7.998  10.202  11.642  13.385  14.011  13.900  13.499
           2.800  -0.001   4.283   7.868  10.106  11.569  13.342  13.976  13.876  13.496
           2.900  -0.001   4.171   7.739  10.009  11.496  13.297  13.939  13.851  13.492
           3.000  -0.001   4.065   7.610   9.912  11.423  13.252  13.901  13.825  13.486
           3.100  -0.001   3.964   7.482   9.815  11.349  13.204  13.862  13.798  13.479
           3.200  -0.001   3.869   7.356   9.717  11.275  13.155  13.821  13.771  13.471
           3.300  -0.001   3.778   7.233   9.619  11.201  13.105  13.779  13.743  13.461
           3.400  -0.001   3.693   7.111   9.521  11.128  13.054  13.736  13.714  13.450
           3.500  -0.001   3.612   6.992   9.423  11.054  13.002  13.692  13.686  13.436
           3.600  -0.001   3.535   6.876   9.325  10.981  12.949  13.647  13.656  13.422
           3.700  -0.001   3.462   6.762   9.229  10.908  12.895  13.602  13.627  13.406
           3.800  -0.001   3.392   6.650   9.134  10.836  12.840  13.555  13.597  13.389
           3.900  -0.001   3.326   6.541   9.039  10.763  12.783  13.507  13.566  13.371
           4.000  -0.001   3.263   6.436   8.946  10.690  12.727  13.459  13.535  13.351
           4.100  -0.001   3.203   6.333   8.854  10.618  12.669  13.410  13.503  13.331
           4.200  -0.001   3.146   6.232   8.762  10.545  12.610  13.361  13.471  13.310
           4.300  -0.001   3.092   6.135   8.672  10.473  12.551  13.311  13.439  13.288
           4.400  -0.001   3.040   6.041   8.583  10.402  12.491  13.260  13.406  13.265
           4.500  -0.001   2.990   5.949   8.495  10.330  12.430  13.208  13.372  13.242
           4.600  -0.001   2.942   5.861   8.408  10.259  12.368  13.155  13.337  13.218
           4.700  -0.001   2.897   5.775   8.322  10.189  12.305  13.102  13.302  13.193
           4.800  -0.001   2.854   5.692   8.237  10.118  12.241  13.049  13.267  13.167
           4.900  -0.001   2.812   5.612   8.153  10.048  12.176  12.994  13.231  13.141
           5.000  -0.001   2.773   5.535   8.071   9.978  12.111  12.940  13.195  13.115
           5.100  -0.001   2.735   5.461   7.989   9.907  12.045  12.884  13.159  13.089
           5.200  -0.001   2.698   5.390   7.909   9.837  11.978  12.828  13.122  13.062
           5.300  -0.001   2.663   5.321   7.829   9.767  11.910  12.771  13.085  13.035
           5.400  -0.001   2.629   5.254   7.751   9.697  11.841  12.713  13.047  13.007
           5.500  -0.001   2.597   5.190   7.675   9.627  11.771  12.654  13.009  12.979
           5.600  -0.001   2.566   5.128   7.599   9.556  11.701  12.595  12.970  12.950
           5.700  -0.001   2.535   5.068   7.525   9.485  11.630  12.535  12.930  12.921
           5.800  -0.001   2.506   5.010   7.452   9.414  11.558  12.474  12.889  12.892
           5.900  -0.001   2.477   4.955   7.381   9.343  11.486  12.414  12.848  12.862
           6.000  -0.001   2.449   4.901   7.311   9.271  11.413  12.353  12.807  12.832
           6.100  -0.001   2.423   4.849   7.242   9.199  11.339  12.291  12.765  12.800
           6.200  -0.001   2.397   4.799   7.175   9.127  11.265  12.230  12.722  12.768
           6.300  -0.000   2.372   4.751   7.109   9.054  11.190  12.168  12.680  12.736
           6.400  -0.000   2.348   4.705   7.044   8.981  11.115  12.105  12.637  12.703
           6.500  -0.000   2.325   4.660   6.980   8.907  11.039  12.042  12.593  12.671
           6.600  -0.000   2.303   4.617   6.917   8.833  10.963  11.979  12.549  12.638
           6.700  -0.000   2.282   4.575   6.855   8.759  10.886  11.915  12.505  12.605
           6.800  -0.000   2.261   4.534   6.793   8.684  10.808  11.850  12.460  12.571
           6.900  -0.000   2.241   4.494   6.733   8.609  10.730  11.786  12.414  12.537
           7.000  -0.000   2.222   4.456   6.674   8.534  10.652  11.721  12.367  12.502
           7.100  -0.000   2.203   4.419   6.616   8.458  10.573  11.656  12.320  12.467
           7.200  -0.000   2.185   4.384   6.558   8.382  10.494  11.591  12.271  12.431
           7.300  -0.000   2.168   4.349   6.501   8.306  10.415  11.526  12.222  12.395
           7.400  -0.000   2.152   4.316   6.445   8.229  10.335  11.460  12.171  12.357
           7.500  -0.000   2.136   4.283   6.389   8.152  10.254  11.395  12.120  12.317
           7.600  -0.000   2.121   4.252   6.333   8.075  10.174  11.330  12.068  12.276
           7.700  -0.000   2.106   4.222   6.278   7.998  10.093  11.264  12.015  12.233
           7.800  -0.000   2.091   4.193   6.223   7.921  10.011  11.199  11.962  12.188
           7.900  -0.000   2.077   4.165   6.168   7.843   9.930  11.134  11.908  12.141
           8.000  -0.000   2.064   4.137   6.114   7.766   9.848  11.068  11.854  12.093
           8.100  -0.000   2.051   4.111   6.060   7.688   9.766  11.003  11.800  12.042
           8.200  -0.000   2.038   4.084   6.006   7.610   9.684  10.938  11.745  11.990
           8.300  -0.000   2.026   4.059   5.952   7.532   9.601  10.872  11.690  11.937
           8.400  -0.000   2.014   4.033   5.899   7.454   9.518  10.807  11.635  11.883
           8.500  -0.000   2.003   4.008   5.845   7.375   9.435  10.741  11.579  11.828
           8.600  -0.000   1.992   3.982   5.791   7.296   9.352  10.675  11.523  11.771
           8.700  -0.000   1.981   3.957   5.738   7.217   9.268  10.608  11.467  11.713
           8.800  -0.000   1.971   3.931   5.684   7.138   9.184  10.541  11.410  11.654
           8.900  -0.000   1.960   3.905   5.631   7.058   9.099  10.474  11.353  11.594
           9.000  -0.000   1.951   3.879   5.578   6.979   9.014  10.406  11.295  11.533
           9.100  -0.000   1.941   3.853   5.524   6.900   8.929  10.338  11.237  11.472
           9.200  -0.000   1.932   3.826   5.470   6.821   8.844  10.269  11.178  11.410
           9.300  -0.000   1.923   3.799   5.416   6.742   8.758  10.199  11.119  11.348
           9.400  -0.000   1.915   3.772   5.361   6.664   8.672  10.129  11.057  11.285
           9.500  -0.000   1.906   3.744   5.306   6.585   8.586  10.059  10.995  11.222
           9.600  -0.000   1.898   3.715   5.250   6.507   8.499   9.987  10.931  11.158
           9.700  -0.000   1.890   3.686   5.194   6.429   8.412   9.915  10.866  11.093
           9.800  -0.000   1.883   3.655   5.137   6.351   8.325   9.843  10.799  11.028
           9.900  -0.000   1.875   3.624   5.080   6.273   8.237   9.770  10.731  10.963
          10.000  -0.000   1.867   3.592   5.022   6.196   8.150   9.696  10.661  10.897
          10.100  -0.000   1.859   3.559   4.963   6.118   8.062   9.621  10.589  10.831
          10.200  -0.000   1.850   3.525   4.904   6.041   7.974   9.545  10.516  10.765
          10.300  -0.000   1.840   3.490   4.844   5.964   7.887   9.469  10.441  10.698
          10.400  -0.000   1.830   3.454   4.783   5.888   7.799   9.392  10.365  10.630
          10.500  -0.000   1.819   3.417   4.721   5.811   7.712   9.315  10.287  10.563
          10.600  -0.000   1.807   3.378   4.659   5.734   7.625   9.236  10.207  10.495
          10.700  -0.000   1.794   3.338   4.596   5.658   7.537   9.158  10.127  10.427
          10.800  -0.000   1.780   3.298   4.533   5.581   7.451   9.078  10.046  10.359
          10.900  -0.000   1.764   3.255   4.469   5.505   7.364   8.998   9.964  10.292
          11.000  -0.000   1.746   3.212   4.404   5.428   7.278   8.917   9.881  10.223
          11.100  -0.000   1.727   3.167   4.339   5.352   7.192   8.836   9.798  10.154
          11.200  -0.000   1.707   3.122   4.274   5.276   7.107   8.753   9.714  10.085
          11.300  -0.000   1.685   3.075   4.208   5.200   7.023   8.671   9.630  10.015
          11.400  -0.000   1.662   3.028   4.143   5.126   6.940   8.588   9.545   9.946
          11.500  -0.000   1.638   2.981   4.079   5.052   6.858   8.504   9.459   9.876
          11.600  -0.000   1.613   2.933   4.015   4.979   6.777   8.420   9.374   9.806
          11.700  -0.000   1.588   2.886   3.952   4.907   6.697   8.335   9.288   9.736
          11.800  -0.000   1.563   2.840   3.891   4.837   6.620   8.250   9.203   9.666
          11.900  -0.000   1.538   2.794   3.830   4.768   6.543   8.165   9.119   9.596
          12.000  -0.000   1.513   2.748   3.770   4.701   6.468   8.079   9.035   9.527
          12.100  -0.000   1.488   2.702   3.711   4.634   6.394   7.994   8.951   9.458
          12.200  -0.000   1.463   2.656   3.653   4.568   6.321   7.908   8.868   9.389
          12.300  -0.000   1.438   2.610   3.595   4.503   6.249   7.822   8.785   9.321
          12.400  -0.000   1.413   2.565   3.538   4.439   6.179   7.736   8.704   9.253
          12.500  -0.000   1.388   2.520   3.481   4.376   6.109   7.650   8.623   9.185
          12.600  -0.000   1.364   2.475   3.425   4.313   6.041   7.566   8.542   9.118
          12.700  -0.000   1.339   2.430   3.369   4.252   5.973   7.482   8.463   9.052
          12.800  -0.000   1.314   2.386   3.314   4.191   5.907   7.400   8.385   8.986
          12.900  -0.000   1.290   2.341   3.260   4.131   5.843   7.320   8.308   8.922
          13.000  -0.000   1.265   2.297   3.206   4.072   5.779   7.242   8.232   8.858
          13.100  -0.000   1.240   2.252   3.152   4.014   5.717   7.165   8.158   8.796
          13.200  -0.000   1.215   2.208   3.100   3.957   5.656   7.090   8.086   8.735
          13.300  -0.000   1.190   2.164   3.048   3.901   5.597   7.017   8.015   8.676
          13.400  -0.000   1.164   2.121   2.997   3.846   5.540   6.946   7.946   8.620
          13.500  -0.000   1.137   2.077   2.946   3.793   5.484   6.877   7.879   8.565
          13.600  -0.000   1.110   2.034   2.897   3.741   5.429   6.810   7.815   8.513
          13.700  -0.000   1.084   1.992   2.848   3.690   5.377   6.745   7.754   8.463
          13.800  -0.000   1.057   1.950   2.801   3.640   5.326   6.682   7.695   8.415
          13.900  -0.000   1.031   1.909   2.755   3.592   5.275   6.622   7.638   8.370
          14.000  -0.000   1.004   1.869   2.711   3.546   5.226   6.564   7.585   8.328
          14.100  -0.000   0.978   1.830   2.668   3.501   5.177   6.508   7.534   8.288
          14.200  -0.000   0.952   1.792   2.626   3.459   5.130   6.456   7.487   8.250
          14.300  -0.000   0.927   1.755   2.586   3.418   5.084   6.406   7.442   8.215
          14.400  -0.000   0.902   1.721   2.549   3.380   5.039   6.359   7.400   8.183
          14.500  -0.000   0.879   1.688   2.513   3.344   4.996   6.316   7.361   8.153
          14.600  -0.000   0.856   1.657   2.480   3.310   4.955   6.275   7.326   8.125
          14.700  -0.000   0.835   1.629   2.449   3.279   4.918   6.239   7.293   8.101
          14.800  -0.000   0.816   1.603   2.422   3.252   4.884   6.207   7.264   8.079
          14.900  -0.000   0.799   1.580   2.396   3.227   4.854   6.178   7.238   8.059
          15.000  -0.000   0.784   1.560   2.374   3.205   4.828   6.152   7.214   8.043
          15.100  -0.000   0.771   1.543   2.355   3.186   4.805   6.130   7.194   8.028
          15.200  -0.000   0.761   1.529   2.339   3.171   4.787   6.112   7.178   8.017
          15.300  -0.000   0.753   1.519   2.327   3.158   4.773   6.098   7.165   8.008
          15.400  -0.000   0.747   1.511   2.317   3.149   4.763   6.088   7.156   8.001
          15.500  -0.000   0.744   1.506   2.311   3.142   4.756   6.081   7.149   7.996
          15.600  -0.000   0.742   1.504   2.306   3.138   4.753   6.077   7.145   7.993
          15.700  -0.000   0.741   1.503   2.303   3.136   4.751   6.075   7.143   7.991
          15.800  -0.000   0.741   1.502   2.301   3.133   4.750   6.073   7.140   7.989
          15.900  -0.000   0.740   1.501   2.298   3.131   4.749   6.072   7.138   7.987
          16.000  -0.000   0.740   1.501   2.296   3.128   4.748   6.070   7.136   7.985
          16.100  -0.000   0.739   1.500   2.294   3.126   4.747   6.068   7.133   7.983
          16.200  -0.000   0.739   1.500   2.292   3.124   4.745   6.066   7.131   7.982
          16.300  -0.000   0.739   1.500   2.290   3.121   4.744   6.064   7.129   7.980
          16.400  -0.000   0.739   1.499   2.288   3.119   4.743   6.062   7.127   7.978
          16.500  -0.000   0.739   1.499   2.287   3.117   4.742   6.061   7.124   7.977
          16.600  -0.000   0.739   1.499   2.285   3.115   4.741   6.059   7.122   7.975
          16.700  -0.000   0.739   1.499   2.284   3.114   4.740   6.057   7.120   7.974
          16.800  -0.000   0.739   1.499   2.283   3.112   4.739   6.055   7.118   7.972
          16.900  -0.000   0.740   1.500   2.282   3.110   4.738   6.053   7.115   7.970
          17.000  -0.000   0.741   1.500   2.281   3.109   4.737   6.052   7.113   7.968
          17.100  -0.000   0.741   1.500   2.281   3.107   4.736   6.050   7.111   7.966
          17.200  -0.000   0.742   1.501   2.281   3.106   4.735   6.048   7.108   7.965
          17.300  -0.000   0.743   1.501   2.280   3.105   4.734   6.046   7.106   7.963
          17.400  -0.000   0.745   1.502   2.281   3.103   4.733   6.044   7.104   7.961
          17.500  -0.000   0.746   1.503   2.281   3.102   4.733   6.042   7.102   7.959
          17.600  -0.000   0.747   1.503   2.281   3.101   4.732   6.041   7.099   7.958
          17.700  -0.000   0.748   1.504   2.282   3.101   4.731   6.039   7.097   7.956
          17.800  -0.000   0.749   1.505   2.283   3.100   4.730   6.037   7.095   7.954
          17.900  -0.000   0.750   1.506   2.284   3.099   4.729   6.035   7.093   7.953
          18.000  -0.000   0.752   1.508   2.285   3.099   4.728   6.033   7.092   7.951
          18.100  -0.000   0.753   1.509   2.286   3.099   4.728   6.031   7.090   7.949
          18.200  -0.000   0.754   1.510   2.287   3.099   4.727   6.029   7.087   7.947
          18.300  -0.000   0.755   1.512   2.288   3.099   4.726   6.028   7.085   7.946
          18.400  -0.000   0.757   1.514   2.290   3.099   4.725   6.026   7.083   7.944
          18.500  -0.000   0.758   1.516   2.292   3.099   4.725   6.024   7.081   7.942
          18.600  -0.000   0.759   1.517   2.294   3.100   4.724   6.022   7.079   7.940
          18.700  -0.000   0.761   1.519   2.296   3.100   4.723   6.020   7.077   7.939
          18.800  -0.000   0.762   1.522   2.298   3.101   4.723   6.018   7.075   7.937
          18.900  -0.000   0.763   1.524   2.300   3.103   4.722   6.017   7.073   7.935
          19.000  -0.000   0.765   1.527   2.302   3.104   4.721   6.015   7.071   7.934
          19.100  -0.000   0.766   1.529   2.304   3.105   4.721   6.013   7.069   7.932
          19.200  -0.000   0.767   1.531   2.306   3.107   4.721   6.011   7.067   7.930
          19.300  -0.000   0.769   1.534   2.308   3.108   4.720   6.009   7.065   7.929
          19.400  -0.000   0.770   1.537   2.311   3.110   4.719   6.007   7.063   7.927
          19.500  -0.000   0.771   1.540   2.313   3.112   4.719   6.005   7.061   7.925
          19.600  -0.000   0.773   1.542   2.316   3.114   4.718   6.003   7.059   7.924
          19.700  -0.000   0.774   1.545   2.319   3.117   4.718   6.001   7.058   7.922
          19.800  -0.000   0.776   1.548   2.321   3.119   4.717   6.000   7.056   7.920
          19.900  -0.000   0.777   1.551   2.326   3.122   4.717   5.998   7.054   7.919
          20.000  -0.000   0.778   1.554   2.329   3.125   4.716   5.996   7.052   7.917
          20.100  -0.000   0.780   1.557   2.332   3.127   4.715   5.994   7.050   7.915
          20.200  -0.000   0.781   1.560   2.336   3.132   4.715   5.992   7.048   7.914
          20.300  -0.000   0.783   1.563   2.339   3.135   4.714   5.990   7.047   7.912
          20.400  -0.000   0.784   1.566   2.343   3.138   4.714   5.988   7.045   7.910
          20.500  -0.000   0.786   1.569   2.347   3.142   4.714   5.986   7.043   7.909
          20.600  -0.000   0.787   1.572   2.351   3.146   4.713   5.984   7.042   7.907
          20.700  -0.000   0.789   1.575   2.355   3.150   4.711   5.982   7.040   7.906
          20.800  -0.000   0.790   1.578   2.359   3.154   4.713   5.982   7.038   7.904
          20.900  -0.000   0.792   1.580   2.363   3.158   4.710   5.980   7.037   7.902
          21.000  -0.000   0.793   1.584   2.368   3.162   4.712   5.975   7.036   7.901
          21.100  -0.000   0.795   1.586   2.372   3.167   4.712   5.976   7.034   7.899
          21.200  -0.000   0.797   1.590   2.377   3.171   4.711   5.974   7.032   7.898
          21.300  -0.000   0.798   1.593   2.382   3.176   4.711   5.969   7.030   7.896
          21.400  -0.000   0.800   1.596   2.386   3.180   4.708   5.971   7.029   7.895
          21.500  -0.000   0.801   1.600   2.391   3.185   4.710   5.969   7.027   7.893
          21.600  -0.000   0.803   1.603   2.396   3.190   4.710   5.967   7.025   7.892
          21.700  -0.000   0.805   1.606   2.399   3.194   4.710   5.965   7.024   7.890
          21.800  -0.000   0.806   1.609   2.406   3.199   4.710   5.964   7.022   7.889
          21.900  -0.000   0.808   1.613   2.411   3.204   4.710   5.962   7.021   7.888
          22.000  -0.000   0.810   1.616   2.416   3.209   4.709   5.960   7.019   7.886
          22.100  -0.000   0.811   1.619   2.421   3.214   4.709   5.959   7.018   7.885
          22.200  -0.000   0.813   1.623   2.426   3.216   4.709   5.957   7.016   7.883
          22.300  -0.000   0.815   1.626   2.431   3.223   4.709   5.955   7.014   7.882
          22.400  -0.000   0.816   1.629   2.436   3.228   4.709   5.954   7.013   7.881
          22.500  -0.000   0.818   1.633   2.441   3.233   4.709   5.952   7.012   7.879
          22.600  -0.000   0.820   1.636   2.446   3.238   4.709   5.948   7.010   7.878
          22.700  -0.000   0.821   1.640   2.451   3.243   4.709   5.947   7.009   7.877
          22.800  -0.000   0.823   1.643   2.456   3.248   4.710   5.948   7.007   7.876
          22.900  -0.000   0.825   1.647   2.462   3.253   4.710   5.946   7.006   7.875
          23.000  -0.000   0.827   1.650   2.467   3.257   4.710   5.945   7.005   7.874
          23.100  -0.000   0.829   1.654   2.472   3.262   4.710   5.943   7.003   7.873
          23.200  -0.000   0.830   1.657   2.477   3.267   4.711   5.942   7.002   7.872
          23.300  -0.000   0.832   1.661   2.482   3.272   4.711   5.941   7.001   7.871
          23.400  -0.000   0.834   1.665   2.487   3.276   4.712   5.939   7.000   7.870
          23.500  -0.000   0.836   1.668   2.492   3.281   4.712   5.938   6.998   7.870
          23.600  -0.000   0.838   1.672   2.497   3.285   4.713   5.937   6.997   7.869
          23.700  -0.000   0.839   1.676   2.502   3.289   4.713   5.936   6.996   7.868
          23.800  -0.000   0.841   1.679   2.506   3.293   4.714   5.935   6.995   7.867
          23.900  -0.000   0.843   1.683   2.511   3.297   4.715   5.934   6.994   7.866
          24.000  -0.000   0.845   1.687   2.515   3.301   4.715   5.933   6.995   7.866
          24.100  -0.000   0.847   1.690   2.519   3.305   4.716   5.932   6.994   7.865
          24.200  -0.000   0.849   1.694   2.523   3.308   4.717   5.931   6.993   7.865
          24.300  -0.000   0.851   1.698   2.527   3.312   4.717   5.931   6.992   7.864
          24.400  -0.000   0.853   1.702   2.531   3.315   4.718   5.930   6.991   7.864
          24.500  -0.000   0.855   1.706   2.535   3.318   4.718   5.930   6.991   7.864
          24.600  -0.000   0.857   1.710   2.538   3.321   4.719   5.929   6.990   7.863
          24.700  -0.000   0.859   1.714   2.541   3.323   4.719   5.929   6.989   7.863
          24.800  -0.000   0.861   1.717   2.544   3.326   4.720   5.929   6.989   7.863
          24.900  -0.000   0.862   1.721   2.547   3.328   4.720   5.929   6.989   7.863
          25.000  -0.000   0.864   1.725   2.550   3.330   4.721   5.930   6.989   7.863
          25.100  -0.000   0.866   1.729   2.552   3.332   4.721   5.931   6.988   7.863
          25.200  -0.000   0.868   1.732   2.555   3.333   4.721   5.932   6.988   7.863
          25.300  -0.000   0.870   1.735   2.557   3.335   4.721   5.934   6.988   7.864
          25.400  -0.000   0.873   1.738   2.558   3.336   4.721   5.935   6.989   7.864
          25.500  -0.000   0.875   1.741   2.560   3.336   4.721   5.938   6.989   7.865
          25.600  -0.000   0.877   1.743   2.561   3.337   4.721   5.940   6.989   7.865
          25.700  -0.000   0.879   1.746   2.562   3.337   4.720   5.941   6.990   7.866
          25.800  -0.000   0.881   1.748   2.563   3.336   4.720   5.943   6.991   7.867
          25.900  -0.000   0.883   1.749   2.563   3.336   4.719   5.944   6.992   7.868
          26.000  -0.000   0.885   1.751   2.563   3.335   4.719   5.946   6.994   7.870


        KN AS A FUNCTION OF DRAUGHT AND HEELING ANGLE
        INITIAL TRIM:  5.50 M                                        UNIT:     m
        ========================================================================

         INITIAL     HEELING ANGLE (DEGREES)
         DRAUGHT     0.0     5.0    10.0    15.0    20.0    30.0    40.0    50.0    60.0
           0.000  -0.002   7.129   9.562  10.865  11.715  12.713  13.218  13.477  13.554
           0.100  -0.002   7.114   9.610  10.950  11.824  12.855  13.374  13.593  13.565
           0.200  -0.002   7.085   9.641  11.017  11.913  12.975  13.507  13.687  13.570
           0.300  -0.001   7.043   9.659  11.068  11.986  13.076  13.622  13.761  13.571
           0.400  -0.001   6.990   9.663  11.106  12.044  13.162  13.719  13.821  13.568
           0.500  -0.001   6.927   9.657  11.132  12.090  13.234  13.801  13.868  13.565
           0.600  -0.001   6.856   9.643  11.149  12.127  13.295  13.869  13.905  13.559
           0.700  -0.001   6.778   9.621  11.158  12.156  13.346  13.925  13.933  13.554
           0.800  -0.001   6.693   9.592  11.160  12.177  13.390  13.972  13.955  13.547
           0.900  -0.001   6.601   9.556  11.154  12.191  13.427  14.010  13.970  13.541
           1.000  -0.001   6.503   9.513  11.142  12.199  13.458  14.041  13.982  13.534
           1.100  -0.001   6.400   9.465  11.126  12.203  13.485  14.068  13.991  13.527
           1.200  -0.001   6.291   9.411  11.103  12.201  13.507  14.090  13.997  13.521
           1.300  -0.001   6.176   9.351  11.075  12.193  13.525  14.108  14.001  13.516
           1.400  -0.001   6.056   9.284  11.039  12.180  13.538  14.121  14.003  13.511
           1.500  -0.001   5.931   9.209  10.997  12.160  13.545  14.129  14.003  13.508
           1.600  -0.001   5.801   9.125  10.947  12.132  13.547  14.132  14.000  13.505
           1.700  -0.001   5.667   9.034  10.890  12.097  13.542  14.129  13.994  13.504
           1.800  -0.001   5.530   8.935  10.825  12.056  13.532  14.122  13.986  13.503
           1.900  -0.001   5.392   8.830  10.755  12.009  13.517  14.110  13.975  13.503
           2.000  -0.001   5.255   8.721  10.681  11.958  13.498  14.094  13.962  13.504
           2.100  -0.001   5.118   8.609  10.602  11.903  13.475  14.075  13.948  13.504
           2.200  -0.001   4.984   8.493  10.521  11.845  13.448  14.053  13.932  13.506
           2.300  -0.001   4.852   8.376  10.437  11.785  13.419  14.029  13.915  13.507
           2.400  -0.001   4.723   8.257  10.351  11.722  13.387  14.003  13.896  13.507
           2.500  -0.001   4.597   8.137  10.263  11.658  13.352  13.974  13.877  13.507
           2.600  -0.001   4.475   8.015  10.174  11.592  13.316  13.944  13.856  13.505
           2.700  -0.001   4.358   7.892  10.084  11.525  13.277  13.912  13.835  13.502
           2.800  -0.001   4.244   7.769   9.993  11.457  13.237  13.879  13.812  13.498
           2.900  -0.001   4.135   7.646   9.902  11.389  13.194  13.844  13.789  13.493
           3.000  -0.001   4.032   7.523   9.809  11.319  13.150  13.808  13.765  13.486
           3.100  -0.001   3.933   7.402   9.717  11.250  13.105  13.770  13.740  13.478
           3.200  -0.001   3.840   7.281   9.624  11.180  13.058  13.732  13.715  13.469
           3.300  -0.001   3.752   7.162   9.531  11.110  13.010  13.692  13.689  13.458
           3.400  -0.001   3.669   7.045   9.437  11.040  12.961  13.651  13.662  13.446
           3.500  -0.001   3.589   6.930   9.344  10.970  12.911  13.610  13.635  13.433
           3.600  -0.001   3.514   6.818   9.251  10.900  12.859  13.567  13.608  13.419
           3.700  -0.001   3.442   6.708   9.158  10.831  12.807  13.523  13.581  13.403
           3.800  -0.001   3.374   6.600   9.066  10.761  12.753  13.479  13.553  13.386
           3.900  -0.001   3.309   6.495   8.974  10.692  12.699  13.433  13.524  13.369
           4.000  -0.001   3.247   6.392   8.883  10.622  12.643  13.387  13.495  13.351
           4.100  -0.001   3.188   6.292   8.793  10.553  12.587  13.340  13.466  13.331
           4.200  -0.001   3.131   6.195   8.704  10.484  12.530  13.293  13.436  13.310
           4.300  -0.001   3.077   6.100   8.616  10.414  12.472  13.244  13.406  13.287
           4.400  -0.001   3.026   6.008   8.529  10.344  12.413  13.195  13.375  13.265
           4.500  -0.001   2.977   5.919   8.443  10.274  12.353  13.145  13.344  13.242
           4.600  -0.001   2.930   5.832   8.358  10.204  12.293  13.095  13.312  13.217
           4.700  -0.001   2.885   5.748   8.273  10.134  12.231  13.044  13.279  13.192
           4.800  -0.001   2.842   5.667   8.190  10.064  12.169  12.992  13.246  13.167
           4.900  -0.001   2.801   5.589   8.109   9.994  12.106  12.940  13.212  13.142
           5.000  -0.001   2.762   5.513   8.028   9.925  12.042  12.887  13.178  13.116
           5.100  -0.001   2.724   5.440   7.948   9.855  11.977  12.834  13.143  13.090
           5.200  -0.001   2.688   5.370   7.869   9.785  11.912  12.780  13.108  13.063
           5.300  -0.001   2.654   5.302   7.792   9.715  11.846  12.725  13.073  13.036
           5.400  -0.001   2.620   5.236   7.716   9.645  11.778  12.670  13.036  13.008
           5.500  -0.001   2.588   5.173   7.641   9.575  11.711  12.613  12.999  12.980
           5.600  -0.001   2.557   5.111   7.567   9.505  11.642  12.556  12.961  12.951
           5.700  -0.001   2.527   5.052   7.494   9.434  11.573  12.498  12.923  12.922
           5.800  -0.001   2.498   4.995   7.423   9.364  11.503  12.439  12.883  12.893
           5.900  -0.001   2.470   4.940   7.353   9.293  11.432  12.380  12.843  12.863
           6.000  -0.001   2.443   4.887   7.284   9.221  11.361  12.321  12.803  12.833
           6.100  -0.001   2.417   4.836   7.216   9.150  11.289  12.261  12.761  12.802
           6.200  -0.001   2.392   4.786   7.150   9.077  11.217  12.202  12.720  12.770
           6.300  -0.000   2.367   4.739   7.084   9.005  11.144  12.141  12.678  12.739
           6.400  -0.000   2.343   4.693   7.019   8.932  11.070  12.081  12.635  12.706
           6.500  -0.000   2.320   4.648   6.955   8.859  10.996  12.020  12.592  12.674
           6.600  -0.000   2.298   4.605   6.893   8.786  10.921  11.958  12.549  12.641
           6.700  -0.000   2.277   4.563   6.831   8.712  10.846  11.896  12.506  12.607
           6.800  -0.000   2.256   4.523   6.769   8.638  10.770  11.834  12.461  12.573
           6.900  -0.000   2.237   4.484   6.709   8.564  10.693  11.771  12.416  12.539
           7.000  -0.000   2.217   4.446   6.650   8.489  10.616  11.708  12.370  12.504
           7.100  -0.000   2.199   4.410   6.591   8.414  10.539  11.645  12.324  12.469
           7.200  -0.000   2.181   4.374   6.533   8.339  10.461  11.581  12.277  12.434
           7.300  -0.000   2.164   4.340   6.476   8.263  10.383  11.518  12.228  12.398
           7.400  -0.000   2.147   4.307   6.419   8.187  10.305  11.454  12.179  12.362
           7.500  -0.000   2.131   4.275   6.363   8.111  10.226  11.391  12.129  12.324
           7.600  -0.000   2.116   4.244   6.307   8.035  10.147  11.327  12.078  12.284
           7.700  -0.000   2.101   4.213   6.252   7.959  10.067  11.263  12.027  12.243
           7.800  -0.000   2.087   4.184   6.197   7.883   9.988  11.200  11.974  12.200
           7.900  -0.000   2.073   4.156   6.142   7.806   9.907  11.136  11.921  12.156
           8.000  -0.000   2.060   4.128   6.088   7.730   9.827  11.073  11.867  12.110
           8.100  -0.000   2.047   4.101   6.033   7.653   9.746  11.009  11.813  12.062
           8.200  -0.000   2.034   4.074   5.979   7.576   9.666  10.945  11.759  12.012
           8.300  -0.000   2.022   4.048   5.925   7.499   9.584  10.881  11.705  11.961
           8.400  -0.000   2.010   4.021   5.872   7.422   9.503  10.817  11.650  11.908
           8.500  -0.000   1.999   3.995   5.818   7.345   9.422  10.753  11.595  11.854
           8.600  -0.000   1.988   3.969   5.765   7.268   9.340  10.688  11.539  11.799
           8.700  -0.000   1.977   3.943   5.711   7.190   9.258  10.623  11.483  11.743
           8.800  -0.000   1.967   3.917   5.658   7.113   9.176  10.557  11.427  11.685
           8.900  -0.000   1.957   3.890   5.604   7.035   9.093  10.491  11.370  11.626
           9.000  -0.000   1.947   3.863   5.550   6.958   9.010  10.424  11.313  11.566
           9.100  -0.000   1.938   3.836   5.496   6.880   8.927  10.357  11.256  11.505
           9.200  -0.000   1.928   3.809   5.442   6.802   8.843  10.290  11.198  11.444
           9.300  -0.000   1.920   3.781   5.388   6.725   8.759  10.221  11.139  11.382
           9.400  -0.000   1.911   3.753   5.333   6.647   8.675  10.152  11.080  11.320
           9.500  -0.000   1.903   3.724   5.278   6.570   8.590  10.083  11.019  11.258
           9.600  -0.000   1.895   3.694   5.223   6.493   8.506  10.013  10.957  11.195
           9.700  -0.000   1.887   3.664   5.167   6.416   8.421   9.942  10.894  11.132
           9.800  -0.000   1.879   3.633   5.111   6.339   8.336   9.871  10.829  11.069
           9.900  -0.000   1.870   3.601   5.055   6.263   8.250   9.799  10.763  11.004
          10.000  -0.000   1.862   3.569   4.998   6.186   8.165   9.726  10.696  10.939
          10.100  -0.000   1.852   3.535   4.940   6.110   8.079   9.653  10.627  10.873
          10.200  -0.000   1.842   3.500   4.882   6.034   7.993   9.578  10.556  10.808
          10.300  -0.000   1.832   3.465   4.823   5.959   7.908   9.503  10.483  10.742
          10.400  -0.000   1.820   3.428   4.764   5.883   7.822   9.428  10.410  10.676
          10.500  -0.000   1.808   3.390   4.704   5.808   7.737   9.351  10.334  10.609
          10.600  -0.000   1.794   3.352   4.643   5.733   7.652   9.274  10.257  10.544
          10.700  -0.000   1.780   3.312   4.582   5.658   7.567   9.196  10.178  10.477
          10.800  -0.000   1.764   3.271   4.520   5.584   7.482   9.118  10.099  10.410
          10.900  -0.000   1.746   3.228   4.457   5.509   7.398   9.039  10.018  10.343
          11.000  -0.000   1.727   3.185   4.394   5.434   7.314   8.960   9.936  10.275
          11.100  -0.000   1.707   3.141   4.331   5.361   7.231   8.879   9.854  10.208
          11.200  -0.000   1.686   3.097   4.268   5.287   7.148   8.799   9.771  10.140
          11.300  -0.000   1.664   3.053   4.206   5.215   7.067   8.718   9.688  10.072
          11.400  -0.000   1.641   3.008   4.144   5.143   6.986   8.638   9.605  10.004
          11.500  -0.000   1.617   2.964   4.083   5.073   6.908   8.558   9.522   9.935
          11.600  -0.000   1.594   2.921   4.024   5.005   6.830   8.478   9.441   9.867
          11.700  -0.000   1.570   2.878   3.965   4.938   6.754   8.398   9.358   9.800
          11.800  -0.000   1.547   2.835   3.908   4.871   6.680   8.317   9.276   9.732
          11.900  -0.000   1.523   2.793   3.851   4.806   6.606   8.236   9.194   9.664
          12.000  -0.000   1.500   2.751   3.795   4.742   6.533   8.155   9.113   9.597
          12.100  -0.000   1.476   2.709   3.739   4.678   6.462   8.073   9.032   9.530
          12.200  -0.000   1.453   2.667   3.684   4.616   6.392   7.992   8.952   9.463
          12.300  -0.000   1.430   2.625   3.630   4.554   6.322   7.910   8.872   9.397
          12.400  -0.000   1.407   2.583   3.576   4.493   6.254   7.829   8.793   9.331
          12.500  -0.000   1.384   2.541   3.523   4.432   6.186   7.747   8.714   9.266
          12.600  -0.000   1.361   2.499   3.470   4.372   6.120   7.665   8.637   9.201
          12.700  -0.000   1.339   2.458   3.417   4.313   6.054   7.584   8.559   9.136
          12.800  -0.000   1.316   2.416   3.365   4.255   5.989   7.504   8.483   9.072
          12.900  -0.000   1.294   2.375   3.313   4.197   5.926   7.425   8.408   9.009
          13.000  -0.000   1.272   2.333   3.261   4.140   5.863   7.347   8.333   8.947
          13.100  -0.000   1.250   2.292   3.210   4.084   5.802   7.271   8.260   8.885
          13.200  -0.000   1.227   2.250   3.159   4.028   5.742   7.197   8.188   8.824
          13.300  -0.000   1.205   2.209   3.109   3.974   5.684   7.125   8.117   8.765
          13.400  -0.000   1.182   2.168   3.060   3.920   5.626   7.054   8.048   8.708
          13.500  -0.000   1.159   2.127   3.011   3.867   5.570   6.985   7.981   8.652
          13.600  -0.000   1.135   2.086   2.963   3.816   5.516   6.918   7.916   8.598
          13.700  -0.000   1.111   2.045   2.915   3.765   5.463   6.852   7.853   8.546
          13.800  -0.000   1.087   2.005   2.869   3.716   5.412   6.789   7.793   8.497
          13.900  -0.000   1.063   1.965   2.824   3.668   5.362   6.728   7.734   8.449
          14.000  -0.000   1.039   1.926   2.779   3.621   5.314   6.668   7.678   8.404
          14.100  -0.000   1.015   1.888   2.736   3.576   5.266   6.611   7.625   8.362
          14.200  -0.000   0.991   1.851   2.694   3.532   5.220   6.556   7.575   8.321
          14.300  -0.000   0.967   1.815   2.653   3.490   5.174   6.504   7.527   8.283
          14.400  -0.000   0.944   1.779   2.614   3.450   5.129   6.454   7.482   8.248
          14.500  -0.000   0.921   1.746   2.577   3.412   5.086   6.406   7.439   8.215
          14.600  -0.000   0.898   1.713   2.541   3.375   5.044   6.362   7.399   8.184
          14.700  -0.000   0.877   1.683   2.507   3.341   5.003   6.320   7.362   8.155
          14.800  -0.000   0.856   1.654   2.476   3.309   4.964   6.282   7.328   8.127
          14.900  -0.000   0.837   1.628   2.447   3.279   4.928   6.247   7.297   8.103
          15.000  -0.000   0.819   1.604   2.420   3.252   4.896   6.215   7.268   8.081
          15.100  -0.000   0.803   1.583   2.396   3.228   4.866   6.187   7.243   8.062
          15.200  -0.000   0.789   1.564   2.375   3.207   4.840   6.161   7.220   8.045
          15.300  -0.000   0.777   1.548   2.356   3.188   4.818   6.140   7.200   8.031
          15.400  -0.000   0.766   1.535   2.340   3.173   4.799   6.122   7.183   8.019
          15.500  -0.000   0.758   1.525   2.328   3.160   4.785   6.107   7.170   8.010
          15.600  -0.000   0.752   1.517   2.318   3.150   4.774   6.096   7.159   8.002
          15.700  -0.000   0.748   1.512   2.311   3.143   4.766   6.087   7.152   7.997
          15.800  -0.000   0.746   1.509   2.306   3.138   4.761   6.082   7.146   7.993
          15.900  -0.000   0.745   1.508   2.303   3.135   4.759   6.080   7.143   7.990
          16.000  -0.000   0.744   1.507   2.301   3.133   4.758   6.078   7.141   7.988
          16.100  -0.000   0.744   1.507   2.299   3.130   4.757   6.076   7.139   7.987
          16.200  -0.000   0.744   1.507   2.297   3.128   4.756   6.074   7.137   7.986
          16.300  -0.000   0.743   1.506   2.295   3.126   4.755   6.072   7.134   7.984
          16.400  -0.000   0.743   1.506   2.294   3.124   4.754   6.070   7.132   7.982
          16.500  -0.000   0.743   1.506   2.293   3.123   4.753   6.069   7.130   7.980
          16.600  -0.000   0.743   1.506   2.291   3.121   4.751   6.067   7.128   7.979
          16.700  -0.000   0.743   1.506   2.290   3.119   4.750   6.065   7.125   7.977
          16.800  -0.000   0.743   1.506   2.290   3.117   4.749   6.063   7.123   7.975
          16.900  -0.000   0.743   1.507   2.289   3.116   4.749   6.061   7.120   7.973
          17.000  -0.000   0.744   1.507   2.289   3.115   4.748   6.059   7.118   7.971
          17.100  -0.000   0.744   1.507   2.288   3.113   4.747   6.058   7.116   7.970
          17.200  -0.000   0.745   1.508   2.288   3.112   4.746   6.056   7.114   7.968
          17.300  -0.000   0.746   1.508   2.289   3.111   4.745   6.054   7.111   7.966
          17.400  -0.000   0.747   1.509   2.289   3.110   4.744   6.052   7.109   7.964
          17.500  -0.000   0.748   1.510   2.289   3.109   4.743   6.050   7.107   7.963
          17.600  -0.000   0.749   1.510   2.290   3.108   4.742   6.048   7.105   7.961
          17.700  -0.000   0.750   1.511   2.291   3.108   4.741   6.047   7.104   7.959
          17.800  -0.000   0.751   1.512   2.292   3.107   4.741   6.045   7.101   7.957
          17.900  -0.000   0.753   1.513   2.293   3.107   4.740   6.043   7.099   7.956
          18.000  -0.000   0.754   1.514   2.294   3.107   4.739   6.041   7.097   7.954
          18.100  -0.000   0.755   1.516   2.295   3.107   4.738   6.039   7.095   7.952
          18.200  -0.000   0.756   1.517   2.297   3.107   4.738   6.037   7.093   7.950
          18.300  -0.000   0.758   1.519   2.298   3.107   4.737   6.035   7.091   7.949
          18.400  -0.000   0.759   1.520   2.300   3.108   4.736   6.033   7.089   7.947
          18.500  -0.000   0.760   1.522   2.302   3.108   4.735   6.031   7.087   7.945
          18.600  -0.000   0.762   1.524   2.304   3.110   4.735   6.029   7.085   7.943
          18.700  -0.000   0.763   1.525   2.306   3.111   4.734   6.028   7.083   7.942
          18.800  -0.000   0.764   1.527   2.308   3.112   4.733   6.026   7.081   7.940
          18.900  -0.000   0.766   1.529   2.310   3.113   4.733   6.024   7.079   7.938
          19.000  -0.000   0.767   1.532   2.311   3.114   4.733   6.022   7.077   7.937
          19.100  -0.000   0.768   1.534   2.314   3.116   4.732   6.020   7.075   7.935
          19.200  -0.000   0.770   1.537   2.316   3.118   4.731   6.018   7.073   7.933
          19.300  -0.000   0.771   1.538   2.318   3.120   4.731   6.016   7.071   7.931
          19.400  -0.000   0.772   1.542   2.320   3.121   4.730   6.014   7.069   7.930
          19.500  -0.000   0.774   1.544   2.324   3.124   4.729   6.012   7.067   7.928
          19.600  -0.000   0.775   1.547   2.326   3.126   4.729   6.010   7.065   7.926
          19.700  -0.000   0.777   1.550   2.329   3.129   4.728   6.008   7.063   7.925
          19.800  -0.000   0.778   1.553   2.332   3.132   4.728   6.006   7.061   7.923
          19.900  -0.000   0.780   1.556   2.335   3.135   4.727   6.004   7.060   7.921
          20.000  -0.000   0.781   1.559   2.338   3.138   4.727   6.002   7.058   7.920
          20.100  -0.000   0.782   1.562   2.342   3.141   4.726   6.000   7.056   7.918
          20.200  -0.000   0.784   1.565   2.345   3.145   4.726   5.998   7.054   7.916
          20.300  -0.000   0.785   1.568   2.349   3.148   4.725   5.996   7.052   7.915
          20.400  -0.000   0.787   1.571   2.352   3.152   4.723   5.994   7.051   7.913
          20.500  -0.000   0.788   1.574   2.356   3.155   4.724   5.993   7.049   7.912
          20.600  -0.000   0.790   1.577   2.360   3.159   4.724   5.992   7.048   7.910
          20.700  -0.000   0.791   1.580   2.364   3.163   4.724   5.990   7.046   7.908
          20.800  -0.000   0.793   1.583   2.368   3.167   4.723   5.988   7.044   7.907
          20.900  -0.000   0.795   1.586   2.372   3.172   4.723   5.986   7.043   7.905
          21.000  -0.000   0.796   1.589   2.376   3.176   4.723   5.985   7.041   7.904
          21.100  -0.000   0.798   1.592   2.379   3.180   4.722   5.983   7.039   7.902
          21.200  -0.000   0.799   1.596   2.385   3.185   4.722   5.981   7.038   7.901
          21.300  -0.000   0.801   1.599   2.390   3.189   4.722   5.979   7.036   7.899
          21.400  -0.000   0.803   1.602   2.395   3.193   4.721   5.974   7.034   7.898
          21.500  -0.000   0.804   1.605   2.400   3.198   4.721   5.976   7.033   7.896
          21.600  -0.000   0.806   1.608   2.404   3.202   4.721   5.974   7.031   7.895
          21.700  -0.000   0.807   1.612   2.409   3.205   4.721   5.972   7.029   7.893
          21.800  -0.000   0.809   1.615   2.414   3.211   4.720   5.970   7.028   7.892
          21.900  -0.000   0.811   1.618   2.419   3.216   4.720   5.969   7.026   7.890
          22.000  -0.000   0.812   1.622   2.424   3.221   4.720   5.967   7.024   7.889
          22.100  -0.000   0.814   1.625   2.429   3.225   4.720   5.965   7.023   7.888
          22.200  -0.000   0.816   1.628   2.434   3.230   4.720   5.964   7.021   7.886
          22.300  -0.000   0.818   1.632   2.439   3.232   4.720   5.962   7.020   7.885
          22.400  -0.000   0.819   1.635   2.445   3.239   4.720   5.960   7.018   7.884
          22.500  -0.000   0.821   1.639   2.450   3.243   4.720   5.959   7.017   7.883
          22.600  -0.000   0.823   1.642   2.455   3.248   4.720   5.957   7.015   7.882
          22.700  -0.000   0.825   1.646   2.460   3.253   4.720   5.956   7.014   7.880
          22.800  -0.000   0.826   1.649   2.465   3.257   4.720   5.954   7.013   7.879
          22.900  -0.000   0.828   1.653   2.471   3.262   4.720   5.953   7.011   7.878
          23.000  -0.000   0.830   1.656   2.476   3.266   4.721   5.951   7.010   7.877
          23.100  -0.000   0.832   1.660   2.481   3.271   4.721   5.950   7.009   7.876
          23.200  -0.000   0.833   1.664   2.486   3.275   4.721   5.949   7.007   7.876
          23.300  -0.000   0.835   1.667   2.491   3.279   4.722   5.947   7.006   7.875
          23.400  -0.000   0.837   1.671   2.496   3.284   4.722   5.946   7.005   7.874
          23.500  -0.000   0.839   1.675   2.501   3.288   4.722   5.945   7.004   7.873
          23.600  -0.000   0.841   1.678   2.505   3.292   4.723   5.944   7.003   7.872
          23.700  -0.000   0.843   1.682   2.510   3.296   4.723   5.943   7.002   7.871
          23.800  -0.000   0.845   1.686   2.514   3.300   4.724   5.942   7.002   7.871
          23.900  -0.000   0.846   1.689   2.518   3.303   4.724   5.941   7.001   7.870
          24.000  -0.000   0.848   1.693   2.522   3.307   4.725   5.940   7.000   7.870
          24.100  -0.000   0.850   1.697   2.526   3.310   4.725   5.939   7.000   7.869
          24.200  -0.000   0.852   1.701   2.530   3.313   4.726   5.938   6.999   7.869
          24.300  -0.000   0.854   1.705   2.533   3.316   4.726   5.938   6.998   7.868
          24.400  -0.000   0.856   1.709   2.537   3.319   4.726   5.937   6.997   7.868
          24.500  -0.000   0.858   1.713   2.540   3.322   4.727   5.937   6.997   7.868
          24.600  -0.000   0.860   1.716   2.543   3.324   4.727   5.937   6.996   7.868
          24.700  -0.000   0.862   1.720   2.546   3.327   4.727   5.937   6.996   7.867
          24.800  -0.000   0.864   1.724   2.549   3.329   4.727   5.937   6.995   7.867
          24.900  -0.000   0.866   1.728   2.551   3.330   4.728   5.938   6.995   7.868
          25.000  -0.000   0.868   1.731   2.553   3.332   4.728   5.938   6.995   7.868
          25.100  -0.000   0.870   1.734   2.555   3.333   4.728   5.939   6.995   7.868
          25.200  -0.000   0.872   1.737   2.557   3.334   4.727   5.942   6.995   7.868
          25.300  -0.000   0.874   1.740   2.559   3.335   4.727   5.943   6.995   7.869
          25.400  -0.000   0.876   1.743   2.560   3.336   4.727   5.944   6.995   7.870
          25.500  -0.000   0.878   1.745   2.561   3.336   4.727   5.946   6.996   7.870
          25.600  -0.000   0.880   1.747   2.562   3.336   4.726   5.948   6.996   7.871
          25.700  -0.000   0.882   1.749   2.562   3.336   4.725   5.949   6.997   7.872
          25.800  -0.000   0.884   1.750   2.562   3.336   4.725   5.950   6.999   7.873
          25.900  -0.000   0.886   1.751   2.562   3.335   4.724   5.952   7.000   7.875
          26.000  -0.000   0.889   1.752   2.561   3.334   4.723   5.953   7.002   7.876


        KN AS A FUNCTION OF DRAUGHT AND HEELING ANGLE
        INITIAL TRIM:  6.00 M                                        UNIT:     m
        ========================================================================

         INITIAL     HEELING ANGLE (DEGREES)
         DRAUGHT     0.0     5.0    10.0    15.0    20.0    30.0    40.0    50.0    60.0
           0.000  -0.002   6.847   9.325  10.667  11.548  12.603  13.156  13.427  13.560
           0.100  -0.002   6.826   9.362  10.739  11.642  12.727  13.295  13.529  13.573
           0.200  -0.002   6.792   9.385  10.796  11.720  12.835  13.416  13.612  13.580
           0.300  -0.001   6.747   9.396  10.840  11.785  12.927  13.520  13.679  13.583
           0.400  -0.001   6.694   9.398  10.873  11.838  13.006  13.609  13.734  13.582
           0.500  -0.001   6.634   9.392  10.898  11.882  13.074  13.684  13.779  13.580
           0.600  -0.001   6.567   9.378  10.913  11.917  13.132  13.748  13.814  13.576
           0.700  -0.001   6.494   9.357  10.922  11.945  13.181  13.800  13.842  13.571
           0.800  -0.001   6.415   9.331  10.924  11.965  13.224  13.844  13.864  13.566
           0.900  -0.001   6.332   9.298  10.920  11.981  13.261  13.881  13.881  13.560
           1.000  -0.001   6.243   9.260  10.911  11.990  13.293  13.912  13.893  13.554
           1.100  -0.001   6.150   9.216  10.896  11.994  13.320  13.937  13.902  13.547
           1.200  -0.001   6.052   9.167  10.876  11.994  13.342  13.958  13.908  13.541
           1.300  -0.001   5.951   9.113  10.851  11.988  13.361  13.975  13.913  13.536
           1.400  -0.001   5.845   9.052  10.820  11.978  13.376  13.988  13.915  13.531
           1.500  -0.001   5.735   8.986  10.785  11.963  13.388  13.997  13.916  13.527
           1.600  -0.001   5.622   8.913  10.743  11.943  13.394  14.003  13.915  13.523
           1.700  -0.001   5.505   8.833  10.695  11.916  13.396  14.004  13.911  13.520
           1.800  -0.001   5.384   8.746  10.641  11.883  13.392  14.000  13.905  13.519
           1.900  -0.001   5.262   8.652  10.580  11.844  13.383  13.992  13.897  13.518
           2.000  -0.001   5.138   8.553  10.514  11.800  13.368  13.979  13.887  13.518
           2.100  -0.001   5.015   8.451  10.444  11.753  13.349  13.963  13.874  13.518
           2.200  -0.001   4.892   8.345  10.370  11.701  13.327  13.944  13.860  13.518
           2.300  -0.001   4.771   8.235  10.293  11.647  13.300  13.923  13.845  13.517
           2.400  -0.001   4.651   8.124  10.213  11.589  13.270  13.898  13.828  13.516
           2.500  -0.001   4.534   8.010  10.131  11.530  13.238  13.872  13.810  13.514
           2.600  -0.001   4.420   7.896  10.048  11.469  13.204  13.844  13.791  13.510
           2.700  -0.001   4.309   7.781   9.963  11.407  13.168  13.814  13.771  13.506
           2.800  -0.001   4.201   7.664   9.877  11.343  13.130  13.782  13.750  13.500
           2.900  -0.001   4.097   7.548   9.790  11.279  13.089  13.749  13.728  13.493
           3.000  -0.001   3.997   7.432   9.703  11.214  13.048  13.715  13.706  13.486
           3.100  -0.001   3.902   7.316   9.615  11.149  13.004  13.680  13.683  13.477
           3.200  -0.001   3.811   7.202   9.527  11.083  12.960  13.643  13.660  13.467
           3.300  -0.001   3.725   7.089   9.439  11.017  12.914  13.606  13.636  13.456
           3.400  -0.001   3.643   6.977   9.351  10.950  12.866  13.567  13.612  13.443
           3.500  -0.001   3.566   6.866   9.262  10.883  12.818  13.528  13.587  13.430
           3.600  -0.001   3.492   6.758   9.173  10.817  12.768  13.487  13.562  13.415
           3.700  -0.001   3.422   6.652   9.084  10.751  12.718  13.445  13.536  13.400
           3.800  -0.001   3.355   6.548   8.995  10.684  12.666  13.403  13.510  13.385
           3.900  -0.001   3.291   6.447   8.906  10.618  12.613  13.359  13.484  13.367
           4.000  -0.001   3.230   6.348   8.818  10.552  12.559  13.315  13.457  13.349
           4.100  -0.001   3.172   6.251   8.731  10.485  12.505  13.270  13.430  13.329
           4.200  -0.001   3.116   6.156   8.645  10.419  12.449  13.224  13.402  13.309
           4.300  -0.001   3.063   6.064   8.559  10.351  12.392  13.178  13.374  13.287
           4.400  -0.001   3.012   5.974   8.474  10.283  12.334  13.131  13.345  13.264
           4.500  -0.001   2.964   5.887   8.389  10.215  12.276  13.083  13.316  13.241
           4.600  -0.001   2.917   5.802   8.306  10.147  12.217  13.034  13.286  13.216
           4.700  -0.001   2.873   5.720   8.224  10.078  12.157  12.985  13.256  13.192
           4.800  -0.001   2.831   5.641   8.143  10.009  12.096  12.936  13.225  13.168
           4.900  -0.001   2.790   5.564   8.063   9.939  12.034  12.886  13.193  13.143
           5.000  -0.001   2.751   5.490   7.984   9.870  11.972  12.835  13.161  13.117
           5.100  -0.001   2.714   5.418   7.906   9.801  11.909  12.783  13.128  13.091
           5.200  -0.001   2.678   5.349   7.829   9.731  11.845  12.731  13.095  13.064
           5.300  -0.001   2.643   5.282   7.754   9.662  11.780  12.678  13.060  13.037
           5.400  -0.001   2.610   5.217   7.679   9.592  11.715  12.625  13.025  13.009
           5.500  -0.001   2.579   5.155   7.606   9.522  11.648  12.571  12.989  12.981
           5.600  -0.001   2.548   5.094   7.534   9.452  11.581  12.516  12.952  12.952
           5.700  -0.001   2.519   5.036   7.463   9.382  11.514  12.460  12.915  12.923
           5.800  -0.001   2.490   4.980   7.393   9.312  11.445  12.403  12.877  12.893
           5.900  -0.001   2.463   4.926   7.324   9.241  11.377  12.346  12.838  12.863
           6.000  -0.001   2.436   4.873   7.257   9.170  11.307  12.289  12.798  12.833
           6.100  -0.001   2.411   4.823   7.190   9.099  11.237  12.231  12.758  12.803
           6.200  -0.001   2.386   4.773   7.123   9.027  11.167  12.173  12.717  12.772
           6.300  -0.000   2.362   4.726   7.058   8.955  11.095  12.114  12.675  12.741
           6.400  -0.000   2.338   4.680   6.994   8.883  11.023  12.055  12.633  12.709
           6.500  -0.000   2.316   4.636   6.930   8.811  10.951  11.996  12.591  12.676
           6.600  -0.000   2.294   4.593   6.868   8.738  10.878  11.937  12.548  12.643
           6.700  -0.000   2.272   4.552   6.806   8.665  10.804  11.876  12.505  12.609
           6.800  -0.000   2.252   4.512   6.744   8.591  10.730  11.816  12.462  12.575
           6.900  -0.000   2.232   4.473   6.684   8.517  10.655  11.755  12.417  12.541
           7.000  -0.000   2.213   4.436   6.624   8.443  10.579  11.694  12.372  12.506
           7.100  -0.000   2.195   4.400   6.566   8.369  10.503  11.633  12.327  12.471
           7.200  -0.000   2.177   4.365   6.508   8.294  10.427  11.571  12.280  12.436
           7.300  -0.000   2.159   4.331   6.450   8.220  10.350  11.509  12.233  12.400
           7.400  -0.000   2.143   4.298   6.393   8.145  10.273  11.447  12.185  12.364
           7.500  -0.000   2.127   4.266   6.337   8.070  10.196  11.385  12.136  12.327
           7.600  -0.000   2.111   4.235   6.281   7.995  10.118  11.323  12.087  12.289
           7.700  -0.000   2.097   4.205   6.225   7.919  10.040  11.262  12.036  12.250
           7.800  -0.000   2.082   4.176   6.170   7.844   9.962  11.200  11.984  12.209
           7.900  -0.000   2.068   4.147   6.115   7.768   9.883  11.138  11.932  12.167
           8.000  -0.000   2.055   4.119   6.061   7.693   9.804  11.076  11.879  12.123
           8.100  -0.000   2.042   4.091   6.006   7.617   9.725  11.014  11.826  12.077
           8.200  -0.000   2.030   4.064   5.952   7.541   9.646  10.952  11.772  12.030
           8.300  -0.000   2.018   4.036   5.898   7.465   9.566  10.889  11.718  11.980
           8.400  -0.000   2.006   4.009   5.845   7.389   9.486  10.827  11.663  11.929
           8.500  -0.000   1.995   3.982   5.791   7.313   9.407  10.763  11.609  11.877
           8.600  -0.000   1.984   3.955   5.737   7.237   9.326  10.700  11.553  11.823
           8.700  -0.000   1.973   3.929   5.684   7.161   9.246  10.636  11.498  11.768
           8.800  -0.000   1.963   3.902   5.630   7.085   9.166  10.571  11.442  11.712
           8.900  -0.000   1.953   3.874   5.576   7.009   9.085  10.507  11.386  11.655
           9.000  -0.000   1.943   3.847   5.522   6.933   9.003  10.441  11.329  11.596
           9.100  -0.000   1.934   3.819   5.468   6.857   8.922  10.375  11.272  11.537
           9.200  -0.000   1.925   3.791   5.414   6.781   8.840  10.308  11.215  11.476
           9.300  -0.000   1.916   3.762   5.360   6.704   8.758  10.241  11.157  11.415
           9.400  -0.000   1.908   3.733   5.305   6.628   8.676  10.173  11.098  11.353
           9.500  -0.000   1.899   3.703   5.250   6.552   8.593  10.105  11.039  11.292
           9.600  -0.000   1.891   3.673   5.195   6.476   8.510  10.036  10.979  11.230
           9.700  -0.000   1.882   3.642   5.140   6.400   8.427   9.966  10.918  11.167
           9.800  -0.000   1.874   3.610   5.084   6.325   8.344   9.896  10.855  11.104
           9.900  -0.000   1.864   3.578   5.028   6.250   8.260   9.825  10.791  11.041
          10.000  -0.000   1.855   3.544   4.971   6.175   8.177   9.753  10.726  10.977
          10.100  -0.000   1.844   3.510   4.915   6.100   8.094   9.681  10.659  10.913
          10.200  -0.000   1.833   3.475   4.857   6.025   8.010   9.608  10.590  10.848
          10.300  -0.000   1.822   3.438   4.800   5.951   7.926   9.535  10.520  10.785
          10.400  -0.000   1.809   3.401   4.741   5.877   7.843   9.460  10.449  10.720
          10.500  -0.000   1.795   3.363   4.683   5.803   7.760   9.385  10.376  10.655
          10.600  -0.000   1.780   3.324   4.623   5.729   7.676   9.309  10.301  10.589
          10.700  -0.000   1.763   3.284   4.563   5.656   7.594   9.232  10.224  10.523
          10.800  -0.000   1.746   3.243   4.503   5.583   7.511   9.155  10.146  10.457
          10.900  -0.000   1.727   3.201   4.442   5.511   7.429   9.077  10.066  10.391
          11.000  -0.000   1.707   3.159   4.382   5.439   7.348   8.999   9.986  10.325
          11.100  -0.000   1.687   3.116   4.322   5.368   7.268   8.921   9.906  10.259
          11.200  -0.000   1.665   3.074   4.262   5.298   7.188   8.843   9.826  10.192
          11.300  -0.000   1.643   3.032   4.203   5.229   7.110   8.764   9.746  10.126
          11.400  -0.000   1.621   2.990   4.145   5.161   7.033   8.687   9.665  10.059
          11.500  -0.000   1.599   2.949   4.088   5.095   6.958   8.609   9.584   9.993
          11.600  -0.000   1.577   2.909   4.032   5.030   6.883   8.532   9.504   9.927
          11.700  -0.000   1.554   2.869   3.977   4.966   6.810   8.456   9.424   9.861
          11.800  -0.000   1.532   2.830   3.923   4.903   6.738   8.379   9.345   9.795
          11.900  -0.000   1.509   2.791   3.870   4.841   6.667   8.302   9.266   9.730
          12.000  -0.000   1.487   2.752   3.817   4.780   6.597   8.225   9.188   9.665
          12.100  -0.000   1.465   2.713   3.765   4.720   6.528   8.147   9.109   9.600
          12.200  -0.000   1.443   2.675   3.713   4.660   6.460   8.070   9.031   9.535
          12.300  -0.000   1.421   2.636   3.662   4.601   6.392   7.992   8.954   9.470
          12.400  -0.000   1.400   2.597   3.611   4.543   6.326   7.914   8.877   9.407
          12.500  -0.000   1.379   2.558   3.560   4.485   6.260   7.836   8.801   9.343
          12.600  -0.000   1.358   2.520   3.510   4.428   6.196   7.758   8.726   9.280
          12.700  -0.000   1.337   2.481   3.460   4.371   6.132   7.681   8.651   9.217
          12.800  -0.000   1.317   2.442   3.411   4.315   6.069   7.603   8.576   9.155
          12.900  -0.000   1.296   2.403   3.361   4.259   6.007   7.526   8.503   9.093
          13.000  -0.000   1.276   2.364   3.312   4.204   5.945   7.450   8.430   9.032
          13.100  -0.000   1.256   2.326   3.263   4.150   5.885   7.375   8.358   8.972
          13.200  -0.000   1.236   2.287   3.215   4.096   5.826   7.301   8.287   8.912
          13.300  -0.000   1.216   2.248   3.167   4.043   5.768   7.229   8.218   8.853
          13.400  -0.000   1.195   2.210   3.119   3.991   5.711   7.159   8.150   8.796
          13.500  -0.000   1.175   2.171   3.072   3.939   5.655   7.090   8.083   8.739
          13.600  -0.000   1.154   2.132   3.025   3.888   5.601   7.023   8.018   8.684
          13.700  -0.000   1.133   2.094   2.979   3.838   5.548   6.958   7.954   8.631
          13.800  -0.000   1.112   2.056   2.934   3.790   5.496   6.894   7.893   8.580
          13.900  -0.000   1.090   2.018   2.889   3.742   5.446   6.832   7.831   8.531
          14.000  -0.000   1.068   1.980   2.845   3.695   5.398   6.772   7.774   8.484
          14.100  -0.000   1.046   1.943   2.802   3.650   5.351   6.714   7.718   8.439
          14.200  -0.000   1.024   1.907   2.760   3.605   5.305   6.658   7.665   8.396
          14.300  -0.000   1.002   1.871   2.719   3.563   5.260   6.603   7.615   8.355
          14.400  -0.000   0.980   1.837   2.680   3.521   5.215   6.551   7.566   8.316
          14.500  -0.000   0.958   1.803   2.641   3.481   5.172   6.501   7.521   8.280
          14.600  -0.000   0.937   1.770   2.604   3.443   5.130   6.453   7.478   8.246
          14.700  -0.000   0.916   1.739   2.569   3.407   5.089   6.408   7.437   8.214
          14.800  -0.000   0.896   1.709   2.535   3.372   5.049   6.365   7.399   8.184
          14.900  -0.000   0.876   1.680   2.503   3.339   5.011   6.325   7.363   8.156
          15.000  -0.000   0.857   1.654   2.473   3.308   4.974   6.288   7.330   8.130
          15.100  -0.000   0.839   1.629   2.445   3.280   4.939   6.254   7.300   8.106
          15.200  -0.000   0.823   1.607   2.420   3.254   4.907   6.223   7.272   8.085
          15.300  -0.000   0.808   1.587   2.397   3.231   4.879   6.195   7.247   8.066
          15.400  -0.000   0.794   1.570   2.376   3.210   4.853   6.171   7.225   8.050
          15.500  -0.000   0.782   1.554   2.358   3.192   4.831   6.149   7.205   8.035
          15.600  -0.000   0.772   1.542   2.343   3.176   4.812   6.131   7.188   8.023
          15.700  -0.000   0.764   1.532   2.330   3.163   4.797   6.115   7.174   8.013
          15.800  -0.000   0.758   1.524   2.320   3.153   4.785   6.104   7.163   8.005
          15.900  -0.000   0.753   1.519   2.313   3.145   4.776   6.094   7.155   7.999
          16.000  -0.000   0.750   1.515   2.307   3.139   4.770   6.088   7.149   7.994
          16.100  -0.000   0.749   1.514   2.304   3.135   4.767   6.084   7.144   7.991
          16.200  -0.000   0.748   1.513   2.302   3.133   4.766   6.082   7.142   7.989
          16.300  -0.000   0.748   1.513   2.301   3.132   4.765   6.080   7.140   7.987
          16.400  -0.000   0.748   1.513   2.300   3.130   4.764   6.078   7.137   7.985
          16.500  -0.000   0.747   1.513   2.299   3.128   4.763   6.077   7.135   7.984
          16.600  -0.000   0.747   1.513   2.298   3.126   4.762   6.075   7.133   7.982
          16.700  -0.000   0.747   1.513   2.297   3.125   4.761   6.073   7.130   7.980
          16.800  -0.000   0.747   1.513   2.297   3.123   4.760   6.071   7.128   7.978
          16.900  -0.000   0.747   1.514   2.297   3.122   4.759   6.069   7.126   7.977
          17.000  -0.000   0.747   1.514   2.296   3.121   4.758   6.067   7.123   7.975
          17.100  -0.000   0.748   1.514   2.297   3.120   4.757   6.065   7.121   7.973
          17.200  -0.000   0.748   1.515   2.297   3.119   4.756   6.063   7.119   7.971
          17.300  -0.000   0.749   1.515   2.297   3.118   4.755   6.062   7.117   7.969
          17.400  -0.000   0.749   1.516   2.298   3.117   4.754   6.060   7.114   7.968
          17.500  -0.000   0.750   1.517   2.298   3.117   4.753   6.058   7.113   7.966
          17.600  -0.000   0.751   1.517   2.299   3.116   4.753   6.056   7.111   7.964
          17.700  -0.000   0.753   1.518   2.300   3.116   4.752   6.054   7.109   7.962
          17.800  -0.000   0.754   1.519   2.301   3.115   4.751   6.052   7.107   7.961
          17.900  -0.000   0.755   1.521   2.302   3.115   4.750   6.050   7.105   7.959
          18.000  -0.000   0.756   1.522   2.304   3.115   4.750   6.048   7.102   7.957
          18.100  -0.000   0.757   1.523   2.306   3.116   4.749   6.046   7.100   7.955
          18.200  -0.000   0.759   1.523   2.307   3.116   4.748   6.044   7.098   7.954
          18.300  -0.000   0.760   1.525   2.308   3.117   4.747   6.042   7.096   7.952
          18.400  -0.000   0.761   1.527   2.310   3.118   4.747   6.041   7.094   7.950
          18.500  -0.000   0.762   1.528   2.312   3.119   4.746   6.039   7.092   7.948
          18.600  -0.000   0.764   1.530   2.313   3.120   4.745   6.037   7.090   7.947
          18.700  -0.000   0.765   1.531   2.315   3.121   4.745   6.035   7.088   7.945
          18.800  -0.000   0.767   1.533   2.317   3.122   4.745   6.033   7.086   7.943
          18.900  -0.000   0.768   1.535   2.319   3.123   4.744   6.031   7.084   7.941
          19.000  -0.000   0.769   1.537   2.321   3.125   4.743   6.029   7.082   7.940
          19.100  -0.000   0.771   1.540   2.324   3.127   4.742   6.027   7.080   7.938
          19.200  -0.000   0.772   1.542   2.326   3.129   4.742   6.025   7.078   7.936
          19.300  -0.000   0.773   1.544   2.329   3.131   4.741   6.023   7.076   7.934
          19.400  -0.000   0.775   1.547   2.331   3.133   4.741   6.021   7.074   7.933
          19.500  -0.000   0.776   1.550   2.334   3.136   4.740   6.019   7.072   7.931
          19.600  -0.000   0.778   1.552   2.337   3.139   4.739   6.017   7.071   7.929
          19.700  -0.000   0.779   1.555   2.339   3.140   4.739   6.015   7.069   7.928
          19.800  -0.000   0.781   1.558   2.342   3.144   4.738   6.013   7.067   7.926
          19.900  -0.000   0.782   1.561   2.345   3.148   4.738   6.011   7.065   7.924
          20.000  -0.000   0.784   1.564   2.348   3.151   4.737   6.009   7.063   7.923
          20.100  -0.000   0.785   1.567   2.352   3.154   4.737   6.007   7.062   7.921
          20.200  -0.000   0.787   1.571   2.355   3.158   4.736   6.005   7.060   7.919
          20.300  -0.000   0.788   1.573   2.358   3.161   4.736   6.004   7.057   7.918
          20.400  -0.000   0.790   1.576   2.362   3.165   4.735   6.002   7.057   7.916
          20.500  -0.000   0.791   1.580   2.366   3.169   4.735   6.001   7.055   7.914
          20.600  -0.000   0.793   1.582   2.369   3.173   4.735   5.999   7.053   7.913
          20.700  -0.000   0.794   1.585   2.373   3.177   4.734   5.997   7.052   7.911
          20.800  -0.000   0.796   1.588   2.377   3.181   4.734   5.995   7.050   7.910
          20.900  -0.000   0.797   1.592   2.381   3.185   4.733   5.993   7.048   7.908
          21.000  -0.000   0.798   1.594   2.386   3.189   4.733   5.991   7.046   7.907
          21.100  -0.000   0.801   1.598   2.390   3.194   4.733   5.989   7.045   7.905
          21.200  -0.000   0.802   1.601   2.394   3.198   4.732   5.988   7.043   7.903
          21.300  -0.000   0.804   1.604   2.399   3.202   4.732   5.986   7.041   7.902
          21.400  -0.000   0.805   1.608   2.404   3.207   4.732   5.981   7.039   7.900
          21.500  -0.000   0.807   1.611   2.408   3.211   4.731   5.982   7.038   7.899
          21.600  -0.000   0.809   1.614   2.413   3.215   4.731   5.980   7.036   7.897
          21.700  -0.000   0.810   1.617   2.418   3.219   4.731   5.979   7.035   7.896
          21.800  -0.000   0.812   1.621   2.423   3.224   4.731   5.976   7.033   7.895
          21.900  -0.000   0.814   1.624   2.428   3.228   4.731   5.975   7.031   7.893
          22.000  -0.000   0.815   1.626   2.433   3.232   4.730   5.974   7.030   7.892
          22.100  -0.000   0.817   1.631   2.437   3.237   4.730   5.972   7.028   7.891
          22.200  -0.000   0.819   1.634   2.443   3.241   4.730   5.970   7.027   7.889
          22.300  -0.000   0.821   1.638   2.448   3.243   4.730   5.969   7.025   7.888
          22.400  -0.000   0.822   1.641   2.454   3.250   4.730   5.967   7.024   7.887
          22.500  -0.000   0.824   1.645   2.459   3.254   4.730   5.965   7.022   7.886
          22.600  -0.000   0.826   1.648   2.464   3.258   4.730   5.964   7.021   7.885
          22.700  -0.000   0.828   1.652   2.469   3.262   4.730   5.962   7.019   7.884
          22.800  -0.000   0.829   1.655   2.475   3.266   4.731   5.961   7.018   7.883
          22.900  -0.000   0.831   1.659   2.480   3.271   4.731   5.959   7.017   7.882
          23.000  -0.000   0.833   1.663   2.485   3.275   4.731   5.958   7.015   7.881
          23.100  -0.000   0.835   1.666   2.490   3.279   4.731   5.957   7.014   7.880
          23.200  -0.000   0.837   1.670   2.495   3.283   4.731   5.955   7.013   7.879
          23.300  -0.000   0.839   1.674   2.499   3.287   4.732   5.954   7.012   7.878
          23.400  -0.000   0.840   1.677   2.504   3.291   4.732   5.953   7.011   7.877
          23.500  -0.000   0.842   1.681   2.508   3.295   4.732   5.952   7.011   7.877
          23.600  -0.000   0.844   1.685   2.513   3.298   4.733   5.951   7.010   7.876
          23.700  -0.000   0.846   1.689   2.517   3.302   4.733   5.950   7.009   7.875
          23.800  -0.000   0.848   1.692   2.521   3.305   4.733   5.949   7.008   7.875
          23.900  -0.000   0.850   1.696   2.525   3.309   4.734   5.948   7.007   7.874
          24.000  -0.000   0.852   1.700   2.529   3.312   4.734   5.947   7.006   7.874
          24.100  -0.000   0.854   1.704   2.532   3.315   4.734   5.946   7.005   7.873
          24.200  -0.000   0.856   1.708   2.536   3.318   4.735   5.946   7.004   7.873
          24.300  -0.000   0.858   1.712   2.539   3.320   4.735   5.945   7.004   7.873
          24.400  -0.000   0.860   1.715   2.542   3.323   4.735   5.945   7.003   7.872
          24.500  -0.000   0.861   1.719   2.545   3.325   4.735   5.945   7.003   7.872
          24.600  -0.000   0.863   1.723   2.548   3.327   4.735   5.945   7.002   7.872
          24.700  -0.000   0.865   1.727   2.550   3.329   4.735   5.945   7.002   7.872
          24.800  -0.000   0.867   1.730   2.552   3.331   4.735   5.945   7.001   7.872
          24.900  -0.000   0.869   1.733   2.554   3.332   4.734   5.946   7.001   7.872
          25.000  -0.000   0.872   1.737   2.556   3.333   4.734   5.948   7.001   7.873
          25.100  -0.000   0.874   1.739   2.558   3.334   4.734   5.949   7.001   7.873
          25.200  -0.000   0.876   1.742   2.559   3.334   4.733   5.950   7.001   7.874
          25.300  -0.000   0.878   1.744   2.560   3.335   4.733   5.951   7.002   7.875
          25.400  -0.000   0.880   1.746   2.561   3.335   4.732   5.953   7.002   7.875
          25.500  -0.000   0.882   1.748   2.561   3.335   4.732   5.954   7.003   7.876
          25.600  -0.000   0.884   1.749   2.561   3.335   4.731   5.955   7.004   7.878
          25.700  -0.000   0.886   1.751   2.561   3.335   4.730   5.956   7.005   7.879
          25.800  -0.000   0.888   1.751   2.560   3.334   4.729   5.957   7.007   7.880
          25.900  -0.000   0.890   1.752   2.559   3.333   4.728   5.958   7.009   7.882
          26.000  -0.000   0.892   1.752   2.558   3.332   4.727   5.960   7.011   7.883