--------------- total displacement  t --------------- 

      trim   -2.000   -1.000    0.000    1.000    2.000    3.000    4.000    5.000    6.000
   draught
     0.000    814.4    408.1     90.3    526.1   1038.2   1577.0   2137.6   2717.0   3313.1
     0.200   1471.5   1144.7   1144.1   1317.0   1742.0   2260.0   2815.2   3394.7   3991.9
     0.400   2324.3   2183.1   2246.7   2381.0   2636.8   3072.5   3591.3   4152.1   4734.6
     0.600   3349.6   3318.0   3382.6   3505.6   3701.4   4014.7   4465.7   4987.8   5541.8
     0.800   4483.6   4483.9   4546.1   4661.0   4832.3   5079.9   5438.6   5900.2   6414.3
     1.000   5669.7   5674.7   5733.0   5841.2   5997.2   6216.5   6505.7   6889.2   7352.6
     1.200   6881.8   6887.3   6941.6   7042.8   7188.4   7385.8   7641.2   7954.0   8356.6
     1.400   8115.7   8118.8   8169.4   8263.3   8400.5   8580.0   8808.3   9083.3   9425.7
     1.600   9368.3   9368.4   9414.5   9501.9   9630.1   9795.3   9998.4  10250.2  10553.6
     1.800  10638.1  10634.9  10674.8  10756.4  10876.0  11026.3  11208.9  11441.5  11723.6
     2.000  11923.1  11916.2  11950.5  12025.5  12135.1  12270.8  12438.9  12653.2  12919.3
     2.200  13223.6  13211.9  13240.5  13307.7  13405.5  13529.2  13685.8  13884.8  14138.6
     2.400  14541.8  14520.2  14543.5  14601.7  14686.8  14800.5  14947.5  15134.7  15378.0
     2.600  15876.6  15842.0  15859.4  15906.2  15979.0  16084.3  16224.0  16403.5  16634.6
     2.800  17226.1  17180.1  17184.6  17220.4  17283.6  17380.3  17513.3  17689.6  17906.8
     3.000  18587.0  18533.8  18520.3  18545.1  18599.5  18688.7  18817.6  18988.9  19193.0
     3.200  19956.1  19900.0  19868.2  19879.4  19927.1  20009.8  20135.8  20299.8  20493.3
     3.400  21335.8  21274.9  21229.9  21225.1  21266.6  21344.5  21466.3  21621.7  21805.7
     3.600  22725.5  22654.5  22603.9  22584.3  22615.9  22693.3  22808.1  22953.3  23129.1
     3.800  24124.5  24042.1  23987.8  23959.3  23979.5  24053.6  24160.0  24296.1  24462.7
     4.000  25532.0  25438.8  25379.2  25347.2  25357.5  25423.0  25522.2  25649.5  25805.7
     4.200  26947.8  26845.5  26779.5  26747.8  26752.3  26803.5  26893.7  27012.4  27160.8
     4.400  28374.4  28262.8  28189.4  28158.1  28159.7  28194.4  28273.8  28385.9  28527.0
     4.600  29812.5  29690.1  29611.3  29578.5  29576.6  29599.4  29665.1  29769.9  29902.3
     4.800  31260.7  31128.8  31046.0  31007.4  31001.0  31016.7  31068.3  31162.3  31287.0
     5.000  32720.1  32580.8  32491.9  32445.6  32432.4  32445.6  32484.4  32565.1  32679.8
     5.200  34189.4  34045.0  33948.7  33893.6  33873.0  33882.0  33912.9  33977.1  34081.1
     5.400  35670.8  35522.2  35416.8  35351.5  35322.8  35325.8  35350.4  35400.7  35492.4
     5.600  37166.6  37009.3  36895.5  36819.6  36782.0  36775.4  36795.2  36836.9  36912.3
     5.800  38674.9  38507.0  38385.2  38298.6  38249.1  38233.3  38247.8  38282.0  38342.6
     6.000  40195.5  40018.1  39883.5  39786.7  39724.8  39700.2  39705.0  39734.3  39785.3
     6.200  41727.0  41538.8  41390.3  41284.0  41211.3  41174.7  41170.2  41194.6  41236.4
     6.400  43270.1  43069.3  42908.6  42789.8  42706.6  42657.2  42644.2  42659.0  42694.5
     6.600  44825.9  44608.3  44436.2  44303.2  44210.5  44150.2  44125.3  44130.1  44160.6
     6.800  46391.6  46157.8  45973.2  45827.6  45722.9  45652.1  45613.8  45609.4  45631.0
     7.000  47966.8  47719.8  47518.8  47361.6  47242.3  47162.0  47112.3  47095.7  47106.9
     7.200  49551.0  49291.1  49074.4  48904.1  48772.1  48680.1  48619.1  48588.6  48590.6
     7.400  51147.5  50872.0  50641.5  50456.3  50311.7  50205.0  50133.5  50091.3  50080.9
     7.600  52754.1  52460.9  52217.9  52016.7  51859.4  51738.7  51655.9  51602.1  51577.3
     7.800  54370.9  54061.3  53803.5  53588.1  53417.2  53282.2  53184.8  53119.9  53083.0
     8.000  55996.6  55671.9  55397.2  55169.2  54982.0  54834.5  54721.4  54645.6  54596.4
     8.200  57634.7  57292.4  57000.3  56758.6  56555.9  56395.5  56268.1  56177.4  56116.1
     8.400  59282.8  58921.5  58614.6  58356.3  58139.9  57963.7  57823.8  57715.8  57642.8
     8.600  60941.1  60561.3  60237.9  59961.4  59731.7  59539.2  59386.9  59264.8  59175.0
     8.800  62610.5  62212.2  61870.4  61577.4  61331.9  61124.9  60957.1  60821.4  60713.8
     9.000  64289.1  63872.5  63510.9  63202.4  62938.8  62718.5  62533.3  62384.2  62263.5
     9.200  65975.1  65542.8  65162.8  64836.3  64555.2  64319.8  64118.9  63954.0  63821.6
     9.400  67667.2  67223.0  66823.8  66477.8  66181.2  65927.9  65712.3  65530.0  65386.9
     9.600  69364.3  68911.2  68493.8  68129.0  67815.1  67542.9  67312.0  67115.3  66959.9
     9.800  71065.7  70605.6  70173.9  69790.1  69457.2  69167.7  68919.4  68710.0  68539.4
    10.000  72771.1  72305.0  71862.6  71459.5  71106.1  70799.6  70533.4  70312.0  70126.5
    10.200  74479.8  74008.9  73558.1  73137.7  72765.4  72439.6  72157.6  71922.0  71723.6
    10.400  76191.6  75716.6  75258.8  74825.1  74432.2  74086.9  73790.9  73538.6  73328.3
    10.600  77906.2  77427.6  76963.8  76519.7  76106.7  75743.8  75432.2  75163.5  74940.2
    10.800  79623.3  79141.6  78672.6  78219.4  77790.8  77410.7  77081.6  76798.3  76558.1
    11.000  81342.0  80858.1  80384.3  79923.1  79483.7  79085.7  78738.3  78439.9  78168.6
    11.200  83054.0  82576.9  82098.7  81630.9  81183.7  80769.4  80404.8  80089.1  79763.1
    11.400  84766.6  84297.5  83814.8  83342.6  82889.2  82462.0  82079.4  81724.7  81313.0
    11.600  86479.4  86015.3  85533.0  85057.8  84599.0  84162.1  83759.4  83326.7  82808.8
    11.800  88192.4  87728.1  87253.7  86776.0  86312.2  85867.6  85417.8  84866.1  84250.1
    12.000  89904.1  89440.2  88976.9  88495.7  88027.9  87571.4  87011.7  86340.0  85636.7
    12.200  91531.1  91152.1  90689.2  90216.8  89746.8  89223.3  88520.4  87747.3  86970.6
    12.400  92973.7  92863.2  92401.9  91939.1  91452.3  90761.7  89941.9  89088.4  88250.0
    12.600  94229.5  94540.6  94115.4  93659.2  93032.4  92178.6  91272.9  90363.0  89476.0
    12.800  95298.7  95908.4  95829.3  95306.1  94428.2  93474.0  92515.1  91568.2  90647.2
    13.000  96183.1  96904.0  97543.6  96618.1  95639.7  94647.8  93666.9  92703.2  91763.9
    13.200  96881.2  97527.3  97840.5  97557.9  96658.6  95698.0  94728.1  93767.3  92825.1
    13.400  97394.3  97794.6  97995.0  98125.5  97490.7  96625.8  95698.1  94760.1  93829.2
    13.600  97722.4  97948.4  98150.2  98354.9  98137.0  97430.2  96577.3  95681.4  94775.2
    13.800  97902.5  98103.0  98306.2  98512.4  98597.6  98104.0  97365.6  96531.8  95663.5
    14.000  98056.4  98258.2  98463.0  98670.6  98875.8  98654.0  98062.5  97309.4  96494.0
    14.200  98210.9  98414.2  98620.4  98829.5  99041.6  99081.3  98661.3  98014.3  97264.4
    14.400  98366.2  98571.0  98778.6  98989.2  99202.9  99385.1  99165.4  98646.1  97974.8
    14.600  98522.3  98728.5  98937.6  99149.7  99364.9  99583.4  99577.8  99205.0  98625.4
    14.800  98679.1  98886.7  99097.3  99310.9  99527.7  99747.8  99897.6  99682.8  99215.4
    15.000  98836.6  99045.7  99257.8  99473.0  99691.4  99913.1 100130.8 100088.0  99745.9
    15.200  98994.8  99205.4  99419.0  99635.8  99855.8 100079.3 100306.3 100419.2 100212.0
    15.400  99153.8  99365.9  99581.1  99799.4 100021.1 100246.3 100475.1 100677.8 100613.2
    15.600  99313.6  99527.2  99743.9  99963.9 100187.2 100414.1 100644.8 100879.3 100953.1
    15.800  99474.1  99689.2  99907.5 100129.1 100354.2 100582.8 100815.3 101051.8 101231.8
    16.000  99635.3  99852.0 100071.9 100295.2 100522.0 100752.5 100986.9 101225.3 101458.1
    16.200  99797.4 100015.6 100237.2 100462.2 100690.7 100923.0 101159.3 101399.7 101644.5
    16.400  99960.2 100180.1 100403.3 100630.0 100860.3 101094.5 101332.7 101575.2 101822.1
    16.600 100123.8 100345.3 100570.2 100798.6 101030.8 101266.9 101507.1 101751.6 102000.7
    16.800 100288.3 100511.4 100737.9 100968.2 101202.2 101440.2 101682.5 101929.1 102180.4
    17.000 100453.5 100678.3 100906.6 101138.6 101374.5 101614.6 101858.9 102107.7 102361.3
    17.200 100619.5 100846.0 101076.1 101310.0 101547.8 101789.9 102036.3 102287.3 102543.2
    17.400 100786.4 101014.6 101246.5 101482.3 101722.1 101966.2 102214.7 102468.0 102726.2
    17.600 100954.1 101184.1 101417.8 101655.5 101897.3 102143.5 102394.2 102649.8 102910.4
    17.800 101122.7 101354.4 101590.0 101829.7 102073.5 102321.8 102574.8 102832.7 103096.6
    18.000 101292.1 101525.7 101763.2 102004.8 102250.8 102501.3 102756.5 103016.7 103283.8
    18.200 101462.4 101697.9 101937.3 102181.0 102429.0 102681.7 102939.3 103202.4 103472.0
    18.400 101633.7 101871.0 102112.4 102358.1 102608.3 102863.3 103123.2 103389.5 103661.2
    18.600 101805.8 102045.0 102288.5 102536.3 102788.7 103045.9 103308.3 103577.7 103851.5
    18.800 101978.8 102220.0 102465.5 102715.5 102970.1 103229.7 103495.4 103766.9 104042.8
    19.000 102152.8 102396.0 102643.6 102895.7 103152.7 103414.6 103683.5 103957.1 104235.1
    19.200 102327.7 102573.0 102822.7 103077.1 103336.3 103601.3 103872.6 104148.3 104428.6
    19.400 102503.7 102751.0 103002.9 103259.5 103521.1 103789.3 104062.7 104340.6 104623.0
    19.600 102680.6 102930.0 103184.1 103443.0 103707.2 103978.3 104253.8 104533.9 104818.5
    19.800 102858.5 103110.1 103366.4 103627.7 103895.2 104168.3 104446.0 104728.2 105015.0
    20.000 103037.4 103291.2 103549.8 103813.5 104084.1 104359.4 104639.3 104923.6 105212.6
    20.200 103217.4 103473.4 103734.4 104001.1 104274.1 104551.5 104833.5 105120.1 105411.3
    20.400 103398.4 103656.7 103920.0 104190.0 104465.1 104744.7 105028.9 105317.6 105611.0
    20.600 103580.5 103841.1 104107.1 104379.8 104657.1 104938.9 105225.3 105516.2 105811.8
    20.800 103763.7 104026.6 104295.9 104570.8 104850.2 105134.2 105422.7 105715.8 106013.6
    21.000 103947.9 104213.3 104485.7 104762.8 105044.3 105330.5 105621.2 105916.5 106216.6
    21.200 104133.4 104401.9 104676.6 104955.8 105239.5 105527.8 105820.7 106118.3 106420.7
    21.400 104319.9 104591.6 104868.5 105149.8 105435.7 105726.2 106021.4 106321.2 106625.8
    21.600 104507.9 104782.4 105061.4 105344.9 105633.0 105925.7 106223.1 106525.2 106832.0
    21.800 104697.6 104974.2 105255.4 105541.0 105831.3 106126.2 106425.9 106730.2 107039.3
    22.000 104888.3 105167.1 105450.4 105738.2 106030.7 106327.9 106629.7 106936.3 107247.8
    22.200 105080.0 105361.0 105646.4 105936.5 106231.2 106530.6 106834.7 107143.5 107457.3
    22.400 105272.8 105555.9 105843.5 106135.8 106432.7 106734.3 107040.7 107351.9 107667.9
    22.600 105466.6 105751.9 106041.7 106336.2 106635.3 106939.2 107247.9 107561.3 107879.7
    22.800 105661.5 105948.9 106240.9 106537.6 106839.0 107145.1 107456.1 107771.9 108092.5
    23.000 105857.4 106147.0 106441.2 106740.1 107043.8 107352.2 107665.4 107983.5 108306.5
    23.200 106054.3 106346.1 106642.6 106943.8 107249.7 107560.4 107875.9 108196.3 108521.6
    23.400 106252.3 106546.3 106845.0 107148.4 107456.6 107769.6 108087.5 108410.2 108737.9
    23.600 106451.4 106747.6 107048.5 107354.2 107664.7 107979.9 108300.1 108625.2 108955.3
    23.800 106651.5 106950.0 107253.1 107561.1 107873.8 108191.4 108513.9 108841.3 109173.8
    24.000 106852.7 107153.4 107458.8 107769.0 108084.1 108404.0 108728.8 109058.6 109393.4
    24.200 107055.0 107357.9 107665.6 107978.1 108295.4 108617.7 108944.9 109277.0 109614.2
    24.400 107258.3 107563.5 107873.5 108188.3 108507.9 108832.5 109162.0 109496.6 109836.1
    24.600 107462.7 107770.2 108082.5 108399.5 108721.5 109048.4 109380.3 109717.2 110059.1
    24.800 107668.3 107978.0 108292.5 108611.9 108936.2 109265.5 109599.8 109939.0 110283.3
    25.000 107874.9 108186.8 108503.7 108825.4 109152.1 109483.7 109820.3 110161.9 110508.6
    25.200 108082.5 108396.8 108716.0 109040.0 109369.0 109703.0 110042.0 110386.0 110735.1
    25.400 108291.3 108607.9 108929.4 109255.8 109587.1 109923.5 110264.8 110611.2 110962.6
    25.600 108501.2 108820.1 109143.9 109472.6 109806.3 110145.0 110488.8 110837.5 111191.4
    25.800 108712.1 109033.4 109359.5 109690.6 110026.7 110367.7 110713.8 111065.0 111421.2
    26.000 108924.2 109247.8 109576.3 109909.7 110248.1 110591.6 110940.1 111293.6 111652.2
    26.200 109137.4 109463.3 109794.1 110130.0 110470.8 110816.6 111167.4 111523.3 111884.3
    26.400 109351.8 109680.0 110013.1 110351.3 110694.5 111042.6 111395.9 111754.2 112117.5
    26.600 109567.2 109897.7 110233.3 110573.8 110919.3 111269.9 111625.4 111986.1 112351.8
    26.800 109783.7 110116.6 110454.5 110797.4 111145.3 111498.2 111856.2 112219.2 112587.3
    27.000 110001.4 110336.7 110676.9 111022.1 111372.4 111727.7 112088.0 112453.4 112823.9
    27.200 110220.2 110557.8 110900.4 111248.0 111600.6 111958.3 112321.0 112688.7 113061.6
    27.400 110440.1 110780.0 111125.0 111474.9 111829.9 112190.0 112555.0 112925.2 113300.4
    27.600 110661.1 111003.4 111350.7 111703.0 112060.4 112422.8 112790.2 113162.8 113540.1
    27.800 110883.3 111227.9 111577.6 111932.3 112292.0 112656.7 113026.6 113401.4 113747.9
    28.000 111106.5 111453.5 111805.5 112162.6 112524.7 112891.8 113264.0 113641.2 113910.9
    28.200 111330.9 111680.2 112034.6 112394.0 112758.5 113128.0 113502.5 113862.6 114013.0
    28.400 111556.4 111908.1 112264.8 112626.6 112993.4 113365.3 113742.1 114030.5 114059.0
    28.600 111783.0 112137.1 112496.2 112860.3 113229.4 113603.7 113979.4 114124.4 114083.4
    28.800 112010.7 112367.1 112728.6 113095.1 113466.6 113843.2 114147.7 114160.1 114106.0
    29.000 112239.6 112598.3 112962.2 113331.0 113704.9 114083.6 114232.2 114183.7 114128.7
    29.200 112469.5 112830.6 113196.8 113568.0 113944.2 114264.8 114261.3 114206.3 114151.3
    29.400 112700.4 113064.0 113432.6 113806.1 114184.7 114335.8 114283.9 114228.9 114173.9
    29.600 112913.3 113298.6 113669.4 114045.4 114372.8 114361.6 114306.6 114251.6 114196.6
    29.800 113123.9 113534.2 113907.4 114285.7 114438.9 114384.2 114329.2 114274.2 114219.2
    30.000 113335.6 113761.2 114146.5 114482.8 114461.8 114406.8 114351.8 114296.8 114241.8
    30.200 113548.5 113976.4 114386.2 114539.5 114484.5 114429.5 114374.5 114319.5 114264.5
    30.400 113762.5 114192.7 114574.6 114562.1 114507.1 114452.1 114397.1 114342.1 114287.1
    30.600 113977.6 114405.7 114617.1 114584.7 114529.7 114474.7 114419.7 114364.7 114309.7
    30.800 114193.8 114559.6 114617.1 114607.4 114552.4 114497.4 114442.4 114387.4 114332.4
    31.000 114398.5 114622.0 114617.1 114617.1 114575.0 114520.0 114465.0 114410.0 114355.0
    31.200 114542.5 114617.1 114617.1 114617.1 114597.6 114542.6 114487.6 114432.6 114377.6
    31.400 114614.5 114617.1 114617.1 114617.1 114616.9 114565.3 114510.3 114455.3 114400.3
    31.600 114617.1 114617.1 114617.1 114617.1 114617.1 114587.9 114532.9 114477.9 114422.9
    31.800 114617.1 114617.1 114617.1 114617.1 114617.1 114610.5 114555.5 114500.5 114445.5
    32.000 114617.1 114617.1 114617.1 114617.1 114617.1 114617.1 114578.2 114523.1 114468.2


  --------------- long. centre of buoy.  m --------------- 

      trim   -2.000   -1.000    0.000    1.000    2.000    3.000    4.000    5.000    6.000
   draught
     0.000   66.742   68.432  115.466  159.620  161.292  162.233  162.921  163.475  163.943
     0.200   74.176   83.269  114.760  143.906  153.252  156.838  158.869  160.236  161.233
     0.400   81.201   94.589  114.503  132.765  145.645  151.679  154.965  157.098  158.574
     0.600   87.521  100.330  114.309  127.532  138.771  146.676  151.168  154.026  155.959
     0.800   92.476  103.242  114.138  124.592  134.081  141.886  147.449  150.993  153.391
     1.000   95.969  104.973  113.989  122.694  130.846  137.947  143.819  147.991  150.864
     1.200   98.357  106.105  113.841  121.349  128.474  134.955  140.513  145.044  148.372
     1.400  100.057  106.897  113.700  120.334  126.673  132.603  137.780  142.252  145.922
     1.600  101.325  107.469  113.564  119.525  125.259  130.666  135.525  139.805  143.565
     1.800  102.298  107.889  113.438  118.861  124.105  129.049  133.625  137.718  141.402
     2.000  103.067  108.208  113.309  118.301  123.127  127.693  131.990  135.931  139.505
     2.200  103.677  108.450  113.180  117.821  122.278  126.529  130.575  134.370  137.853
     2.400  104.147  108.638  113.054  117.381  121.533  125.520  129.348  132.993  136.399
     2.600  104.515  108.778  112.929  116.975  120.876  124.636  128.273  131.779  135.095
     2.800  104.808  108.863  112.800  116.597  120.282  123.856  127.324  130.703  133.916
     3.000  105.054  108.906  112.660  116.247  119.747  123.163  126.487  129.737  132.844
     3.200  105.274  108.913  112.494  115.925  119.262  122.533  125.746  128.865  131.860
     3.400  105.461  108.901  112.312  115.621  118.822  121.970  125.074  128.072  130.959
     3.600  105.611  108.881  112.124  115.327  118.419  121.464  124.455  127.349  130.133
     3.800  105.725  108.852  111.944  115.036  118.051  121.001  123.884  126.679  129.373
     4.000  105.805  108.812  111.780  114.753  117.709  120.574  123.353  126.057  128.671
     4.200  105.864  108.763  111.632  114.494  117.377  120.169  122.860  125.478  128.017
     4.400  105.898  108.705  111.489  114.264  117.053  119.785  122.400  124.937  127.405
     4.600  105.912  108.647  111.354  114.057  116.746  119.405  121.963  124.433  126.833
     4.800  105.914  108.581  111.226  113.862  116.459  119.036  121.550  123.959  126.292
     5.000  105.906  108.511  111.107  113.671  116.191  118.688  121.147  123.507  125.784
     5.200  105.891  108.442  110.987  113.484  115.941  118.360  120.752  123.076  125.304
     5.400  105.869  108.374  110.861  113.305  115.701  118.050  120.375  122.657  124.843
     5.600  105.840  108.305  110.735  113.128  115.466  117.760  120.018  122.245  124.403
     5.800  105.808  108.231  110.609  112.948  115.239  117.481  119.677  121.851  123.976
     6.000  105.772  108.149  110.481  112.771  115.018  117.210  119.359  121.475  123.555
     6.200  105.733  108.062  110.354  112.594  114.796  116.948  119.053  121.113  123.149
     6.400  105.682  107.970  110.219  112.419  114.578  116.694  118.756  120.774  122.760
     6.600  105.619  107.874  110.082  112.248  114.364  116.441  118.469  120.448  122.384
     6.800  105.550  107.773  109.942  112.073  114.154  116.194  118.190  120.131  122.029
     7.000  105.474  107.661  109.802  111.897  113.949  115.952  117.914  119.824  121.688
     7.200  105.393  107.546  109.660  111.721  113.743  115.714  117.643  119.527  121.357
     7.400  105.302  107.427  109.510  111.545  113.537  115.482  117.379  119.233  121.036
     7.600  105.204  107.307  109.359  111.370  113.333  115.252  117.118  118.944  120.724
     7.800  105.101  107.180  109.206  111.192  113.128  115.021  116.864  118.661  120.415
     8.000  104.994  107.047  109.052  111.011  112.926  114.792  116.614  118.383  120.112
     8.200  104.877  106.910  108.897  110.831  112.723  114.564  116.363  118.112  119.815
     8.400  104.756  106.772  108.736  110.650  112.518  114.339  116.114  117.846  119.522
     8.600  104.629  106.628  108.573  110.470  112.314  114.117  115.868  117.578  119.234
     8.800  104.497  106.480  108.408  110.286  112.111  113.892  115.625  117.312  118.952
     9.000  104.361  106.328  108.242  110.099  111.909  113.669  115.385  117.048  118.671
     9.200  104.225  106.171  108.069  109.911  111.706  113.446  115.144  116.788  118.393
     9.400  104.091  106.011  107.895  109.724  111.500  113.225  114.902  116.533  118.121
     9.600  103.961  105.850  107.718  109.533  111.293  113.006  114.662  116.279  117.853
     9.800  103.833  105.690  107.537  109.339  111.086  112.782  114.424  116.026  117.590
    10.000  103.708  105.534  107.354  109.143  110.879  112.557  114.190  115.777  117.331
    10.200  103.588  105.380  107.173  108.946  110.668  112.333  113.955  115.530  117.072
    10.400  103.471  105.231  106.994  108.745  110.455  112.111  113.720  115.288  116.816
    10.600  103.358  105.086  106.818  108.544  110.240  111.887  113.486  115.047  116.563
    10.800  103.249  104.945  106.647  108.345  110.024  111.663  113.255  114.805  116.312
    11.000  103.144  104.808  106.479  108.148  109.809  111.439  113.026  114.565  116.054
    11.200  103.054  104.675  106.316  107.956  109.595  111.216  112.794  114.325  115.772
    11.400  102.967  104.547  106.156  107.770  109.385  110.992  112.562  114.071  115.456
    11.600  102.885  104.427  106.001  107.589  109.181  110.768  112.330  113.784  115.105
    11.800  102.806  104.317  105.851  107.413  108.980  110.548  112.072  113.450  114.725
    12.000  102.731  104.210  105.706  107.242  108.786  110.326  111.763  113.079  114.324
    12.200  102.745  104.109  105.576  107.077  108.596  110.067  111.404  112.678  113.901
    12.400  102.914  104.011  105.453  106.917  108.401  109.740  111.008  112.253  113.465
    12.600  103.192  103.952  105.334  106.767  108.123  109.362  110.588  111.813  113.021
    12.800  103.537  104.146  105.221  106.580  107.763  108.953  110.156  111.366  112.572
    13.000  103.908  104.491  105.112  106.235  107.362  108.532  109.720  110.920  112.122
    13.200  104.264  104.823  105.187  105.869  106.968  108.116  109.291  110.481  111.678
    13.400  104.569  104.996  105.282  105.639  106.614  107.721  108.878  110.055  111.244
    13.600  104.784  105.091  105.377  105.665  106.337  107.366  108.491  109.649  110.825
    13.800  104.900  105.186  105.473  105.762  106.173  107.073  108.138  109.267  110.425
    14.000  104.995  105.282  105.569  105.859  106.155  106.850  107.826  108.915  110.047
    14.200  105.090  105.377  105.666  105.956  106.248  106.712  107.572  108.599  109.697
    14.400  105.186  105.474  105.763  106.054  106.346  106.675  107.381  108.324  109.378
    14.600  105.282  105.570  105.860  106.152  106.445  106.739  107.258  108.094  109.092
    14.800  105.378  105.667  105.958  106.250  106.544  106.839  107.211  107.924  108.844
    15.000  105.475  105.765  106.056  106.349  106.643  106.939  107.246  107.810  108.636
    15.200  105.572  105.862  106.154  106.448  106.743  107.040  107.339  107.759  108.477
    15.400  105.669  105.960  106.253  106.547  106.843  107.141  107.441  107.774  108.371
    15.600  105.767  106.059  106.352  106.647  106.944  107.243  107.544  107.846  108.317
    15.800  105.865  106.158  106.452  106.748  107.045  107.345  107.646  107.950  108.319
    16.000  105.964  106.257  106.552  106.848  107.147  107.447  107.750  108.055  108.373
    16.200  106.062  106.356  106.652  106.949  107.249  107.550  107.854  108.160  108.468
    16.400  106.162  106.456  106.753  107.051  107.351  107.654  107.958  108.265  108.575
    16.600  106.261  106.557  106.854  107.153  107.454  107.757  108.063  108.371  108.682
    16.800  106.361  106.657  106.955  107.255  107.557  107.862  108.169  108.478  108.790
    17.000  106.461  106.758  107.057  107.358  107.661  107.967  108.274  108.585  108.898
    17.200  106.562  106.860  107.160  107.462  107.766  108.072  108.381  108.693  109.007
    17.400  106.663  106.962  107.263  107.565  107.870  108.178  108.488  108.801  109.117
    17.600  106.765  107.064  107.366  107.670  107.976  108.284  108.596  108.910  109.227
    17.800  106.867  107.167  107.470  107.774  108.082  108.391  108.704  109.019  109.338
    18.000  106.969  107.271  107.574  107.880  108.188  108.499  108.813  109.129  109.450
    18.200  107.072  107.374  107.679  107.986  108.295  108.607  108.922  109.240  109.563
    18.400  107.176  107.479  107.784  108.092  108.402  108.716  109.032  109.352  109.676
    18.600  107.279  107.583  107.890  108.199  108.510  108.825  109.142  109.465  109.790
    18.800  107.384  107.689  107.996  108.306  108.619  108.935  109.254  109.578  109.903
    19.000  107.488  107.794  108.103  108.414  108.728  109.045  109.367  109.691  110.018
    19.200  107.593  107.901  108.210  108.523  108.838  109.157  109.480  109.805  110.133
    19.400  107.699  108.007  108.318  108.632  108.948  109.269  109.593  109.920  110.248
    19.600  107.805  108.115  108.427  108.742  109.060  109.382  109.707  110.035  110.364
    19.800  107.912  108.223  108.536  108.852  109.172  109.496  109.822  110.150  110.480
    20.000  108.019  108.331  108.645  108.963  109.285  109.610  109.937  110.266  110.597
    20.200  108.127  108.440  108.756  109.075  109.398  109.724  110.052  110.382  110.714
    20.400  108.235  108.550  108.866  109.188  109.512  109.839  110.168  110.499  110.832
    20.600  108.344  108.660  108.978  109.301  109.627  109.954  110.284  110.616  110.950
    20.800  108.454  108.770  109.091  109.415  109.741  110.070  110.401  110.733  111.068
    21.000  108.564  108.882  109.204  109.529  109.857  110.186  110.518  110.851  111.187
    21.200  108.675  108.994  109.318  109.644  109.972  110.303  110.635  110.970  111.306
    21.400  108.786  109.108  109.432  109.759  110.089  110.420  110.753  111.089  111.426
    21.600  108.898  109.222  109.547  109.875  110.205  110.537  110.872  111.208  111.546
    21.800  109.011  109.336  109.662  109.991  110.322  110.655  110.990  111.328  111.667
    22.000  109.125  109.451  109.778  110.108  110.440  110.774  111.110  111.448  111.788
    22.200  109.239  109.566  109.894  110.225  110.558  110.893  111.229  111.568  111.909
    22.400  109.354  109.681  110.011  110.342  110.676  111.012  111.350  111.689  112.031
    22.600  109.469  109.797  110.128  110.460  110.795  111.132  111.470  111.811  112.154
    22.800  109.585  109.914  110.245  110.579  110.914  111.252  111.591  111.933  112.276
    23.000  109.701  110.031  110.363  110.697  111.034  111.372  111.713  112.055  112.400
    23.200  109.817  110.148  110.481  110.817  111.154  111.493  111.835  112.178  112.523
    23.400  109.934  110.266  110.600  110.936  111.274  111.615  111.957  112.301  112.647
    23.600  110.052  110.385  110.719  111.056  111.395  111.736  112.079  112.425  112.771
    23.800  110.170  110.503  110.839  111.177  111.517  111.859  112.203  112.548  112.896
    24.000  110.288  110.622  110.959  111.298  111.639  111.981  112.326  112.673  113.021
    24.200  110.407  110.742  111.080  111.419  111.761  112.104  112.450  112.798  113.147
    24.400  110.526  110.862  111.201  111.541  111.884  112.228  112.574  112.923  113.273
    24.600  110.645  110.983  111.322  111.663  112.007  112.352  112.699  113.048  113.399
    24.800  110.765  111.104  111.444  111.786  112.130  112.476  112.824  113.174  113.526
    25.000  110.886  111.225  111.566  111.909  112.254  112.601  112.950  113.300  113.653
    25.200  111.007  111.347  111.688  112.032  112.378  112.726  113.076  113.427  113.780
    25.400  111.128  111.469  111.811  112.156  112.503  112.851  113.202  113.554  113.908
    25.600  111.250  111.591  111.935  112.280  112.628  112.977  113.328  113.682  114.036
    25.800  111.372  111.714  112.059  112.405  112.753  113.104  113.456  113.809  114.165
    26.000  111.494  111.838  112.183  112.530  112.879  113.230  113.583  113.937  114.294
    26.200  111.617  111.961  112.308  112.656  113.005  113.357  113.711  114.066  114.423
    26.400  111.741  112.086  112.433  112.781  113.132  113.484  113.839  114.195  114.552
    26.600  111.864  112.210  112.558  112.908  113.259  113.612  113.967  114.324  114.682
    26.800  111.989  112.335  112.684  113.034  113.386  113.740  114.096  114.453  114.812
    27.000  112.113  112.461  112.810  113.161  113.514  113.869  114.225  114.583  114.942
    27.200  112.238  112.586  112.936  113.288  113.642  113.997  114.354  114.713  115.073
    27.400  112.363  112.713  113.063  113.416  113.770  114.126  114.484  114.843  115.204
    27.600  112.489  112.839  113.191  113.544  113.899  114.256  114.614  114.974  115.335
    27.800  112.615  112.966  113.318  113.672  114.028  114.385  114.744  115.105  115.439
    28.000  112.742  113.093  113.446  113.801  114.157  114.515  114.875  115.236  115.509
    28.200  112.869  113.221  113.574  113.930  114.287  114.646  115.006  115.351  115.537
    28.400  112.996  113.349  113.703  114.059  114.417  114.776  115.137  115.425  115.529
    28.600  113.123  113.477  113.832  114.189  114.547  114.907  115.266  115.448  115.508
    28.800  113.251  113.605  113.961  114.319  114.678  115.038  115.340  115.434  115.487
    29.000  113.379  113.734  114.091  114.449  114.809  115.170  115.357  115.413  115.465
    29.200  113.508  113.864  114.221  114.580  114.940  115.255  115.339  115.392  115.444
    29.400  113.637  113.993  114.351  114.710  115.071  115.264  115.318  115.370  115.422
    29.600  113.785  114.123  114.482  114.842  115.163  115.245  115.297  115.349  115.401
    29.800  113.936  114.253  114.612  114.973  115.171  115.223  115.275  115.327  115.379
    30.000  114.087  114.393  114.743  115.075  115.150  115.202  115.254  115.306  115.358
    30.200  114.238  114.545  114.875  115.077  115.129  115.180  115.232  115.284  115.336
    30.400  114.390  114.697  114.972  115.055  115.107  115.159  115.211  115.263  115.315
    30.600  114.542  114.847  115.004  115.034  115.086  115.138  115.190  115.242  115.294
    30.800  114.694  114.960  115.004  115.013  115.065  115.116  115.168  115.220  115.272
    31.000  114.839  115.008  115.004  115.004  115.043  115.095  115.147  115.199  115.251
    31.200  114.946  115.004  115.004  115.004  115.022  115.074  115.126  115.178  115.229
    31.400  115.002  115.004  115.004  115.004  115.004  115.052  115.104  115.156  115.208
    31.600  115.004  115.004  115.004  115.004  115.004  115.031  115.083  115.135  115.187
    31.800  115.004  115.004  115.004  115.004  115.004  115.010  115.062  115.114  115.165
    32.000  115.004  115.004  115.004  115.004  115.004  115.004  115.040  115.092  115.144


  --------------- transv. metac. height  m --------------- 

      trim   -2.000   -1.000    0.000    1.000    2.000    3.000    4.000    5.000    6.000
   draught
     0.000  436.696  841.842 6338.917  630.024  323.672  218.735  165.757  133.775  112.378
     0.200  340.661  529.737  562.462  453.544  273.449  195.633  152.526  125.200  106.379
     0.400  276.243  314.490  303.529  282.272  234.706  175.896  140.650  117.307  100.803
     0.600  213.732  216.382  210.633  201.039  187.052  159.306  130.206  110.136   95.672
     0.800  166.742  165.909  162.405  156.881  149.501  139.337  121.009  103.704   90.943
     1.000  136.011  135.073  132.727  129.141  124.423  118.568  110.476   97.908   86.567
     1.200  115.054  114.229  112.526  110.012  106.797  102.845   98.079   91.515   82.543
     1.400   99.842   99.159   97.844   95.998   93.647   90.802   87.540   83.703   78.171
     1.600   88.299   87.716   86.679   85.259   83.483   81.358   78.959   76.272   72.977
     1.800   79.233   78.715   77.893   76.758   75.370   73.764   71.951   69.883   67.561
     2.000   71.932   71.458   70.777   69.864   68.757   67.520   66.098   64.496   62.706
     2.200   65.965   65.510   64.913   64.171   63.282   62.302   61.191   59.901   58.452
     2.400   60.998   60.560   60.047   59.414   58.694   57.887   56.989   55.945   54.756
     2.600   56.800   56.402   55.937   55.385   54.798   54.120   53.365   52.517   51.513
     2.800   53.183   52.867   52.417   51.956   51.446   50.875   50.231   49.511   48.661
     3.000   50.028   49.810   49.387   48.986   48.541   48.047   47.497   46.853   46.137
     3.200   47.273   47.109   46.779   46.394   46.003   45.568   45.082   44.508   43.904
     3.400   44.871   44.718   44.484   44.107   43.767   43.379   42.932   42.433   41.898
     3.600   42.771   42.583   42.425   42.118   41.780   41.428   41.015   40.578   40.107
     3.800   40.910   40.705   40.571   40.344   40.002   39.675   39.302   38.913   38.498
     4.000   39.245   39.054   38.887   38.722   38.426   38.096   37.765   37.409   37.043
     4.200   37.747   37.574   37.375   37.250   37.011   36.671   36.374   36.053   35.767
     4.400   36.394   36.233   36.045   35.886   35.699   35.394   35.110   34.868   34.559
     4.600   35.173   35.012   34.844   34.641   34.494   34.262   34.002   33.740   33.462
     4.800   34.062   33.900   33.739   33.543   33.378   33.212   32.946   32.707   32.456
     5.000   33.047   32.890   32.728   32.539   32.340   32.244   32.029   31.759   31.531
     5.200   32.114   31.967   31.793   31.620   31.467   31.318   31.145   30.889   30.678
     5.400   31.257   31.113   30.940   30.807   30.629   30.445   30.323   30.128   29.892
     5.600   30.476   30.321   30.192   30.020   29.857   29.681   29.552   29.393   29.169
     5.800   29.751   29.621   29.465   29.299   29.141   28.978   28.823   28.705   28.529
     6.000   29.110   28.945   28.793   28.635   28.476   28.326   28.168   28.056   27.914
     6.200   28.479   28.323   28.165   28.019   27.863   27.720   27.573   27.443   27.334
     6.400   27.894   27.744   27.587   27.446   27.300   27.154   27.018   26.878   26.784
     6.600   27.381   27.205   27.057   26.909   26.773   26.631   26.502   26.372   26.264
     6.800   26.878   26.722   26.558   26.413   26.283   26.149   26.018   25.898   25.775
     7.000   26.409   26.259   26.097   25.957   25.823   25.698   25.570   25.456   25.341
     7.200   25.971   25.826   25.681   25.528   25.394   25.277   25.156   25.039   24.933
     7.400   25.566   25.421   25.277   25.148   25.002   24.880   24.767   24.653   24.552
     7.600   25.192   25.041   24.905   24.771   24.649   24.509   24.403   24.296   24.193
     7.800   24.839   24.687   24.554   24.420   24.302   24.167   24.060   23.959   23.858
     8.000   24.506   24.363   24.225   24.098   23.977   23.864   23.737   23.643   23.548
     8.200   24.199   24.057   23.914   23.792   23.669   23.562   23.457   23.346   23.256
     8.400   23.913   23.767   23.632   23.505   23.388   23.280   23.179   23.065   22.982
     8.600   23.643   23.497   23.365   23.235   23.123   23.011   22.915   22.820   22.725
     8.800   23.390   23.248   23.113   22.984   22.873   22.764   22.669   22.579   22.495
     9.000   23.154   23.011   22.875   22.755   22.638   22.535   22.435   22.349   22.267
     9.200   22.923   22.789   22.656   22.535   22.417   22.316   22.217   22.136   22.058
     9.400   22.699   22.584   22.452   22.328   22.216   22.112   22.018   21.933   21.858
     9.600   22.483   22.387   22.257   22.134   22.024   21.917   21.828   21.742   21.671
     9.800   22.274   22.193   22.076   21.956   21.844   21.739   21.651   21.568   21.494
    10.000   22.071   22.006   21.907   21.786   21.673   21.575   21.482   21.402   21.325
    10.200   21.876   21.824   21.741   21.626   21.516   21.419   21.324   21.246   21.172
    10.400   21.689   21.648   21.580   21.479   21.370   21.271   21.182   21.100   21.029
    10.600   21.509   21.477   21.423   21.339   21.232   21.132   21.045   20.961   20.861
    10.800   21.336   21.313   21.271   21.201   21.103   21.006   20.917   20.816   20.729
    11.000   21.048   21.155   21.123   21.067   20.983   20.885   20.796   20.685   20.578
    11.200   20.855   21.003   20.979   20.936   20.867   20.772   20.653   20.558   20.250
    11.400   20.663   20.856   20.841   20.808   20.752   20.639   20.548   20.421   19.603
    11.600   20.498   20.572   20.708   20.684   20.612   20.539   20.402   19.814   18.990
    11.800   20.309   20.400   20.579   20.537   20.474   20.412   20.115   19.109   18.366
    12.000   20.213   20.222   20.455   20.392   20.363   20.285   19.290   18.400   17.761
    12.200   18.825   20.054   20.079   20.244   20.255   19.564   18.453   17.706   17.184
    12.400   17.189   19.891   19.950   20.105   19.977   18.448   17.612   17.041   16.662
    12.600   15.575   18.737   19.818   19.862   18.456   17.354   16.797   16.421   16.138
    12.800   14.075   15.679   19.692   18.355   16.874   16.335   16.018   15.788   15.591
    13.000   12.568   12.718   19.614   15.331   15.346   15.310   15.251   15.181   15.093
    13.200   11.093    9.801    7.937   12.339   13.719   14.282   14.501   14.587   14.608
    13.400    9.657    7.929    7.953    9.494   12.286   13.345   13.749   14.006   14.132
    13.600    8.272    7.945    7.969    7.995   10.825   12.259   13.066   13.461   13.663
    13.800    7.937    7.961    7.985    8.012    9.413   11.298   12.357   12.893   13.248
    14.000    7.953    7.977    8.002    8.029    8.269   10.342   11.656   12.339   12.795
    14.200    7.969    7.994    8.019    8.046    8.075    9.426   10.834   11.790   12.321
    14.400    7.986    8.011    8.036    8.064    8.093    8.505   10.157   11.245   11.877
    14.600    8.003    8.028    8.054    8.082    8.112    8.143    9.467   10.602   11.434
    14.800    8.020    8.045    8.072    8.100    8.131    8.162    8.767   10.070   10.994
    15.000    8.037    8.063    8.090    8.119    8.150    8.182    8.361    9.522   10.556
    15.200    8.055    8.081    8.109    8.139    8.170    8.203    8.237    8.971   10.031
    15.400    8.073    8.099    8.128    8.158    8.190    8.223    8.259    8.553    9.586
    15.600    8.091    8.118    8.147    8.178    8.210    8.244    8.280    8.326    9.137
    15.800    8.110    8.138    8.167    8.198    8.231    8.266    8.302    8.341    8.712
    16.000    8.129    8.157    8.187    8.219    8.252    8.288    8.325    8.364    8.527
    16.200    8.148    8.177    8.208    8.240    8.274    8.310    8.348    8.388    8.430
    16.400    8.168    8.197    8.228    8.261    8.296    8.333    8.371    8.412    8.455
    16.600    8.188    8.218    8.250    8.283    8.318    8.356    8.395    8.436    8.480
    16.800    8.208    8.239    8.271    8.305    8.341    8.379    8.419    8.461    8.506
    17.000    8.229    8.260    8.293    8.328    8.365    8.403    8.444    8.487    8.532
    17.200    8.250    8.282    8.315    8.351    8.388    8.428    8.469    8.513    8.559
    17.400    8.272    8.304    8.338    8.374    8.412    8.452    8.495    8.539    8.586
    17.600    8.293    8.326    8.361    8.398    8.437    8.478    8.521    8.566    8.614
    17.800    8.316    8.349    8.385    8.422    8.462    8.504    8.547    8.593    8.642
    18.000    8.338    8.373    8.409    8.447    8.487    8.530    8.574    8.621    8.671
    18.200    8.361    8.396    8.433    8.472    8.513    8.556    8.602    8.650    8.700
    18.400    8.385    8.420    8.458    8.498    8.540    8.584    8.630    8.679    8.730
    18.600    8.409    8.445    8.483    8.524    8.566    8.611    8.658    8.708    8.761
    18.800    8.433    8.470    8.509    8.550    8.594    8.639    8.688    8.738    8.791
    19.000    8.458    8.495    8.535    8.577    8.621    8.668    8.717    8.769    8.823
    19.200    8.483    8.521    8.562    8.605    8.650    8.697    8.747    8.800    8.855
    19.400    8.508    8.548    8.589    8.632    8.678    8.727    8.778    8.831    8.887
    19.600    8.534    8.574    8.616    8.661    8.708    8.757    8.809    8.863    8.920
    19.800    8.561    8.602    8.644    8.690    8.738    8.788    8.841    8.896    8.953
    20.000    8.588    8.629    8.673    8.719    8.768    8.819    8.873    8.928    8.987
    20.200    8.615    8.657    8.702    8.749    8.799    8.851    8.905    8.962    9.021
    20.400    8.643    8.686    8.731    8.780    8.830    8.883    8.938    8.996    9.056
    20.600    8.671    8.715    8.762    8.811    8.862    8.916    8.972    9.030    9.091
    20.800    8.700    8.745    8.792    8.842    8.894    8.949    9.006    9.065    9.127
    21.000    8.729    8.775    8.823    8.874    8.927    8.982    9.040    9.100    9.163
    21.200    8.759    8.806    8.855    8.907    8.960    9.017    9.075    9.136    9.200
    21.400    8.789    8.837    8.887    8.939    8.994    9.051    9.111    9.173    9.237
    21.600    8.820    8.869    8.920    8.973    9.028    9.086    9.147    9.209    9.275
    21.800    8.851    8.901    8.953    9.007    9.063    9.122    9.183    9.247    9.313
    22.000    8.883    8.933    8.986    9.041    9.098    9.158    9.220    9.285    9.352
    22.200    8.915    8.967    9.020    9.076    9.134    9.195    9.258    9.323    9.391
    22.400    8.948    9.000    9.054    9.111    9.170    9.232    9.296    9.362    9.431
    22.600    8.981    9.034    9.089    9.147    9.207    9.269    9.334    9.402    9.471
    22.800    9.015    9.069    9.125    9.183    9.244    9.307    9.373    9.442    9.512
    23.000    9.049    9.104    9.161    9.220    9.282    9.346    9.413    9.482    9.554
    23.200    9.084    9.140    9.197    9.257    9.320    9.385    9.453    9.523    9.596
    23.400    9.119    9.176    9.234    9.295    9.359    9.425    9.493    9.565    9.638
    23.600    9.155    9.212    9.272    9.334    9.398    9.465    9.535    9.607    9.681
    23.800    9.191    9.249    9.310    9.373    9.438    9.506    9.576    9.649    9.725
    24.000    9.228    9.287    9.348    9.412    9.478    9.547    9.618    9.692    9.769
    24.200    9.265    9.325    9.387    9.452    9.519    9.589    9.661    9.736    9.813
    24.400    9.302    9.363    9.426    9.492    9.560    9.631    9.704    9.780    9.858
    24.600    9.341    9.402    9.466    9.533    9.602    9.674    9.748    9.824    9.904
    24.800    9.379    9.442    9.507    9.574    9.644    9.717    9.792    9.869    9.949
    25.000    9.418    9.482    9.548    9.616    9.687    9.761    9.836    9.915    9.996
    25.200    9.458    9.522    9.589    9.658    9.730    9.805    9.881    9.961   10.043
    25.400    9.498    9.563    9.631    9.701    9.774    9.849    9.927   10.007   10.090
    25.600    9.539    9.605    9.674    9.745    9.818    9.894    9.973   10.054   10.138
    25.800    9.580    9.647    9.716    9.789    9.863    9.940   10.019   10.101   10.186
    26.000    9.622    9.689    9.760    9.833    9.908    9.986   10.066   10.149   10.235
    26.200    9.664    9.732    9.804    9.878    9.954   10.033   10.114   10.197   10.284
    26.400    9.706    9.776    9.848    9.923   10.000   10.080   10.162   10.246   10.333
    26.600    9.749    9.820    9.893    9.969   10.047   10.127   10.210   10.295   10.383
    26.800    9.793    9.864    9.938   10.015   10.094   10.175   10.259   10.345   10.434
    27.000    9.837    9.909    9.984   10.061   10.141   10.223   10.308   10.395   10.485
    27.200    9.881    9.955   10.030   10.108   10.189   10.272   10.358   10.446   10.536
    27.400    9.926   10.000   10.077   10.156   10.237   10.321   10.408   10.497   10.588
    27.600    9.972   10.047   10.124   10.204   10.286   10.371   10.458   10.548   10.633
    27.800   10.018   10.093   10.172   10.252   10.336   10.421   10.510   10.600   10.497
    28.000   10.064   10.141   10.220   10.301   10.385   10.472   10.561   10.653   10.187
    28.200   10.111   10.188   10.268   10.351   10.436   10.523   10.613   10.545    9.791
    28.400   10.158   10.236   10.317   10.400   10.486   10.575   10.666   10.153    9.497
    28.600   10.205   10.285   10.367   10.451   10.537   10.627   10.610    9.670    9.468
    28.800   10.254   10.334   10.416   10.501   10.589   10.680   10.096    9.484    9.471
    29.000   10.302   10.383   10.467   10.553   10.641   10.701    9.577    9.482    9.474
    29.200   10.351   10.433   10.517   10.604   10.694    9.983    9.494    9.486    9.478
    29.400   10.339   10.483   10.569   10.657   10.747    9.530    9.498    9.489    9.481
    29.600   10.126   10.534   10.621   10.709    9.829    9.510    9.501    9.493    9.484
    29.800   10.173   10.586   10.673   10.763    9.523    9.514    9.505    9.496    9.488
    30.000   10.220   10.317   10.726    9.742    9.527    9.518    9.509    9.500    9.491
    30.200   10.268   10.366   10.647    9.540    9.531    9.521    9.512    9.503    9.495
    30.400   10.317   10.415    9.718    9.544    9.535    9.525    9.516    9.507    9.498
    30.600   10.366   10.113    9.238    9.548    9.539    9.529    9.520    9.511    9.502
    30.800   10.415    9.401    9.238    9.552    9.543    9.533    9.524    9.514    9.505
    31.000    9.949    9.240    9.238    9.238    9.547    9.537    9.527    9.518    9.509
    31.200    9.424    9.238    9.238    9.238    9.551    9.541    9.531    9.522    9.513
    31.400    9.253    9.238    9.238    9.238    9.298    9.545    9.535    9.526    9.517
    31.600    9.238    9.238    9.238    9.238    9.238    9.549    9.539    9.530    9.520
    31.800    9.238    9.238    9.238    9.238    9.238    9.530    9.543    9.534    9.524
    32.000    9.238    9.238    9.238    9.238    9.238    9.238    9.547    9.537    9.528

  --------------- block coefficient   --------------- 

      trim -2.000 -1.000  0.000  1.000  2.000  3.000  4.000  5.000  6.000
   draught
     0.000 0.0000 0.0000 0.0000 0.0000 0.0000 0.0000 0.0000 0.0000 0.0000
     0.200 0.7501 0.5680 0.5595 0.6578 0.8930 1.1722 1.4698 1.7799 2.0992
     0.400 0.5983 0.5566 0.5735 0.6099 0.6811 0.8002 0.9400 1.0904 1.2465
     0.600 0.5791 0.5726 0.5842 0.6063 0.6417 0.6992 0.7809 0.8746 0.9737
     0.800 0.5849 0.5849 0.5933 0.6088 0.6319 0.6654 0.7145 0.7769 0.8461
     1.000 0.5944 0.5949 0.6013 0.6129 0.6297 0.6534 0.6848 0.7265 0.7765
     1.200 0.6031 0.6036 0.6085 0.6176 0.6307 0.6485 0.6714 0.6997 0.7360
     1.400 0.6110 0.6113 0.6152 0.6224 0.6330 0.6468 0.6644 0.6855 0.7120
     1.600 0.6182 0.6182 0.6214 0.6273 0.6359 0.6470 0.6607 0.6776 0.6981
     1.800 0.6248 0.6246 0.6271 0.6320 0.6391 0.6481 0.6590 0.6730 0.6898
     2.000 0.6309 0.6306 0.6324 0.6365 0.6424 0.6497 0.6588 0.6703 0.6846
     2.200 0.6367 0.6361 0.6376 0.6409 0.6457 0.6517 0.6594 0.6691 0.6815
     2.400 0.6422 0.6413 0.6424 0.6450 0.6489 0.6540 0.6606 0.6689 0.6798
     2.600 0.6476 0.6463 0.6470 0.6490 0.6520 0.6564 0.6622 0.6696 0.6791
     2.800 0.6529 0.6511 0.6513 0.6527 0.6552 0.6589 0.6640 0.6708 0.6791
     3.000 0.6578 0.6559 0.6554 0.6564 0.6583 0.6615 0.6662 0.6723 0.6796
     3.200 0.6623 0.6605 0.6595 0.6599 0.6615 0.6643 0.6685 0.6740 0.6805
     3.400 0.6667 0.6648 0.6634 0.6633 0.6646 0.6671 0.6710 0.6759 0.6817
     3.600 0.6709 0.6688 0.6673 0.6668 0.6677 0.6701 0.6735 0.6778 0.6831
     3.800 0.6749 0.6726 0.6711 0.6703 0.6709 0.6730 0.6760 0.6799 0.6846
     4.000 0.6787 0.6763 0.6747 0.6739 0.6742 0.6759 0.6786 0.6820 0.6862
     4.200 0.6824 0.6798 0.6782 0.6774 0.6775 0.6788 0.6812 0.6842 0.6880
     4.400 0.6860 0.6833 0.6816 0.6808 0.6809 0.6817 0.6837 0.6864 0.6899
     4.600 0.6896 0.6867 0.6849 0.6842 0.6842 0.6847 0.6863 0.6887 0.6918
     4.800 0.6931 0.6901 0.6883 0.6875 0.6874 0.6877 0.6889 0.6910 0.6938
     5.000 0.6965 0.6935 0.6917 0.6907 0.6904 0.6907 0.6916 0.6933 0.6958
     5.200 0.6999 0.6969 0.6950 0.6939 0.6935 0.6937 0.6943 0.6957 0.6978
     5.400 0.7033 0.7003 0.6983 0.6970 0.6965 0.6965 0.6970 0.6981 0.6999
     5.600 0.7067 0.7037 0.7015 0.7001 0.6994 0.6993 0.6997 0.7005 0.7020
     5.800 0.7101 0.7070 0.7048 0.7032 0.7023 0.7020 0.7023 0.7030 0.7041
     6.000 0.7135 0.7103 0.7080 0.7063 0.7052 0.7047 0.7048 0.7054 0.7063
     6.200 0.7168 0.7136 0.7111 0.7093 0.7080 0.7074 0.7074 0.7078 0.7085
     6.400 0.7202 0.7169 0.7142 0.7122 0.7109 0.7100 0.7098 0.7101 0.7107
     6.600 0.7235 0.7200 0.7173 0.7151 0.7136 0.7127 0.7123 0.7124 0.7129
     6.800 0.7269 0.7232 0.7203 0.7180 0.7164 0.7153 0.7147 0.7147 0.7150
     7.000 0.7301 0.7264 0.7233 0.7209 0.7191 0.7179 0.7172 0.7169 0.7171
     7.200 0.7333 0.7295 0.7263 0.7238 0.7218 0.7205 0.7196 0.7192 0.7192
     7.400 0.7366 0.7326 0.7293 0.7266 0.7246 0.7230 0.7220 0.7214 0.7213
     7.600 0.7398 0.7357 0.7323 0.7294 0.7272 0.7256 0.7244 0.7237 0.7233
     7.800 0.7429 0.7387 0.7352 0.7323 0.7299 0.7281 0.7268 0.7259 0.7254
     8.000 0.7461 0.7417 0.7381 0.7351 0.7326 0.7306 0.7291 0.7281 0.7275
     8.200 0.7492 0.7448 0.7410 0.7378 0.7352 0.7331 0.7315 0.7303 0.7295
     8.400 0.7523 0.7477 0.7438 0.7406 0.7378 0.7356 0.7338 0.7325 0.7316
     8.600 0.7554 0.7507 0.7467 0.7433 0.7404 0.7381 0.7362 0.7347 0.7336
     8.800 0.7585 0.7537 0.7496 0.7460 0.7430 0.7405 0.7385 0.7369 0.7356
     9.000 0.7616 0.7566 0.7524 0.7487 0.7456 0.7430 0.7408 0.7391 0.7376
     9.200 0.7646 0.7596 0.7552 0.7514 0.7482 0.7454 0.7431 0.7412 0.7397
     9.400 0.7676 0.7625 0.7580 0.7541 0.7507 0.7479 0.7454 0.7434 0.7417
     9.600 0.7705 0.7654 0.7608 0.7567 0.7533 0.7502 0.7477 0.7455 0.7438
     9.800 0.7733 0.7683 0.7636 0.7594 0.7558 0.7526 0.7499 0.7477 0.7458
    10.000 0.7760 0.7711 0.7663 0.7620 0.7583 0.7550 0.7522 0.7498 0.7479
    10.200 0.7787 0.7738 0.7691 0.7647 0.7608 0.7574 0.7544 0.7520 0.7499
    10.400 0.7813 0.7765 0.7717 0.7673 0.7633 0.7597 0.7567 0.7541 0.7520
    10.600 0.7839 0.7790 0.7744 0.7699 0.7657 0.7621 0.7590 0.7563 0.7540
    10.800 0.7863 0.7816 0.7769 0.7725 0.7682 0.7645 0.7612 0.7584 0.7561
    11.000 0.7887 0.7840 0.7794 0.7750 0.7707 0.7668 0.7635 0.7606 0.7579
    11.200 0.7910 0.7864 0.7819 0.7774 0.7731 0.7692 0.7657 0.7627 0.7596
    11.400 0.7932 0.7888 0.7842 0.7798 0.7756 0.7716 0.7680 0.7647 0.7607
    11.600 0.7953 0.7910 0.7865 0.7822 0.7779 0.7739 0.7702 0.7662 0.7613
    11.800 0.7973 0.7931 0.7888 0.7845 0.7803 0.7762 0.7721 0.7671 0.7614
    12.000 0.7992 0.7951 0.7910 0.7867 0.7825 0.7785 0.7734 0.7673 0.7610
    12.200 0.8002 0.7971 0.7930 0.7889 0.7848 0.7801 0.7738 0.7670 0.7602
    12.400 0.7996 0.7990 0.7950 0.7910 0.7868 0.7807 0.7735 0.7661 0.7589
    12.600 0.7974 0.8004 0.7969 0.7930 0.7875 0.7802 0.7725 0.7647 0.7572
    12.800 0.7938 0.7990 0.7988 0.7942 0.7867 0.7787 0.7707 0.7628 0.7551
    13.000 0.7887 0.7946 0.8006 0.7925 0.7844 0.7763 0.7682 0.7603 0.7526
    13.200 0.7822 0.7873 0.7897 0.7878 0.7807 0.7729 0.7651 0.7573 0.7497
    13.400 0.7745 0.7775 0.7791 0.7803 0.7755 0.7687 0.7614 0.7539 0.7465
    13.600 0.7656 0.7673 0.7689 0.7705 0.7691 0.7636 0.7570 0.7500 0.7429
    13.800 0.7558 0.7574 0.7589 0.7605 0.7613 0.7577 0.7521 0.7457 0.7390
    14.000 0.7462 0.7477 0.7493 0.7509 0.7525 0.7510 0.7466 0.7409 0.7347
    14.200 0.7368 0.7384 0.7399 0.7415 0.7431 0.7435 0.7405 0.7357 0.7301
    14.400 0.7278 0.7293 0.7308 0.7324 0.7340 0.7354 0.7339 0.7301 0.7252
    14.600 0.7189 0.7204 0.7220 0.7235 0.7251 0.7267 0.7268 0.7242 0.7200
    14.800 0.7104 0.7118 0.7134 0.7149 0.7165 0.7180 0.7192 0.7178 0.7145
    15.000 0.7020 0.7035 0.7050 0.7065 0.7081 0.7097 0.7112 0.7110 0.7087
    15.200 0.6939 0.6954 0.6968 0.6984 0.6999 0.7015 0.7031 0.7040 0.7026
    15.400 0.6860 0.6874 0.6889 0.6904 0.6920 0.6935 0.6951 0.6966 0.6962
    15.600 0.6783 0.6797 0.6812 0.6827 0.6842 0.6858 0.6874 0.6890 0.6896
    15.800 0.6708 0.6722 0.6737 0.6752 0.6767 0.6782 0.6798 0.6814 0.6827
    16.000 0.6635 0.6649 0.6664 0.6678 0.6694 0.6709 0.6725 0.6740 0.6756
    16.200 0.6563 0.6578 0.6592 0.6607 0.6622 0.6637 0.6653 0.6669 0.6685
    16.400 0.6494 0.6508 0.6523 0.6537 0.6552 0.6568 0.6583 0.6599 0.6615
    16.600 0.6426 0.6440 0.6455 0.6469 0.6484 0.6500 0.6515 0.6531 0.6547
    16.800 0.6360 0.6374 0.6389 0.6403 0.6418 0.6433 0.6449 0.6464 0.6480
    17.000 0.6296 0.6310 0.6324 0.6339 0.6353 0.6368 0.6384 0.6399 0.6415
    17.200 0.6233 0.6247 0.6261 0.6276 0.6290 0.6305 0.6321 0.6336 0.6352
    17.400 0.6171 0.6185 0.6200 0.6214 0.6229 0.6244 0.6259 0.6274 0.6290
    17.600 0.6111 0.6125 0.6139 0.6154 0.6168 0.6183 0.6199 0.6214 0.6230
    17.800 0.6053 0.6067 0.6081 0.6095 0.6110 0.6125 0.6140 0.6155 0.6171
    18.000 0.5996 0.6009 0.6023 0.6038 0.6052 0.6067 0.6082 0.6098 0.6114
    18.200 0.5940 0.5953 0.5968 0.5982 0.5996 0.6011 0.6026 0.6042 0.6057
    18.400 0.5885 0.5899 0.5913 0.5927 0.5942 0.5956 0.5971 0.5987 0.6003
    18.600 0.5832 0.5845 0.5859 0.5874 0.5888 0.5903 0.5918 0.5933 0.5949
    18.800 0.5779 0.5793 0.5807 0.5821 0.5836 0.5850 0.5865 0.5881 0.5897
    19.000 0.5728 0.5742 0.5756 0.5770 0.5784 0.5799 0.5814 0.5830 0.5845
    19.200 0.5678 0.5692 0.5706 0.5720 0.5734 0.5749 0.5764 0.5780 0.5795
    19.400 0.5630 0.5643 0.5657 0.5671 0.5685 0.5700 0.5715 0.5731 0.5746
    19.600 0.5582 0.5595 0.5609 0.5623 0.5638 0.5652 0.5667 0.5683 0.5698
    19.800 0.5535 0.5549 0.5562 0.5576 0.5591 0.5606 0.5620 0.5636 0.5651
    20.000 0.5489 0.5503 0.5516 0.5531 0.5545 0.5560 0.5575 0.5590 0.5605
    20.200 0.5444 0.5458 0.5472 0.5486 0.5500 0.5515 0.5530 0.5545 0.5560
    20.400 0.5400 0.5414 0.5428 0.5442 0.5456 0.5471 0.5486 0.5501 0.5516
    20.600 0.5357 0.5371 0.5385 0.5399 0.5413 0.5428 0.5443 0.5458 0.5473
    20.800 0.5315 0.5329 0.5343 0.5357 0.5371 0.5386 0.5400 0.5415 0.5431
    21.000 0.5274 0.5288 0.5301 0.5315 0.5330 0.5344 0.5359 0.5374 0.5389
    21.200 0.5234 0.5247 0.5261 0.5275 0.5289 0.5304 0.5319 0.5334 0.5349
    21.400 0.5194 0.5208 0.5221 0.5235 0.5250 0.5264 0.5279 0.5294 0.5309
    21.600 0.5155 0.5169 0.5183 0.5197 0.5211 0.5225 0.5240 0.5255 0.5270
    21.800 0.5117 0.5131 0.5144 0.5158 0.5173 0.5187 0.5202 0.5217 0.5232
    22.000 0.5080 0.5093 0.5107 0.5121 0.5135 0.5150 0.5164 0.5179 0.5194
    22.200 0.5043 0.5057 0.5071 0.5085 0.5099 0.5113 0.5128 0.5143 0.5158
    22.400 0.5008 0.5021 0.5035 0.5049 0.5063 0.5077 0.5092 0.5107 0.5122
    22.600 0.4972 0.4986 0.5000 0.5013 0.5028 0.5042 0.5056 0.5071 0.5086
    22.800 0.4938 0.4951 0.4965 0.4979 0.4993 0.5007 0.5022 0.5037 0.5052
    23.000 0.4904 0.4917 0.4931 0.4945 0.4959 0.4973 0.4988 0.5003 0.5018
    23.200 0.4871 0.4884 0.4898 0.4912 0.4926 0.4940 0.4955 0.4969 0.4984
    23.400 0.4838 0.4852 0.4865 0.4879 0.4893 0.4907 0.4922 0.4937 0.4952
    23.600 0.4806 0.4820 0.4833 0.4847 0.4861 0.4875 0.4890 0.4905 0.4919
    23.800 0.4775 0.4788 0.4802 0.4816 0.4830 0.4844 0.4858 0.4873 0.4888
    24.000 0.4744 0.4757 0.4771 0.4785 0.4799 0.4813 0.4827 0.4842 0.4857
    24.200 0.4714 0.4727 0.4741 0.4754 0.4768 0.4783 0.4797 0.4812 0.4827
    24.400 0.4684 0.4697 0.4711 0.4725 0.4739 0.4753 0.4767 0.4782 0.4797
    24.600 0.4655 0.4668 0.4682 0.4695 0.4709 0.4724 0.4738 0.4753 0.4767
    24.800 0.4626 0.4639 0.4653 0.4667 0.4681 0.4695 0.4709 0.4724 0.4739
    25.000 0.4598 0.4611 0.4625 0.4638 0.4652 0.4667 0.4681 0.4695 0.4710
    25.200 0.4570 0.4583 0.4597 0.4611 0.4625 0.4639 0.4653 0.4668 0.4682
    25.400 0.4543 0.4556 0.4570 0.4583 0.4597 0.4612 0.4626 0.4640 0.4655
    25.600 0.4516 0.4530 0.4543 0.4557 0.4571 0.4585 0.4599 0.4614 0.4628
    25.800 0.4490 0.4503 0.4517 0.4530 0.4544 0.4558 0.4573 0.4587 0.4602
    26.000 0.4464 0.4477 0.4491 0.4505 0.4518 0.4533 0.4547 0.4561 0.4576
    26.200 0.4439 0.4452 0.4465 0.4479 0.4493 0.4507 0.4521 0.4536 0.4551
    26.400 0.4414 0.4427 0.4441 0.4454 0.4468 0.4482 0.4496 0.4511 0.4526
    26.600 0.4389 0.4402 0.4416 0.4430 0.4443 0.4458 0.4472 0.4486 0.4501
    26.800 0.4365 0.4378 0.4392 0.4405 0.4419 0.4433 0.4448 0.4462 0.4477
    27.000 0.4341 0.4355 0.4368 0.4382 0.4396 0.4410 0.4424 0.4438 0.4453
    27.200 0.4318 0.4331 0.4345 0.4358 0.4372 0.4386 0.4400 0.4415 0.4430
    27.400 0.4295 0.4308 0.4322 0.4335 0.4349 0.4363 0.4377 0.4392 0.4406
    27.600 0.4273 0.4286 0.4299 0.4313 0.4327 0.4341 0.4355 0.4369 0.4384
    27.800 0.4250 0.4264 0.4277 0.4291 0.4304 0.4318 0.4333 0.4347 0.4360
    28.000 0.4228 0.4242 0.4255 0.4269 0.4283 0.4297 0.4311 0.4325 0.4335
    28.200 0.4207 0.4220 0.4234 0.4247 0.4261 0.4275 0.4289 0.4303 0.4308
    28.400 0.4186 0.4199 0.4212 0.4226 0.4240 0.4254 0.4268 0.4278 0.4279
    28.600 0.4165 0.4178 0.4192 0.4205 0.4219 0.4233 0.4247 0.4252 0.4250
    28.800 0.4145 0.4158 0.4171 0.4185 0.4198 0.4212 0.4223 0.4223 0.4221
    29.000 0.4124 0.4138 0.4151 0.4165 0.4178 0.4192 0.4197 0.4195 0.4193
    29.200 0.4105 0.4118 0.4131 0.4145 0.4158 0.4170 0.4169 0.4167 0.4165
    29.400 0.4085 0.4098 0.4112 0.4125 0.4139 0.4144 0.4142 0.4140 0.4138
    29.600 0.4065 0.4079 0.4092 0.4106 0.4117 0.4117 0.4115 0.4113 0.4111
    29.800 0.4045 0.4060 0.4073 0.4087 0.4092 0.4090 0.4088 0.4086 0.4084
    30.000 0.4026 0.4041 0.4055 0.4066 0.4065 0.4063 0.4061 0.4059 0.4057
    30.200 0.4007 0.4022 0.4036 0.4041 0.4039 0.4037 0.4035 0.4033 0.4031
    30.400 0.3988 0.4003 0.4016 0.4015 0.4013 0.4011 0.4010 0.4008 0.4006
    30.600 0.3969 0.3984 0.3991 0.3990 0.3988 0.3986 0.3984 0.3982 0.3980
    30.800 0.3951 0.3963 0.3965 0.3965 0.3963 0.3961 0.3959 0.3957 0.3955
    31.000 0.3933 0.3940 0.3939 0.3939 0.3938 0.3936 0.3934 0.3932 0.3930
    31.200 0.3912 0.3914 0.3914 0.3914 0.3914 0.3912 0.3910 0.3908 0.3906
    31.400 0.3889 0.3889 0.3889 0.3889 0.3889 0.3888 0.3886 0.3884 0.3882
    31.600 0.3865 0.3865 0.3865 0.3865 0.3865 0.3864 0.3862 0.3860 0.3858
    31.800 0.3840 0.3840 0.3840 0.3840 0.3840 0.3840 0.3838 0.3836 0.3835
    32.000 0.3816 0.3816 0.3816 0.3816 0.3816 0.3816 0.3815 0.3813 0.3811


  --------------- waterline area  m2 --------------- 

      trim  -2.000  -1.000   0.000   1.000   2.000   3.000   4.000   5.000   6.000
   draught
     0.000  2726.7  2673.2  4949.6  2952.5  2968.2  3015.8  3065.3  3112.2  3155.7
     0.200  3682.6  4492.2  5284.3  4761.9  3898.6  3648.0  3546.1  3500.9  3468.8
     0.400  4626.7  5428.2  5464.7  5379.0  4830.5  4280.3  4026.4  3889.2  3779.2
     0.600  5321.1  5616.6  5611.1  5568.2  5416.8  4912.0  4506.4  4264.6  4098.4
     0.800  5695.0  5752.2  5735.3  5700.2  5607.4  5433.0  4985.4  4636.9  4418.6
     1.000  5854.6  5863.7  5844.5  5812.4  5752.9  5633.4  5404.7  5014.5  4738.3
     1.200  5969.5  5963.8  5944.4  5907.6  5865.4  5769.9  5630.3  5369.0  5060.0
     1.400  6067.1  6049.3  6032.8  5999.7  5958.0  5880.2  5754.2  5623.9  5367.0
     1.600  6153.9  6139.1  6112.2  6081.3  6037.3  5967.9  5853.9  5758.2  5621.3
     1.800  6233.4  6215.4  6184.6  6156.8  6111.4  6039.0  5955.7  5863.6  5775.8
     2.000  6302.3  6286.4  6259.7  6223.4  6171.7  6105.7  6045.2  5959.8  5894.7
     2.200  6388.5  6352.4  6324.0  6283.9  6223.5  6171.9  6119.6  6052.5  5998.5
     2.400  6471.9  6410.5  6388.5  6340.1  6276.2  6232.1  6191.0  6147.3  6092.3
     2.600  6548.2  6487.6  6447.2  6383.8  6334.7  6292.7  6257.8  6231.3  6170.5
     2.800  6614.5  6566.1  6485.2  6437.6  6392.1  6348.0  6327.4  6310.3  6243.4
     3.000  6658.4  6638.8  6542.5  6486.3  6445.5  6413.6  6399.3  6367.2  6311.3
     3.200  6703.3  6686.9  6608.7  6533.3  6504.4  6478.6  6460.2  6423.5  6378.2
     3.400  6756.7  6718.7  6674.2  6594.0  6557.4  6546.1  6519.8  6474.1  6430.7
     3.600  6798.5  6747.2  6729.0  6666.9  6613.7  6612.1  6571.2  6524.0  6484.2
     3.800  6847.4  6789.5  6769.2  6739.4  6688.9  6658.0  6620.6  6579.0  6530.5
     4.000  6886.2  6836.1  6806.4  6800.8  6764.6  6706.4  6669.6  6626.9  6580.4
     4.200  6929.1  6888.8  6850.6  6860.3  6836.6  6760.5  6712.0  6674.7  6644.2
     4.400  6989.0  6937.3  6903.6  6905.5  6889.8  6815.1  6759.8  6732.8  6689.0
     4.600  7039.8  6982.9  6973.7  6946.3  6929.7  6886.9  6823.5  6772.5  6735.4
     4.800  7091.7  7050.2  7026.2  6991.9  6968.2  6943.0  6867.4  6820.0  6777.9
     5.000  7143.1  7114.5  7078.5  7040.1  6994.8  6989.5  6943.5  6868.3  6814.9
     5.200  7188.3  7173.3  7135.0  7083.8  7050.9  7028.4  6992.3  6910.7  6862.1
     5.400  7263.2  7233.7  7184.6  7136.9  7096.6  7050.5  7031.0  6981.7  6907.5
     5.600  7327.2  7276.8  7242.1  7190.0  7138.5  7091.8  7070.2  7029.4  6948.2
     5.800  7390.9  7343.4  7288.9  7238.3  7177.5  7135.4  7097.5  7069.7  7013.1
     6.000  7450.5  7395.0  7330.9  7279.7  7226.8  7175.8  7128.0  7106.1  7061.1
     6.200  7494.2  7440.7  7378.6  7326.2  7274.3  7213.3  7169.4  7136.4  7100.2
     6.400  7556.1  7487.9  7430.3  7363.8  7313.0  7259.3  7208.0  7159.0  7136.8
     6.600  7612.7  7529.5  7472.1  7408.6  7358.6  7305.8  7244.1  7198.3  7167.9
     6.800  7662.2  7593.6  7519.5  7461.0  7395.7  7343.4  7286.5  7235.6  7185.0
     7.000  7703.5  7643.7  7558.1  7502.0  7434.2  7386.3  7332.2  7270.1  7221.8
     7.200  7760.3  7688.9  7617.3  7547.0  7486.6  7422.7  7369.1  7308.5  7257.5
     7.400  7813.6  7731.8  7669.1  7594.2  7528.2  7457.2  7409.2  7353.3  7290.1
     7.600  7863.9  7775.8  7710.8  7635.4  7577.9  7507.0  7444.6  7389.2  7324.3
     7.800  7910.5  7834.0  7755.8  7689.5  7616.7  7549.0  7477.1  7425.9  7367.9
     8.000  7962.2  7878.4  7794.5  7730.5  7651.6  7595.0  7522.2  7460.6  7401.7
     8.200  8016.3  7930.0  7848.3  7773.8  7703.9  7634.1  7572.7  7491.6  7433.7
     8.400  8065.0  7967.1  7895.5  7809.9  7747.3  7668.5  7605.7  7530.3  7464.1
     8.600  8117.6  8027.8  7941.5  7855.9  7786.2  7712.9  7644.6  7579.2  7492.7
     8.800  8167.5  8072.6  7982.5  7906.7  7823.5  7757.4  7678.6  7608.7  7537.5
     9.000  8207.9  8119.6  8030.9  7947.7  7854.6  7791.4  7712.3  7640.5  7583.8
     9.200  8239.1  8172.4  8081.0  7992.7  7911.0  7830.2  7757.4  7674.8  7619.7
     9.400  8265.6  8216.8  8124.7  8024.9  7950.8  7862.5  7787.3  7706.4  7657.4
     9.600  8288.7  8250.8  8170.2  8081.6  7992.5  7904.8  7823.6  7759.3  7692.7
     9.800  8309.1  8278.1  8217.2  8121.9  8028.0  7945.3  7857.9  7799.7  7724.9
    10.000  8327.0  8301.3  8255.8  8163.8  8070.8  7978.7  7896.2  7836.0  7770.8
    10.200  8343.0  8321.3  8284.1  8210.9  8114.5  8021.7  7948.0  7872.5  7813.8
    10.400  8357.5  8338.9  8307.2  8250.5  8148.7  8052.9  7986.1  7905.2  7846.6
    10.600  8370.4  8353.9  8326.8  8280.5  8187.8  8109.5  8029.0  7954.8  7880.8
    10.800  8381.8  8367.3  8343.3  8301.0  8236.7  8150.1  8065.1  7994.0  7903.7
    11.000  8355.2  8379.1  8356.9  8319.3  8276.5  8192.2  8110.1  8030.4  7837.9
    11.200  8354.3  8389.3  8367.5  8339.8  8306.6  8238.4  8151.3  8017.6  7691.5
    11.400  8354.2  8397.4  8375.2  8358.0  8331.4  8275.7  8188.5  7920.3  7426.9
    11.600  8356.6  8358.9  8386.9  8374.4  8347.7  8309.5  8148.6  7671.1  7173.4
    11.800  8351.7  8354.3  8399.0  8384.1  8361.3  8330.4  7974.4  7352.8  6900.5
    12.000  8320.1  8349.6  8410.1  8391.9  8377.1  8236.8  7571.0  7028.7  6638.1
    12.200  7495.8  8348.6  8350.9  8397.0  8391.3  7797.3  7149.4  6705.0  6377.4
    12.400  6582.6  8346.6  8356.2  8401.6  8140.4  7208.0  6715.7  6379.5  6112.5
    12.600  5668.3  7577.5  8359.1  8364.9  7263.3  6613.1  6278.2  6052.1  5848.0
    12.800  4768.1  5762.5  8361.5  7307.1  6360.3  6024.7  5840.4  5710.0  5582.6
    13.000  3859.2  3949.2  8372.5  5492.1  5457.3  5427.5  5398.9  5365.8  5315.4
    13.200  2951.6  2134.8   751.5  3645.2  4506.1  4823.5  4955.7  5018.7  5040.0
    13.400  2048.9   748.0   755.2  1863.1  3607.3  4233.1  4507.2  4669.6  4758.9
    13.600  1155.6   751.7   758.8   766.1  2697.5  3588.6  4069.5  4324.1  4474.0
    13.800   748.2   755.3   762.5   769.8  1795.7  2985.4  3623.2  3970.7  4196.4
    14.000   751.9   759.0   766.2   773.5   975.8  2380.9  3175.9  3617.3  3907.8
    14.200   755.5   762.7   769.9   777.2   784.7  1783.7  2682.1  3262.7  3612.3
    14.400   759.2   766.3   773.5   780.9   788.5  1186.9  2236.0  2907.2  3320.5
    14.600   762.8   770.0   777.2   784.7   792.4   800.3  1786.1  2513.5  3027.5
    14.800   766.5   773.6   780.9   788.5   796.3   804.3  1333.6  2154.9  2733.4
    15.000   770.1   777.3   784.7   792.4   800.2   808.3   970.5  1794.9  2438.3
    15.200   773.7   781.0   788.5   796.3   804.2   812.4   820.9  1433.9  2105.4
    15.400   777.4   784.8   792.4   800.2   808.2   816.5   825.1  1113.5  1807.1
    15.600   781.1   788.6   796.3   804.1   812.3   820.7   829.4   855.8  1507.7
    15.800   784.9   792.4   800.2   808.1   816.3   824.9   833.7   842.9  1215.6
    16.000   788.7   796.3   804.0   812.2   820.5   829.2   838.1   847.4   997.2
    16.200   792.5   800.1   808.0   816.2   824.7   833.5   842.6   852.0   861.7
    16.400   796.3   804.0   812.1   820.3   829.0   837.9   847.1   856.6   866.5
    16.600   800.1   808.0   816.1   824.6   833.2   842.3   851.6   861.3   871.4
    16.800   804.0   812.0   820.2   828.8   837.6   846.7   856.3   866.1   876.3
    17.000   807.9   816.1   824.4   833.0   842.0   851.3   860.9   870.9   881.2
    17.200   812.0   820.1   828.6   837.4   846.5   855.9   865.7   875.8   886.2
    17.400   816.0   824.3   832.9   841.8   851.0   860.6   870.5   880.7   891.3
    17.600   820.1   828.5   837.2   846.2   855.6   865.3   875.3   885.7   896.4
    17.800   824.2   832.7   841.6   850.7   860.2   870.1   880.3   890.8   901.5
    18.000   828.4   837.0   846.0   855.3   864.9   874.9   885.2   895.9   906.5
    18.200   832.6   841.4   850.5   859.9   869.7   879.8   890.3   901.0   911.6
    18.400   836.8   845.8   855.0   864.6   874.5   884.8   895.4   906.0   916.7
    18.600   841.2   850.2   859.6   869.4   879.4   889.8   900.5   911.1   921.9
    18.800   845.6   854.8   864.3   874.1   884.3   894.9   905.6   916.2   927.0
    19.000   850.0   859.4   869.0   879.0   889.3   900.0   910.6   921.3   932.3
    19.200   854.5   864.0   873.8   883.9   894.4   905.1   915.7   926.5   937.5
    19.400   859.1   868.7   878.6   888.9   899.5   910.2   920.8   931.7   942.7
    19.600   863.7   873.5   883.5   893.9   904.7   915.2   926.0   936.9   947.9
    19.800   868.4   878.3   888.5   899.0   909.7   920.3   931.2   942.1   953.1
    20.000   873.2   883.2   893.5   904.2   914.8   925.5   936.4   947.3   958.4
    20.200   878.0   888.1   898.6   909.3   919.9   930.7   941.6   952.6   963.7
    20.400   882.8   893.1   903.7   914.3   925.1   935.9   946.8   957.8   969.1
    20.600   887.8   898.2   908.9   919.4   930.2   941.1   952.0   963.2   974.4
    20.800   892.7   903.3   913.9   924.6   935.4   946.3   957.3   968.5   979.8
    21.000   897.8   908.5   919.0   929.8   940.6   951.5   962.6   973.8   985.2
    21.200   902.9   913.6   924.2   935.0   945.8   956.8   967.9   979.2   990.6
    21.400   908.1   918.6   929.3   940.1   951.0   962.1   973.3   984.6   996.0
    21.600   913.2   923.8   934.5   945.4   956.3   967.4   978.6   990.0  1001.5
    21.800   918.3   928.9   939.7   950.6   961.6   972.7   984.0   995.4  1006.9
    22.000   923.4   934.1   944.9   955.8   966.9   978.1   989.4  1000.8  1012.4
    22.200   928.5   939.3   950.1   961.1   972.2   983.5   994.8  1006.3  1017.9
    22.400   933.7   944.5   955.3   966.4   977.6   988.8  1000.3  1011.8  1023.5
    22.600   938.9   949.7   960.6   971.7   982.9   994.3  1005.7  1017.3  1029.0
    22.800   944.1   954.9   965.9   977.1   988.3   999.7  1011.2  1022.8  1034.6
    23.000   949.3   960.2   971.3   982.4   993.7  1005.1  1016.7  1028.4  1040.1
    23.200   954.5   965.5   976.6   987.8   999.1  1010.6  1022.2  1033.9  1045.8
    23.400   959.8   970.8   981.9   993.2  1004.6  1016.1  1027.7  1039.5  1051.4
    23.600   965.1   976.1   987.3   998.6  1010.1  1021.6  1033.3  1045.1  1057.0
    23.800   970.4   981.5   992.7  1004.1  1015.5  1027.1  1038.9  1050.7  1062.7
    24.000   975.7   986.8   998.1  1009.5  1021.0  1032.7  1044.4  1056.3  1068.3
    24.200   981.0   992.2  1003.6  1015.0  1026.6  1038.3  1050.0  1062.0  1073.9
    24.400   986.4   997.7  1009.0  1020.5  1032.1  1043.8  1055.7  1067.6  1079.6
    24.600   991.8  1003.1  1014.4  1026.0  1037.7  1049.4  1061.3  1073.2  1085.2
    24.800   997.2  1008.5  1020.0  1031.6  1043.2  1055.0  1066.9  1078.8  1090.9
    25.000  1002.6  1013.9  1025.5  1037.1  1048.8  1060.7  1072.5  1084.5  1096.5
    25.200  1008.0  1019.4  1031.0  1042.7  1054.4  1066.3  1078.1  1090.1  1102.1
    25.400  1013.5  1025.0  1036.6  1048.2  1060.0  1071.9  1083.8  1095.7  1107.8
    25.600  1019.0  1030.5  1042.1  1053.8  1065.6  1077.5  1089.4  1101.4  1113.4
    25.800  1024.5  1036.0  1047.7  1059.4  1071.2  1083.1  1095.0  1107.0  1119.0
    26.000  1030.0  1041.6  1053.2  1065.0  1076.8  1088.7  1100.6  1112.6  1124.6
    26.200  1035.5  1047.1  1058.9  1070.6  1082.4  1094.3  1106.2  1118.2  1130.2
    26.400  1041.1  1052.7  1064.4  1076.2  1088.0  1099.9  1111.8  1123.8  1135.8
    26.600  1046.6  1058.3  1070.0  1081.8  1093.6  1105.5  1117.4  1129.4  1141.4
    26.800  1052.2  1063.9  1075.6  1087.4  1099.2  1111.1  1123.0  1135.0  1146.9
    27.000  1057.8  1069.4  1081.2  1093.0  1104.8  1116.7  1128.6  1140.5  1152.5
    27.200  1063.3  1075.0  1086.8  1098.5  1110.4  1122.3  1134.2  1146.1  1158.1
    27.400  1068.9  1080.6  1092.3  1104.1  1116.0  1127.8  1139.7  1151.7  1163.6
    27.600  1074.4  1086.2  1097.9  1109.7  1121.5  1133.4  1145.3  1157.2  1155.4
    27.800  1080.0  1091.7  1103.4  1115.3  1127.1  1138.9  1150.8  1162.7   930.4
    28.000  1085.6  1097.3  1109.0  1120.8  1132.6  1144.5  1156.4  1168.3   648.5
    28.200  1091.1  1102.8  1114.6  1126.4  1138.2  1150.0  1161.9   985.7   346.4
    28.400  1096.7  1108.4  1120.1  1131.9  1143.7  1155.6  1167.4   643.3   144.9
    28.600  1102.2  1113.9  1125.7  1137.4  1149.2  1161.1  1075.8   281.0   110.4
    28.800  1107.7  1119.5  1131.2  1142.9  1154.8  1166.6   635.6   117.4   110.4
    29.000  1113.3  1125.0  1136.7  1148.5  1160.3  1153.7   213.1   110.4   110.4
    29.200  1118.8  1130.5  1142.2  1154.0  1165.8   621.6   110.4   110.4   110.4
    29.400  1103.2  1136.0  1147.8  1159.5  1171.3   152.7   110.4   110.4   110.4
    29.600  1019.4  1141.5  1153.3  1165.1   617.3   110.4   110.4   110.4   110.4
    29.800  1024.9  1147.1  1158.8  1170.6   111.1   110.4   110.4   110.4   110.4
    30.000  1030.4  1042.2  1164.3   643.7   110.4   110.4   110.4   110.4   110.4
    30.200  1036.0  1047.7  1135.1   110.4   110.4   110.4   110.4   110.4   110.4
    30.400  1041.5  1053.2   637.5   110.4   110.4   110.4   110.4   110.4   110.4
    30.600  1047.0   953.0     0.0   110.4   110.4   110.4   110.4   110.4   110.4
    30.800  1052.5   512.0     0.0   110.4   110.4   110.4   110.4   110.4   110.4
    31.000   880.4    59.6     0.0     0.0   110.4   110.4   110.4   110.4   110.4
    31.200   525.3     0.0     0.0     0.0   110.4   110.4   110.4   110.4   110.4
    31.400   151.3     0.0     0.0     0.0    21.2   110.4   110.4   110.4   110.4
    31.600     0.0     0.0     0.0     0.0     0.0   110.4   110.4   110.4   110.4
    31.800     0.0     0.0     0.0     0.0     0.0   102.5   110.4   110.4   110.4
    32.000     0.0     0.0     0.0     0.0     0.0     0.0   110.4   110.4   110.4

  --------------- moment to change trim  tm/cm --------------- 

      trim -2.000 -1.000  0.000  1.000  2.000  3.000  4.000  5.000  6.000
   draught
     0.000   58.1   56.7  352.7   86.0   87.1   90.3   93.5   96.4   99.2
     0.200  128.6  229.6  408.1  294.3  171.6  143.8  133.1  128.2  123.8
     0.400  242.5  418.5  438.7  412.6  301.2  216.5  183.4  166.7  152.0
     0.600  368.0  461.5  465.3  456.9  411.0  311.4  245.6  210.2  186.6
     0.800  462.5  489.4  489.1  483.3  452.1  409.4  321.0  260.4  226.7
     1.000  504.7  512.6  511.0  505.3  490.3  451.1  398.4  320.3  272.6
     1.200  531.7  534.3  532.1  524.6  515.7  482.2  444.0  385.3  325.3
     1.400  554.8  553.3  551.4  544.6  535.3  510.4  470.0  437.8  382.4
     1.600  575.9  574.8  569.5  562.8  552.4  532.1  493.1  466.9  435.2
     1.800  595.9  593.4  586.5  580.5  568.7  548.0  519.3  491.3  469.6
     2.000  613.7  611.3  605.4  596.5  581.9  562.7  544.6  515.3  498.0
     2.200  638.8  628.4  621.8  611.0  592.3  578.0  564.5  540.2  524.6
     2.400  663.3  643.6  638.6  624.2  604.5  592.4  582.1  568.0  549.3
     2.600  685.3  666.0  654.0  633.4  618.9  607.5  599.1  593.1  570.5
     2.800  703.8  689.9  662.0  646.6  633.4  621.6  617.7  615.5  591.5
     3.000  714.4  711.3  676.9  658.8  647.2  639.3  637.9  630.0  611.8
     3.200  725.7  723.2  696.6  670.9  663.3  657.4  654.8  644.5  631.6
     3.400  740.7  729.4  715.7  687.7  677.8  677.2  671.0  657.6  645.2
     3.600  751.3  734.0  731.0  711.1  693.9  696.9  684.8  670.8  659.2
     3.800  764.7  745.0  741.4  733.7  717.2  709.3  698.2  685.9  671.3
     4.000  774.4  758.0  750.1  752.6  742.6  722.9  711.8  698.9  684.8
     4.200  786.5  773.6  762.6  771.4  765.9  738.5  723.4  712.1  700.2
     4.400  804.9  788.2  778.9  784.2  782.0  755.6  737.0  726.0  712.5
     4.600  820.5  802.4  802.4  795.6  793.5  779.4  753.3  737.0  725.5
     4.800  837.0  824.5  819.3  809.3  803.9  795.8  766.0  750.8  737.4
     5.000  853.7  846.5  836.8  824.2  809.4  808.2  792.3  765.0  747.7
     5.200  868.7  866.6  855.1  837.7  824.1  819.2  807.8  777.4  761.6
     5.400  895.4  888.0  871.2  851.9  838.4  823.0  819.5  802.0  774.9
     5.600  918.4  902.1  887.3  869.3  851.4  835.6  831.0  817.4  786.9
     5.800  942.2  922.3  902.8  885.1  863.7  849.3  837.4  829.9  809.0
     6.000  960.2  940.0  916.7  898.5  879.9  862.0  845.5  840.7  825.0
     6.200  975.5  955.7  933.0  914.0  895.6  873.9  858.5  848.6  837.3
     6.400  998.3  972.3  951.0  926.4  908.2  889.0  870.7  853.5  848.4
     6.600 1016.9  986.9  965.4  941.8  923.5  904.5  882.1  865.8  857.0
     6.800 1035.2 1008.7  982.2  960.3  935.8  916.7  896.0  877.6  859.5
     7.000 1050.3 1027.0  995.6  974.4  948.9  931.2  911.3  888.6  871.0
     7.200 1072.3 1043.7 1015.6  990.4  967.5  943.2  923.3  901.0  882.3
     7.400 1092.9 1059.5 1034.9 1005.4  981.9  954.8  936.8  916.0  892.5
     7.600 1112.5 1076.2 1050.2 1020.2  997.8  972.5  948.6  927.7  903.4
     7.800 1130.8 1099.1 1067.0 1040.5 1011.5  987.2  959.4  939.9  917.9
     8.000 1151.8 1116.2 1081.5 1055.5 1023.9 1001.7  975.3  951.3  928.7
     8.200 1173.9 1136.9 1102.6 1071.8 1043.5 1015.5  991.4  961.5  938.8
     8.400 1193.9 1151.3 1121.0 1085.1 1059.6 1027.7 1002.6  974.8  948.1
     8.600 1216.1 1176.5 1139.2 1103.0 1074.0 1044.1 1016.4  990.1  957.1
     8.800 1237.2 1194.7 1155.4 1123.0 1087.9 1060.6 1028.3  999.6  971.3
     9.000 1254.0 1214.2 1175.1 1139.0 1099.2 1072.9 1040.1 1009.8  988.2
     9.200 1266.7 1236.8 1195.8 1157.0 1121.8 1087.3 1056.7 1022.2 1001.0
     9.400 1277.4 1255.5 1213.8 1169.3 1137.1 1099.1 1066.6 1033.7 1014.8
     9.600 1286.5 1269.6 1232.9 1193.0 1153.5 1115.3 1079.9 1054.2 1027.7
     9.800 1294.5 1280.6 1252.9 1209.3 1167.3 1130.5 1092.9 1069.5 1039.6
    10.000 1301.5 1289.8 1269.0 1226.7 1184.6 1142.6 1108.0 1083.4 1057.3
    10.200 1307.7 1297.6 1280.4 1246.7 1202.1 1160.2 1129.0 1097.5 1073.9
    10.400 1313.3 1304.3 1289.5 1263.1 1215.2 1172.6 1144.2 1110.2 1086.3
    10.600 1318.1 1310.0 1297.0 1275.1 1231.4 1196.8 1161.8 1130.5 1100.9
    10.800 1322.3 1314.9 1303.1 1282.3 1252.7 1213.9 1176.6 1147.1 1110.5
    11.000 1309.1 1319.1 1307.8 1288.8 1270.0 1231.8 1195.6 1162.5 1092.2
    11.200 1307.8 1322.5 1311.0 1297.3 1282.7 1252.1 1214.5 1160.5 1057.2
    11.400 1308.3 1325.0 1312.6 1304.8 1293.1 1269.7 1230.4 1132.2  996.4
    11.600 1308.6 1306.1 1317.0 1311.5 1301.1 1284.4 1220.2 1072.9  946.2
    11.800 1308.4 1303.9 1321.9 1316.6 1308.7 1295.4 1172.2 1001.2  897.1
    12.000 1292.6 1303.7 1326.5 1321.8 1315.6 1262.5 1069.7  939.1  858.7
    12.200  965.1 1305.3 1307.2 1326.8 1321.7 1135.3  979.2  887.7  827.1
    12.400  685.6 1306.1 1309.8 1330.3 1238.9  998.5  902.5  845.1  799.0
    12.600  478.4  995.7 1311.5 1313.8 1013.1  891.4  842.0  810.8  777.8
    12.800  333.9  497.0 1313.2 1017.8  855.9  814.6  795.5  781.7  763.9
    13.000  239.7  247.2 1315.8  754.0  762.6  762.8  762.1  759.8  752.8
    13.200  186.7  166.1  159.0  693.8  710.4  732.6  740.7  744.7  744.4
    13.400  164.9  158.8  159.2  651.9  702.9  720.5  729.3  736.0  739.0
    13.600  161.6  159.0  159.3  159.7  702.7  711.7  726.3  732.7  736.9
    13.800  158.8  159.2  159.5  159.8  651.4  714.4  728.6  733.4  737.9
    14.000  159.0  159.3  159.6  160.0  360.6  706.0  732.7  737.1  741.1
    14.200  159.1  159.5  159.8  160.1  160.5  657.2  723.5  741.6  745.5
    14.400  159.3  159.6  159.9  160.3  160.7  486.8  709.9  744.3  750.6
    14.600  159.5  159.8  160.1  160.4  160.8  161.2  665.2  733.0  754.5
    14.800  159.6  159.9  160.3  160.6  161.0  161.4  550.3  715.1  755.1
    15.000  159.8  160.1  160.4  160.8  161.2  161.6  332.1  674.5  749.7
    15.200  159.9  160.2  160.6  160.9  161.3  161.7  162.2  588.0  721.6
    15.400  160.1  160.4  160.7  161.1  161.5  161.9  162.4  433.2  684.5
    15.600  160.2  160.6  160.9  161.3  161.7  162.1  162.6  186.3  614.7
    15.800  160.4  160.7  161.1  161.5  161.9  162.3  162.8  163.2  490.0
    16.000  160.6  160.9  161.3  161.6  162.1  162.5  163.0  163.4  325.4
    16.200  160.7  161.1  161.4  161.8  162.2  162.7  163.1  163.6  164.2
    16.400  160.9  161.2  161.6  162.0  162.4  162.9  163.3  163.9  164.4
    16.600  161.1  161.4  161.8  162.2  162.6  163.1  163.6  164.1  164.6
    16.800  161.2  161.6  162.0  162.4  162.8  163.3  163.8  164.3  164.8
    17.000  161.4  161.8  162.1  162.6  163.0  163.5  164.0  164.5  165.0
    17.200  161.6  161.9  162.3  162.8  163.2  163.7  164.2  164.7  165.3
    17.400  161.7  162.1  162.5  163.0  163.4  163.9  164.4  164.9  165.5
    17.600  161.9  162.3  162.7  163.1  163.6  164.1  164.6  165.1  165.7
    17.800  162.1  162.5  162.9  163.3  163.8  164.3  164.8  165.4  165.9
    18.000  162.3  162.7  163.1  163.6  164.0  164.5  165.0  165.6  166.1
    18.200  162.5  162.9  163.3  163.8  164.2  164.7  165.3  165.8  166.3
    18.400  162.7  163.1  163.5  164.0  164.4  165.0  165.5  166.0  166.5
    18.600  162.9  163.3  163.7  164.2  164.7  165.2  165.7  166.2  166.8
    18.800  163.0  163.5  163.9  164.4  164.9  165.4  165.9  166.4  167.0
    19.000  163.2  163.7  164.1  164.6  165.1  165.6  166.1  166.7  167.2
    19.200  163.4  163.9  164.3  164.8  165.3  165.8  166.3  166.9  167.4
    19.400  163.6  164.1  164.5  165.0  165.5  166.0  166.6  167.1  167.6
    19.600  163.9  164.3  164.8  165.3  165.8  166.3  166.8  167.3  167.8
    19.800  164.1  164.5  165.0  165.5  166.0  166.5  167.0  167.5  168.0
    20.000  164.3  164.7  165.2  165.7  166.2  166.7  167.2  167.7  168.2
    20.200  164.5  164.9  165.4  165.9  166.4  166.9  167.4  167.9  168.4
    20.400  164.7  165.2  165.6  166.1  166.6  167.1  167.6  168.1  168.6
    20.600  164.9  165.4  165.9  166.3  166.8  167.3  167.8  168.3  168.8
    20.800  165.1  165.6  166.1  166.5  167.0  167.5  168.0  168.5  169.0
    21.000  165.3  165.8  166.3  166.8  167.2  167.7  168.2  168.7  169.2
    21.200  165.6  166.0  166.5  167.0  167.4  167.9  168.4  168.9  169.4
    21.400  165.8  166.2  166.7  167.2  167.6  168.1  168.6  169.1  169.6
    21.600  166.0  166.4  166.9  167.4  167.8  168.3  168.8  169.3  169.8
    21.800  166.2  166.7  167.1  167.6  168.0  168.5  169.0  169.5  170.0
    22.000  166.4  166.9  167.3  167.8  168.2  168.7  169.2  169.7  170.2
    22.200  166.6  167.1  167.5  168.0  168.4  168.9  169.4  169.9  170.4
    22.400  166.8  167.3  167.7  168.2  168.6  169.1  169.6  170.1  170.6
    22.600  167.0  167.5  167.9  168.4  168.8  169.3  169.8  170.3  170.8
    22.800  167.3  167.7  168.1  168.6  169.0  169.5  170.0  170.5  171.0
    23.000  167.5  167.9  168.3  168.8  169.2  169.7  170.2  170.7  171.1
    23.200  167.7  168.1  168.5  169.0  169.4  169.9  170.4  170.8  171.3
    23.400  167.9  168.3  168.7  169.2  169.6  170.1  170.6  171.0  171.5
    23.600  168.1  168.5  168.9  169.4  169.8  170.3  170.8  171.2  171.7
    23.800  168.3  168.7  169.1  169.6  170.0  170.5  170.9  171.4  171.9
    24.000  168.5  168.9  169.3  169.8  170.2  170.7  171.1  171.6  172.1
    24.200  168.7  169.1  169.5  170.0  170.4  170.9  171.3  171.8  172.3
    24.400  168.9  169.3  169.7  170.2  170.6  171.0  171.5  172.0  172.4
    24.600  169.1  169.5  169.9  170.3  170.8  171.2  171.7  172.2  172.6
    24.800  169.3  169.7  170.1  170.5  171.0  171.4  171.9  172.3  172.8
    25.000  169.5  169.9  170.3  170.7  171.2  171.6  172.1  172.5  173.0
    25.200  169.7  170.1  170.5  170.9  171.4  171.8  172.2  172.7  173.2
    25.400  169.8  170.3  170.7  171.1  171.5  172.0  172.4  172.9  173.3
    25.600  170.0  170.5  170.9  171.3  171.7  172.2  172.6  173.1  173.5
    25.800  170.2  170.6  171.1  171.5  171.9  172.3  172.8  173.2  173.7
    26.000  170.4  170.8  171.2  171.7  172.1  172.5  173.0  173.4  173.9
    26.200  170.6  171.0  171.4  171.8  172.3  172.7  173.1  173.6  174.0
    26.400  170.8  171.2  171.6  172.0  172.5  172.9  173.3  173.8  174.2
    26.600  171.0  171.4  171.8  172.2  172.6  173.1  173.5  173.9  174.4
    26.800  171.2  171.6  172.0  172.4  172.8  173.2  173.7  174.1  174.6
    27.000  171.4  171.8  172.2  172.6  173.0  173.4  173.8  174.3  174.7
    27.200  171.6  171.9  172.3  172.8  173.2  173.6  174.0  174.4  174.9
    27.400  171.7  172.1  172.5  172.9  173.3  173.8  174.2  174.6  175.1
    27.600  171.9  172.3  172.7  173.1  173.5  173.9  174.4  174.8  174.4
    27.800  172.1  172.5  172.9  173.3  173.7  174.1  174.5  175.0  162.0
    28.000  172.3  172.7  173.1  173.5  173.9  174.3  174.7  175.1  145.2
    28.200  172.5  172.8  173.2  173.6  174.0  174.4  174.9  165.2  113.1
    28.400  172.6  173.0  173.4  173.8  174.2  174.6  175.0  145.4   37.7
    28.600  172.8  173.2  173.6  174.0  174.4  174.8  170.6  100.4    0.0
    28.800  173.0  173.4  173.8  174.1  174.5  174.9  146.0    9.3    0.0
    29.000  173.2  173.6  173.9  174.3  174.7  174.4   79.5    0.0    0.0
    29.200  173.4  173.7  174.1  174.5  174.9  147.4    0.0    0.0    0.0
    29.400  142.4  173.9  174.3  174.7  175.0   45.8    0.0    0.0    0.0
    29.600    4.5  174.1  174.4  174.8  152.4    0.0    0.0    0.0    0.0
    29.800    4.5  174.2  174.6  175.0    1.0    0.0    0.0    0.0    0.0
    30.000    4.5    4.6  174.8  161.2    0.0    0.0    0.0    0.0    0.0
    30.200    4.5    4.6  174.9    0.0    0.0    0.0    0.0    0.0    0.0
    30.400    4.6    4.6  165.4    0.0    0.0    0.0    0.0    0.0    0.0
    30.600    4.6    3.8    0.0    0.0    0.0    0.0    0.0    0.0    0.0
    30.800    4.6    1.1    0.0    0.0    0.0    0.0    0.0    0.0    0.0
    31.000    3.1    0.0    0.0    0.0    0.0    0.0    0.0    0.0    0.0
    31.200    1.1    0.0    0.0    0.0    0.0    0.0    0.0    0.0    0.0
    31.400    0.1    0.0    0.0    0.0    0.0    0.0    0.0    0.0    0.0
    31.600    0.0    0.0    0.0    0.0    0.0    0.0    0.0    0.0    0.0
    31.800    0.0    0.0    0.0    0.0    0.0    0.0    0.0    0.0    0.0
    32.000    0.0    0.0    0.0    0.0    0.0    0.0    0.0    0.0    0.0

  --------------- immersion/cm  t/cm --------------- 

      trim -2.000 -1.000  0.000  1.000  2.000  3.000  4.000  5.000  6.000
   draught
     0.000   27.9   27.4   50.7   30.3   30.4   30.9   31.4   31.9   32.3
     0.200   37.7   46.0   54.2   48.8   40.0   37.4   36.3   35.9   35.6
     0.400   47.4   55.6   56.0   55.1   49.5   43.9   41.3   39.9   38.7
     0.600   54.5   57.6   57.5   57.1   55.5   50.3   46.2   43.7   42.0
     0.800   58.4   59.0   58.8   58.4   57.5   55.7   51.1   47.5   45.3
     1.000   60.0   60.1   59.9   59.6   59.0   57.7   55.4   51.4   48.6
     1.200   61.2   61.1   60.9   60.6   60.1   59.1   57.7   55.0   51.9
     1.400   62.2   62.0   61.8   61.5   61.1   60.3   59.0   57.6   55.0
     1.600   63.1   62.9   62.7   62.3   61.9   61.2   60.0   59.0   57.6
     1.800   63.9   63.7   63.4   63.1   62.6   61.9   61.0   60.1   59.2
     2.000   64.6   64.4   64.2   63.8   63.3   62.6   62.0   61.1   60.4
     2.200   65.5   65.1   64.8   64.4   63.8   63.3   62.7   62.0   61.5
     2.400   66.3   65.7   65.5   65.0   64.3   63.9   63.5   63.0   62.4
     2.600   67.1   66.5   66.1   65.4   64.9   64.5   64.1   63.9   63.2
     2.800   67.8   67.3   66.5   66.0   65.5   65.1   64.9   64.7   64.0
     3.000   68.2   68.0   67.1   66.5   66.1   65.7   65.6   65.3   64.7
     3.200   68.7   68.5   67.7   67.0   66.7   66.4   66.2   65.8   65.4
     3.400   69.3   68.9   68.4   67.6   67.2   67.1   66.8   66.4   65.9
     3.600   69.7   69.2   69.0   68.3   67.8   67.8   67.4   66.9   66.5
     3.800   70.2   69.6   69.4   69.1   68.6   68.2   67.9   67.4   66.9
     4.000   70.6   70.1   69.8   69.7   69.3   68.7   68.4   67.9   67.4
     4.200   71.0   70.6   70.2   70.3   70.1   69.3   68.8   68.4   68.1
     4.400   71.6   71.1   70.8   70.8   70.6   69.9   69.3   69.0   68.6
     4.600   72.2   71.6   71.5   71.2   71.0   70.6   69.9   69.4   69.0
     4.800   72.7   72.3   72.0   71.7   71.4   71.2   70.4   69.9   69.5
     5.000   73.2   72.9   72.6   72.2   71.7   71.6   71.2   70.4   69.9
     5.200   73.7   73.5   73.1   72.6   72.3   72.0   71.7   70.8   70.3
     5.400   74.4   74.1   73.6   73.2   72.7   72.3   72.1   71.6   70.8
     5.600   75.1   74.6   74.2   73.7   73.2   72.7   72.5   72.1   71.2
     5.800   75.8   75.3   74.7   74.2   73.6   73.1   72.7   72.5   71.9
     6.000   76.4   75.8   75.1   74.6   74.1   73.6   73.1   72.8   72.4
     6.200   76.8   76.3   75.6   75.1   74.6   73.9   73.5   73.1   72.8
     6.400   77.4   76.8   76.2   75.5   75.0   74.4   73.9   73.4   73.2
     6.600   78.0   77.2   76.6   75.9   75.4   74.9   74.3   73.8   73.5
     6.800   78.5   77.8   77.1   76.5   75.8   75.3   74.7   74.2   73.6
     7.000   79.0   78.3   77.5   76.9   76.2   75.7   75.2   74.5   74.0
     7.200   79.5   78.8   78.1   77.4   76.7   76.1   75.5   74.9   74.4
     7.400   80.1   79.3   78.6   77.8   77.2   76.4   75.9   75.4   74.7
     7.600   80.6   79.7   79.0   78.3   77.7   76.9   76.3   75.7   75.1
     7.800   81.1   80.3   79.5   78.8   78.1   77.4   76.6   76.1   75.5
     8.000   81.6   80.8   79.9   79.2   78.4   77.8   77.1   76.5   75.9
     8.200   82.2   81.3   80.4   79.7   79.0   78.2   77.6   76.8   76.2
     8.400   82.7   81.7   80.9   80.1   79.4   78.6   78.0   77.2   76.5
     8.600   83.2   82.3   81.4   80.5   79.8   79.1   78.4   77.7   76.8
     8.800   83.7   82.7   81.8   81.0   80.2   79.5   78.7   78.0   77.3
     9.000   84.1   83.2   82.3   81.5   80.5   79.9   79.1   78.3   77.7
     9.200   84.5   83.8   82.8   81.9   81.1   80.3   79.5   78.7   78.1
     9.400   84.7   84.2   83.3   82.3   81.5   80.6   79.8   79.0   78.5
     9.600   85.0   84.6   83.7   82.8   81.9   81.0   80.2   79.5   78.9
     9.800   85.2   84.9   84.2   83.2   82.3   81.4   80.5   79.9   79.2
    10.000   85.4   85.1   84.6   83.7   82.7   81.8   80.9   80.3   79.7
    10.200   85.5   85.3   84.9   84.2   83.2   82.2   81.5   80.7   80.1
    10.400   85.7   85.5   85.1   84.6   83.5   82.5   81.9   81.0   80.4
    10.600   85.8   85.6   85.3   84.9   83.9   83.1   82.3   81.5   80.8
    10.800   85.9   85.8   85.5   85.1   84.4   83.5   82.7   81.9   81.0
    11.000   85.6   85.9   85.7   85.3   84.8   84.0   83.1   82.3   80.3
    11.200   85.6   86.0   85.8   85.5   85.1   84.4   83.6   82.2   78.8
    11.400   85.6   86.1   85.8   85.7   85.4   84.8   83.9   81.2   76.1
    11.600   85.7   85.7   86.0   85.8   85.6   85.2   83.5   78.6   73.5
    11.800   85.6   85.6   86.1   85.9   85.7   85.4   81.7   75.4   70.7
    12.000   85.3   85.6   86.2   86.0   85.9   84.4   77.6   72.0   68.0
    12.200   76.8   85.6   85.6   86.1   86.0   79.9   73.3   68.7   65.4
    12.400   67.5   85.6   85.7   86.1   83.4   73.9   68.8   65.4   62.7
    12.600   58.1   77.7   85.7   85.7   74.4   67.8   64.4   62.0   59.9
    12.800   48.9   59.1   85.7   74.9   65.2   61.8   59.9   58.5   57.2
    13.000   39.6   40.5   85.8   56.3   55.9   55.6   55.3   55.0   54.5
    13.200   30.3   21.9    7.7   37.4   46.2   49.4   50.8   51.4   51.7
    13.400   21.0    7.7    7.7   19.1   37.0   43.4   46.2   47.9   48.8
    13.600   11.8    7.7    7.8    7.9   27.6   36.8   41.7   44.3   45.9
    13.800    7.7    7.7    7.8    7.9   18.4   30.6   37.1   40.7   43.0
    14.000    7.7    7.8    7.9    7.9   10.0   24.4   32.6   37.1   40.1
    14.200    7.7    7.8    7.9    8.0    8.0   18.3   27.5   33.4   37.0
    14.400    7.8    7.9    7.9    8.0    8.1   12.2   22.9   29.8   34.0
    14.600    7.8    7.9    8.0    8.0    8.1    8.2   18.3   25.8   31.0
    14.800    7.9    7.9    8.0    8.1    8.2    8.2   13.7   22.1   28.0
    15.000    7.9    8.0    8.0    8.1    8.2    8.3    9.9   18.4   25.0
    15.200    7.9    8.0    8.1    8.2    8.2    8.3    8.4   14.7   21.6
    15.400    8.0    8.0    8.1    8.2    8.3    8.4    8.5   11.4   18.5
    15.600    8.0    8.1    8.2    8.2    8.3    8.4    8.5    8.8   15.5
    15.800    8.0    8.1    8.2    8.3    8.4    8.5    8.5    8.6   12.5
    16.000    8.1    8.2    8.2    8.3    8.4    8.5    8.6    8.7   10.2
    16.200    8.1    8.2    8.3    8.4    8.5    8.5    8.6    8.7    8.8
    16.400    8.2    8.2    8.3    8.4    8.5    8.6    8.7    8.8    8.9
    16.600    8.2    8.3    8.4    8.5    8.5    8.6    8.7    8.8    8.9
    16.800    8.2    8.3    8.4    8.5    8.6    8.7    8.8    8.9    9.0
    17.000    8.3    8.4    8.5    8.5    8.6    8.7    8.8    8.9    9.0
    17.200    8.3    8.4    8.5    8.6    8.7    8.8    8.9    9.0    9.1
    17.400    8.4    8.4    8.5    8.6    8.7    8.8    8.9    9.0    9.1
    17.600    8.4    8.5    8.6    8.7    8.8    8.9    9.0    9.1    9.2
    17.800    8.4    8.5    8.6    8.7    8.8    8.9    9.0    9.1    9.2
    18.000    8.5    8.6    8.7    8.8    8.9    9.0    9.1    9.2    9.3
    18.200    8.5    8.6    8.7    8.8    8.9    9.0    9.1    9.2    9.3
    18.400    8.6    8.7    8.8    8.9    9.0    9.1    9.2    9.3    9.4
    18.600    8.6    8.7    8.8    8.9    9.0    9.1    9.2    9.3    9.4
    18.800    8.7    8.8    8.9    9.0    9.1    9.2    9.3    9.4    9.5
    19.000    8.7    8.8    8.9    9.0    9.1    9.2    9.3    9.4    9.6
    19.200    8.8    8.9    9.0    9.1    9.2    9.3    9.4    9.5    9.6
    19.400    8.8    8.9    9.0    9.1    9.2    9.3    9.4    9.6    9.7
    19.600    8.9    9.0    9.1    9.2    9.3    9.4    9.5    9.6    9.7
    19.800    8.9    9.0    9.1    9.2    9.3    9.4    9.5    9.7    9.8
    20.000    9.0    9.1    9.2    9.3    9.4    9.5    9.6    9.7    9.8
    20.200    9.0    9.1    9.2    9.3    9.4    9.5    9.7    9.8    9.9
    20.400    9.0    9.2    9.3    9.4    9.5    9.6    9.7    9.8    9.9
    20.600    9.1    9.2    9.3    9.4    9.5    9.6    9.8    9.9   10.0
    20.800    9.2    9.3    9.4    9.5    9.6    9.7    9.8    9.9   10.0
    21.000    9.2    9.3    9.4    9.5    9.6    9.8    9.9   10.0   10.1
    21.200    9.3    9.4    9.5    9.6    9.7    9.8    9.9   10.0   10.2
    21.400    9.3    9.4    9.5    9.6    9.7    9.9   10.0   10.1   10.2
    21.600    9.4    9.5    9.6    9.7    9.8    9.9   10.0   10.1   10.3
    21.800    9.4    9.5    9.6    9.7    9.9   10.0   10.1   10.2   10.3
    22.000    9.5    9.6    9.7    9.8    9.9   10.0   10.1   10.3   10.4
    22.200    9.5    9.6    9.7    9.9   10.0   10.1   10.2   10.3   10.4
    22.400    9.6    9.7    9.8    9.9   10.0   10.1   10.3   10.4   10.5
    22.600    9.6    9.7    9.8   10.0   10.1   10.2   10.3   10.4   10.5
    22.800    9.7    9.8    9.9   10.0   10.1   10.2   10.4   10.5   10.6
    23.000    9.7    9.8   10.0   10.1   10.2   10.3   10.4   10.5   10.7
    23.200    9.8    9.9   10.0   10.1   10.2   10.4   10.5   10.6   10.7
    23.400    9.8   10.0   10.1   10.2   10.3   10.4   10.5   10.7   10.8
    23.600    9.9   10.0   10.1   10.2   10.4   10.5   10.6   10.7   10.8
    23.800    9.9   10.1   10.2   10.3   10.4   10.5   10.6   10.8   10.9
    24.000   10.0   10.1   10.2   10.3   10.5   10.6   10.7   10.8   11.0
    24.200   10.1   10.2   10.3   10.4   10.5   10.6   10.8   10.9   11.0
    24.400   10.1   10.2   10.3   10.5   10.6   10.7   10.8   10.9   11.1
    24.600   10.2   10.3   10.4   10.5   10.6   10.8   10.9   11.0   11.1
    24.800   10.2   10.3   10.5   10.6   10.7   10.8   10.9   11.1   11.2
    25.000   10.3   10.4   10.5   10.6   10.8   10.9   11.0   11.1   11.2
    25.200   10.3   10.4   10.6   10.7   10.8   10.9   11.1   11.2   11.3
    25.400   10.4   10.5   10.6   10.7   10.9   11.0   11.1   11.2   11.4
    25.600   10.4   10.6   10.7   10.8   10.9   11.0   11.2   11.3   11.4
    25.800   10.5   10.6   10.7   10.9   11.0   11.1   11.2   11.3   11.5
    26.000   10.6   10.7   10.8   10.9   11.0   11.2   11.3   11.4   11.5
    26.200   10.6   10.7   10.9   11.0   11.1   11.2   11.3   11.5   11.6
    26.400   10.7   10.8   10.9   11.0   11.2   11.3   11.4   11.5   11.6
    26.600   10.7   10.8   11.0   11.1   11.2   11.3   11.5   11.6   11.7
    26.800   10.8   10.9   11.0   11.1   11.3   11.4   11.5   11.6   11.8
    27.000   10.8   11.0   11.1   11.2   11.3   11.4   11.6   11.7   11.8
    27.200   10.9   11.0   11.1   11.3   11.4   11.5   11.6   11.7   11.9
    27.400   11.0   11.1   11.2   11.3   11.4   11.6   11.7   11.8   11.9
    27.600   11.0   11.1   11.3   11.4   11.5   11.6   11.7   11.9   11.8
    27.800   11.1   11.2   11.3   11.4   11.6   11.7   11.8   11.9    9.5
    28.000   11.1   11.2   11.4   11.5   11.6   11.7   11.9   12.0    6.6
    28.200   11.2   11.3   11.4   11.5   11.7   11.8   11.9   10.1    3.6
    28.400   11.2   11.4   11.5   11.6   11.7   11.8   12.0    6.6    1.5
    28.600   11.3   11.4   11.5   11.7   11.8   11.9   11.0    2.9    1.1
    28.800   11.4   11.5   11.6   11.7   11.8   12.0    6.5    1.2    1.1
    29.000   11.4   11.5   11.7   11.8   11.9   11.8    2.2    1.1    1.1
    29.200   11.5   11.6   11.7   11.8   11.9    6.4    1.1    1.1    1.1
    29.400   11.3   11.6   11.8   11.9   12.0    1.6    1.1    1.1    1.1
    29.600   10.4   11.7   11.8   11.9    6.3    1.1    1.1    1.1    1.1
    29.800   10.5   11.8   11.9   12.0    1.1    1.1    1.1    1.1    1.1
    30.000   10.6   10.7   11.9    6.6    1.1    1.1    1.1    1.1    1.1
    30.200   10.6   10.7   11.6    1.1    1.1    1.1    1.1    1.1    1.1
    30.400   10.7   10.8    6.5    1.1    1.1    1.1    1.1    1.1    1.1
    30.600   10.7    9.8    0.0    1.1    1.1    1.1    1.1    1.1    1.1
    30.800   10.8    5.2    0.0    1.1    1.1    1.1    1.1    1.1    1.1
    31.000    9.0    0.6    0.0    0.0    1.1    1.1    1.1    1.1    1.1
    31.200    5.4    0.0    0.0    0.0    1.1    1.1    1.1    1.1    1.1
    31.400    1.6    0.0    0.0    0.0    0.2    1.1    1.1    1.1    1.1
    31.600    0.0    0.0    0.0    0.0    0.0    1.1    1.1    1.1    1.1
    31.800    0.0    0.0    0.0    0.0    0.0    1.1    1.1    1.1    1.1
    32.000    0.0    0.0    0.0    0.0    0.0    0.0    1.1    1.1    1.1

  --------------- volume moulded  m3 --------------- 

      trim   -2.000   -1.000    0.000    1.000    2.000    3.000    4.000    5.000    6.000
   draught
     0.000    744.9    350.9      0.0    461.2    959.6   1483.8   2029.3   2593.3   3173.6
     0.200   1368.3   1036.2   1020.6   1200.0   1629.2   2138.5   2681.4   3247.2   3829.5
     0.400   2182.8   2030.7   2092.4   2225.4   2485.0   2919.5   3429.6   3978.6   4547.9
     0.600   3169.5   3133.7   3197.2   3318.3   3512.2   3826.9   4273.7   4786.5   5329.1
     0.800   4268.3   4267.9   4329.3   4442.3   4611.4   4855.9   5213.6   5669.3   6173.9
     1.000   5421.7   5426.8   5484.4   5590.9   5744.3   5960.5   6246.2   6626.6   7082.9
     1.200   6601.3   6607.2   6660.9   6760.6   6903.6   7098.0   7349.0   7658.3   8056.0
     1.400   7802.5   7806.2   7856.1   7948.6   8083.4   8259.9   8484.5   8754.6   9092.8
     1.600   9022.0   9022.7   9068.4   9154.5   9280.6   9442.8   9642.6   9889.8  10187.9
     1.800  10258.4  10255.9  10295.6  10376.0  10493.6  10641.3  10820.8  11049.2  11325.8
     2.000  11509.8  11503.6  11537.9  11611.9  11719.6  11853.0  12018.0  12228.6  12489.6
     2.200  12776.1  12765.4  12794.1  12860.5  12956.7  13078.3  13232.1  13427.6  13676.5
     2.400  14059.8  14039.6  14063.0  14120.6  14204.5  14316.3  14460.7  14644.4  14883.1
     2.600  15359.8  15326.7  15344.5  15391.0  15462.9  15566.5  15703.7  15879.9  16106.6
     2.800  16674.1  16630.0  16635.3  16670.9  16733.4  16828.7  16959.3  17132.2  17345.3
     3.000  17999.6  17948.5  17936.1  17961.1  18015.1  18103.0  18229.6  18397.6  18597.8
     3.200  19333.0  19279.1  19248.8  19260.8  19308.1  19389.6  19513.5  19674.3  19864.0
     3.400  20676.8  20618.4  20575.2  20571.4  20612.8  20689.6  20809.2  20961.8  21142.3
     3.600  22030.4  21962.1  21913.6  21895.3  21927.1  22003.4  22116.2  22258.8  22431.1
     3.800  23393.1  23313.5  23261.6  23234.6  23255.1  23328.4  23433.0  23566.7  23730.1
     4.000  24764.1  24674.0  24616.9  24586.5  24597.4  24662.3  24759.8  24884.9  25038.2
     4.200  26143.3  26044.2  25980.8  25950.9  25956.1  26006.9  26095.8  26212.4  26358.0
     4.400  27532.8  27425.0  27354.2  27324.7  27327.0  27361.8  27440.2  27550.4  27688.8
     4.600  28933.6  28815.4  28739.3  28708.2  28707.4  28730.4  28795.4  28898.6  29028.6
     4.800  30344.3  30216.6  30136.9  30100.2  30094.9  30111.0  30162.3  30255.0  30377.4
     5.000  31766.0  31631.1  31545.6  31501.2  31489.2  31503.2  31541.7  31621.4  31734.3
     5.200  33197.5  33057.4  32964.5  32911.8  32892.6  32902.4  32933.4  32996.8  33099.3
     5.400  34640.3  34496.4  34394.6  34332.2  34305.0  34308.8  34333.8  34383.6  34474.0
     5.600  36097.5  35945.4  35835.2  35762.2  35726.5  35721.0  35741.3  35782.8  35857.3
     5.800  37566.8  37404.2  37286.5  37203.0  37155.9  37141.2  37156.3  37190.8  37250.7
     6.000  39048.2  38876.2  38746.3  38652.7  38593.4  38570.3  38576.0  38605.6  38656.1
     6.200  40540.4  40357.7  40214.1  40111.4  40041.5  40007.0  40003.4  40028.1  40069.9
     6.400  42043.4  41848.7  41693.1  41578.4  41498.3  41451.1  41439.4  41454.8  41490.4
     6.600  43559.1  43348.3  43181.5  43052.9  42963.4  42905.5  42882.5  42887.9  42918.6
     6.800  45084.4  44857.6  44678.8  44537.8  44436.9  44368.8  44332.5  44329.1  44351.1
     7.000  46619.1  46379.3  46184.6  46032.3  45917.2  45839.7  45792.3  45777.2  45789.0
     7.200  48162.4  47910.2  47700.1  47535.1  47407.5  47318.9  47260.3  47231.7  47234.5
     7.400  49717.7  49450.4  49226.7  49047.4  48907.4  48804.6  48735.7  48695.5  48686.6
     7.600  51282.9  50998.5  50762.7  50567.8  50415.3  50298.6  50219.0  50167.5  50144.5
     7.800  52858.1  52557.4  52307.4  52098.5  51933.1  51802.4  51708.7  51646.3  51611.2
     8.000  54441.9  54126.6  53860.2  53638.9  53457.8  53314.8  53205.6  53132.7  53085.6
     8.200  56037.8  55705.4  55421.9  55187.4  54990.9  54835.7  54712.5  54625.3  54566.3
     8.400  57643.5  57292.8  56994.6  56744.2  56534.2  56363.6  56228.2  56123.9  56053.7
     8.600  59259.1  58890.1  58576.2  58307.9  58085.1  57898.5  57751.2  57633.0  57546.5
     8.800  60885.4  60498.6  60166.8  59882.2  59644.2  59443.4  59281.0  59149.6  59045.7
     9.000  62521.0  62116.2  61765.0  61465.5  61210.0  60996.1  60816.7  60672.2  60555.4
     9.200  64164.0  63743.4  63374.4  63057.4  62784.5  62556.2  62361.4  62201.6  62073.5
     9.400  65813.0  65380.5  64992.7  64656.9  64368.7  64123.2  63913.8  63737.3  63598.6
     9.600  67466.9  67025.5  66619.8  66265.4  65960.7  65696.5  65472.3  65281.6  65131.3
     9.800  69125.1  68676.7  68256.6  67883.9  67560.6  67279.4  67038.6  66835.3  66670.4
    10.000  70787.1  70332.9  69902.1  69510.4  69167.1  68869.4  68611.1  68396.3  68216.5
    10.200  72452.5  71993.5  71554.3  71145.4  70783.7  70467.3  70193.4  69965.0  69772.6
    10.400  74120.9  73657.8  73211.6  72789.4  72407.6  72072.5  71784.8  71540.3  71336.1
    10.600  75792.0  75325.4  74873.3  74440.7  74039.2  73686.6  73384.0  73123.2  72906.6
    10.800  77465.6  76995.9  76538.6  76097.0  75679.9  75310.6  74991.2  74716.1  74483.0
    11.000  79140.0  78668.9  78206.9  77757.3  77329.4  76942.7  76605.2  76315.6  76049.8
    11.200  80808.6  80344.1  79877.7  79421.7  78986.0  78583.2  78228.9  77921.5  77599.9
    11.400  82477.9  82021.1  81550.3  81089.9  80648.1  80232.3  79860.6  79513.0  79104.5
    11.600  84147.4  83694.5  83224.9  82761.6  82314.4  81888.9  81496.3  81068.0  80556.4
    11.800  85817.0  85364.0  84902.1  84436.3  83984.1  83551.0  83107.8  82561.5  81955.4
    12.000  87482.9  87032.7  86581.5  86112.3  85656.3  85209.2  84652.5  83990.6  83300.4
    12.200  89053.0  88701.2  88249.7  87789.9  87331.5  86810.2  86114.5  85354.9  84594.3
    12.400  90442.4  90369.0  89919.1  89468.5  88988.7  88298.7  87491.2  86654.7  85835.2
    12.600  91650.2  91986.6  91589.2  91144.3  90512.0  89668.5  88780.0  87889.9  87024.0
    12.800  92675.9  93287.0  93259.8  92728.3  91856.2  90920.0  89982.2  89057.6  88159.3
    13.000  93521.4  94224.6  94930.7  93974.5  93020.4  92052.9  91096.5  90156.9  89241.6
    13.200  94185.4  94799.1  95080.4  94857.5  93996.1  93065.5  92122.3  91187.2  90269.9
    13.400  94668.7  95035.9  95230.7  95377.7  94790.6  93958.5  93059.3  92148.0  91242.7
    13.600  94972.5  95185.6  95381.8  95580.8  95403.7  94730.7  93907.8  93039.1  92158.9
    13.800  95141.2  95336.0  95533.6  95734.1  95836.2  95376.3  94667.8  93861.2  93019.0
    14.000  95290.9  95487.1  95686.2  95888.0  96090.0  95901.0  95338.4  94612.3  93822.6
    14.200  95441.3  95639.0  95839.5  96042.8  96249.0  96306.5  95913.2  95292.8  94567.8
    14.400  95592.5  95791.6  95993.4  96198.2  96406.0  96591.3  96395.9  95902.0  95254.3
    14.600  95744.4  95944.9  96148.2  96354.4  96563.7  96776.1  96789.5  96439.1  95882.9
    14.800  95897.0  96098.9  96303.6  96511.4  96722.2  96936.2  97092.7  96897.8  96452.5
    15.000  96050.3  96253.6  96459.8  96669.1  96881.5  97097.1  97311.3  97285.8  96963.3
    15.200  96204.3  96409.1  96616.8  96827.6  97041.6  97258.9  97479.6  97601.8  97411.5
    15.400  96359.1  96565.3  96774.5  96986.9  97202.5  97421.4  97644.0  97847.0  97796.8
    15.600  96514.6  96722.3  96933.0  97146.9  97364.2  97584.8  97809.1  98037.3  98122.4
    15.800  96670.8  96880.0  97092.3  97307.8  97526.7  97749.1  97975.2  98205.2  98388.3
    16.000  96827.8  97038.5  97252.4  97469.5  97690.1  97914.3  98142.2  98374.1  98603.2
    16.200  96985.6  97197.8  97413.2  97632.0  97854.3  98080.3  98310.1  98544.0  98782.1
    16.400  97144.0  97357.9  97574.9  97795.4  98019.4  98247.2  98478.9  98714.8  98955.0
    16.600  97303.3  97518.7  97737.4  97959.6  98185.4  98415.0  98648.7  98886.6  99128.9
    16.800  97463.4  97680.3  97900.7  98124.6  98352.3  98583.8  98819.4  99059.4  99303.8
    17.000  97624.2  97842.8  98064.9  98290.6  98520.0  98753.5  98991.2  99233.2  99479.9
    17.200  97785.8  98006.1  98229.9  98457.4  98688.7  98924.2  99163.9  99408.1  99657.0
    17.400  97948.3  98170.3  98395.8  98625.1  98858.4  99095.8  99337.6  99584.0  99835.2
    17.600  98111.5  98335.2  98562.6  98793.8  99029.0  99268.5  99512.4  99761.0 100014.5
    17.800  98275.6  98501.1  98730.2  98963.3  99200.5  99442.1  99688.2  99939.1 100195.7
    18.000  98440.6  98667.8  98898.8  99133.8  99373.1  99616.8  99865.1 100118.2 100377.9
    18.200  98606.4  98835.4  99068.3  99305.4  99546.7  99792.5 100043.0 100298.9 100561.2
    18.400  98773.1  99003.9  99238.8  99477.8  99721.2  99969.2 100222.1 100481.1 100745.4
    18.600  98940.7  99173.4  99410.2  99651.3  99896.8 100147.1 100402.2 100664.3 100930.7
    18.800  99109.1  99343.8  99582.6  99825.7 100073.5 100326.0 100584.3 100848.5 101116.9
    19.000  99278.5  99515.1  99756.0 100001.2 100251.2 100506.0 100767.5 101033.7 101304.2
    19.200  99448.8  99687.4  99930.3 100177.8 100430.0 100687.6 100951.6 101219.8 101492.5
    19.400  99620.1  99860.7 100105.8 100355.4 100609.9 100870.7 101136.7 101407.0 101681.8
    19.600  99792.3 100035.0 100282.2 100534.1 100791.0 101054.7 101322.8 101595.3 101872.2
    19.800  99965.6 100210.3 100459.7 100713.9 100974.0 101239.7 101509.9 101784.5 102063.5
    20.000 100139.8 100386.6 100638.3 100894.8 101157.9 101425.8 101698.1 101974.8 102255.9
    20.200 100315.0 100564.1 100817.9 101077.3 101342.9 101612.9 101887.2 102166.0 102449.4
    20.400 100491.2 100742.5 100998.7 101261.2 101528.8 101800.9 102077.4 102358.4 102643.8
    20.600 100668.5 100922.1 101180.7 101446.1 101715.9 101990.0 102268.6 102551.7 102839.4
    20.800 100846.8 101102.7 101364.5 101632.0 101903.8 102180.1 102460.9 102746.1 103035.9
    21.000 101026.3 101284.4 101549.4 101818.9 102092.9 102371.3 102654.1 102941.6 103233.6
    21.200 101206.8 101467.9 101735.2 102006.8 102282.9 102563.4 102848.4 103138.0 103432.3
    21.400 101388.4 101652.7 101922.0 102195.8 102473.9 102756.6 103043.8 103335.6 103632.0
    21.600 101571.3 101838.4 102109.8 102385.7 102666.0 102950.8 103240.2 103534.2 103832.8
    21.800 101756.0 102025.2 102298.7 102576.7 102859.1 103146.1 103437.7 103733.8 104034.7
    22.000 101941.7 102212.9 102488.6 102768.7 103053.3 103342.4 103636.2 103934.6 104237.6
    22.200 102128.4 102401.7 102679.5 102961.7 103248.5 103539.8 103835.8 104136.4 104441.7
    22.400 102316.1 102591.5 102871.4 103155.8 103444.7 103738.2 104036.4 104339.2 104646.8
    22.600 102504.8 102782.3 103064.4 103350.9 103642.0 103937.7 104238.1 104543.2 104853.0
    22.800 102694.5 102974.2 103258.4 103547.1 103840.4 104138.3 104440.9 104748.2 105060.3
    23.000 102885.3 103167.1 103453.4 103744.3 104039.8 104339.9 104644.7 104954.3 105268.7
    23.200 103077.0 103361.0 103649.5 103942.5 104240.2 104542.6 104849.7 105161.5 105478.2
    23.400 103269.8 103555.9 103846.6 104141.8 104441.7 104746.4 105055.7 105369.8 105688.8
    23.600 103463.7 103751.9 104044.7 104342.2 104644.3 104951.2 105262.8 105579.2 105900.4
    23.800 103658.5 103949.0 104244.0 104543.6 104848.0 105157.1 105471.0 105789.7 106113.2
    24.000 103854.4 104147.0 104444.3 104746.1 105052.8 105364.1 105680.3 106001.3 106327.2
    24.200 104051.4 104346.2 104645.6 104949.7 105258.6 105572.2 105890.6 106214.0 106542.2
    24.400 104249.4 104546.4 104848.0 105154.4 105465.5 105781.4 106102.1 106427.8 106758.3
    24.600 104448.4 104747.6 105051.5 105360.1 105673.5 105991.7 106314.7 106642.7 106975.5
    24.800 104648.5 104950.0 105256.1 105567.0 105882.6 106203.1 106528.4 106858.7 107193.8
    25.000 104849.7 105153.4 105461.7 105774.9 106092.8 106415.6 106743.2 107075.8 107413.3
    25.200 105052.0 105357.8 105668.5 105983.9 106304.1 106629.2 106959.1 107294.0 107633.8
    25.400 105255.3 105563.4 105876.3 106194.0 106516.5 106843.9 107176.1 107513.3 107855.4
    25.600 105459.6 105770.0 106085.2 106405.1 106730.0 107059.7 107394.3 107733.8 108078.2
    25.800 105665.1 105977.7 106295.2 106617.4 106944.5 107276.5 107613.5 107955.3 108302.0
    26.000 105871.6 106186.6 106506.3 106830.8 107160.2 107494.5 107833.8 108177.9 108527.0
    26.200 106079.3 106396.4 106718.4 107045.3 107377.0 107713.6 108055.2 108401.6 108753.0
    26.400 106288.0 106607.4 106931.7 107260.9 107594.9 107933.8 108277.7 108626.5 108980.2
    26.600 106497.8 106819.5 107146.1 107477.5 107813.9 108155.1 108501.3 108852.4 109208.4
    26.800 106708.6 107032.7 107361.5 107695.3 108034.0 108377.5 108726.0 109079.4 109437.8
    27.000 106920.6 107246.9 107578.1 107914.2 108255.1 108601.0 108951.8 109307.5 109668.2
    27.200 107133.7 107462.3 107795.8 108134.1 108477.4 108825.6 109178.7 109536.7 109899.7
    27.400 107347.8 107678.8 108014.5 108355.2 108700.8 109051.3 109406.7 109767.0 110132.3
    27.600 107563.1 107896.3 108234.4 108577.3 108925.2 109278.0 109635.8 109998.4 110365.2
    27.800 107779.4 108114.9 108455.3 108800.6 109150.8 109505.9 109865.9 110230.9 110563.3
    28.000 107996.9 108334.6 108677.3 109024.9 109377.4 109734.8 110097.2 110464.4 110716.7
    28.200 108215.4 108555.4 108900.4 109250.3 109605.1 109964.9 110329.5 110676.5 110811.2
    28.400 108435.0 108777.4 109124.7 109476.8 109833.9 110196.0 110562.9 110833.7 110852.8
    28.600 108655.7 109000.4 109350.0 109704.4 110063.8 110428.2 110785.4 110917.5 110875.9
    28.800 108877.5 109224.5 109576.3 109933.1 110294.8 110661.5 110948.8 110950.8 110898.0
    29.000 109100.3 109449.6 109803.8 110162.9 110526.9 110895.1 111022.9 110973.7 110920.1
    29.200 109324.3 109675.9 110032.3 110393.7 110760.0 111061.6 111049.5 110995.8 110942.1
    29.400 109549.2 109903.2 110262.0 110625.7 110994.3 111124.0 111071.5 111017.9 110964.2
    29.600 109756.5 110131.6 110492.7 110858.7 111169.5 111147.3 111093.6 111040.0 110986.3
    29.800 109961.6 110361.1 110724.5 111092.8 111223.0 111169.4 111115.7 111062.0 111008.4
    30.000 110167.8 110582.2 110957.4 111274.8 111245.1 111191.5 111137.8 111084.1 111030.5
    30.200 110375.1 110791.8 111190.0 111320.8 111267.2 111213.5 111159.9 111106.2 111052.5
    30.400 110583.4 111002.4 111364.3 111342.9 111289.3 111235.6 111182.0 111128.3 111074.6
    30.600 110792.9 111207.7 111396.6 111365.0 111311.3 111257.7 111204.0 111150.4 111096.7
    30.800 111003.4 111349.8 111396.6 111387.1 111333.4 111279.8 111226.1 111172.5 111118.8
    31.000 111199.4 111401.6 111396.6 111396.6 111355.5 111301.8 111248.2 111194.5 111140.9
    31.200 111333.3 111396.6 111396.6 111396.6 111377.6 111323.9 111270.3 111216.6 111163.0
    31.400 111396.1 111396.6 111396.6 111396.6 111396.4 111346.0 111292.3 111238.7 111185.0
    31.600 111396.6 111396.6 111396.6 111396.6 111396.6 111368.1 111314.4 111260.8 111207.1
    31.800 111396.6 111396.6 111396.6 111396.6 111396.6 111390.1 111336.5 111282.8 111229.2
    32.000 111396.6 111396.6 111396.6 111396.6 111396.6 111396.6 111358.6 111304.9 111251.3

  --------------- total volume  m3 --------------- 

      trim   -2.000   -1.000    0.000    1.000    2.000    3.000    4.000    5.000    6.000
   draught
     0.000    794.5    398.1     88.1    513.2   1012.9   1538.5   2085.4   2650.8   3232.3
     0.200   1435.6   1116.8   1116.2   1284.9   1699.5   2204.8   2746.5   3311.9   3894.5
     0.400   2267.6   2129.9   2191.9   2322.9   2572.4   2997.6   3503.7   4050.8   4619.2
     0.600   3267.9   3237.1   3300.1   3420.1   3611.1   3916.8   4356.8   4866.1   5406.6
     0.800   4374.3   4374.5   4435.2   4547.3   4714.4   4956.0   5305.9   5756.3   6257.9
     1.000   5531.4   5536.3   5593.1   5698.8   5850.9   6064.9   6347.0   6721.2   7173.2
     1.200   6713.9   6719.3   6772.3   6871.1   7013.1   7205.7   7454.9   7760.0   8152.8
     1.400   7917.8   7920.8   7970.1   8061.8   8195.6   8370.7   8593.5   8861.7   9195.8
     1.600   9139.8   9139.9   9184.9   9270.1   9395.2   9556.4   9754.5  10000.2  10296.2
     1.800  10378.7  10375.5  10414.4  10494.0  10610.8  10757.4  10935.5  11162.5  11437.6
     2.000  11632.3  11625.6  11659.1  11732.2  11839.1  11971.5  12135.5  12344.6  12604.2
     2.200  12901.0  12889.6  12917.6  12983.1  13078.6  13199.2  13352.0  13546.2  13793.8
     2.400  14187.2  14166.0  14188.8  14245.6  14328.6  14439.5  14583.0  14765.6  15002.9
     2.600  15489.3  15455.6  15472.6  15518.3  15589.3  15692.0  15828.3  16003.4  16228.9
     2.800  16806.0  16761.1  16765.5  16800.4  16862.0  16956.4  17086.2  17258.1  17470.1
     3.000  18133.6  18081.8  18068.6  18092.8  18145.9  18232.9  18358.6  18525.8  18724.9
     3.200  19469.3  19414.6  19383.6  19394.5  19441.1  19521.8  19644.7  19804.7  19993.5
     3.400  20815.4  20756.0  20712.1  20707.4  20747.9  20823.9  20942.7  21094.3  21273.9
     3.600  22171.2  22101.9  22052.6  22033.5  22064.3  22139.8  22251.8  22393.5  22565.0
     3.800  23536.1  23455.7  23402.8  23374.9  23394.6  23466.9  23570.8  23703.5  23866.0
     4.000  24909.3  24818.3  24760.2  24729.0  24739.0  24802.9  24899.7  25023.9  25176.3
     4.200  26290.5  26190.7  26126.4  26095.4  26099.8  26149.8  26237.7  26353.5  26498.3
     4.400  27682.4  27573.5  27501.8  27471.3  27472.9  27506.8  27584.2  27693.6  27831.2
     4.600  29085.3  28965.9  28889.1  28857.1  28855.2  28877.4  28941.6  29043.8  29173.0
     4.800  30498.2  30369.5  30288.7  30251.1  30244.9  30260.1  30310.5  30402.3  30523.9
     5.000  31922.1  31786.2  31699.4  31654.3  31641.3  31654.3  31692.1  31770.9  31882.8
     5.200  33355.5  33214.6  33120.7  33066.9  33046.8  33055.6  33085.8  33148.4  33249.9
     5.400  34800.7  34655.8  34553.0  34489.3  34461.3  34464.2  34488.2  34537.2  34626.7
     5.600  36260.1  36106.7  35995.6  35921.5  35884.9  35878.4  35897.7  35938.4  36012.0
     5.800  37731.6  37567.8  37449.0  37364.5  37316.2  37300.8  37315.0  37348.3  37407.5
     6.000  39215.1  39042.0  38910.8  38816.3  38755.9  38731.9  38736.6  38765.2  38814.9
     6.200  40709.3  40525.6  40380.8  40277.0  40206.2  40170.4  40166.1  40189.8  40230.6
     6.400  42214.7  42018.8  41862.0  41746.1  41665.0  41616.8  41604.1  41618.6  41653.2
     6.600  43732.6  43520.3  43352.4  43222.7  43132.2  43073.3  43049.1  43053.8  43083.5
     6.800  45260.1  45032.0  44851.9  44709.9  44607.7  44538.6  44501.3  44497.0  44518.1
     7.000  46796.8  46555.9  46359.8  46206.4  46090.1  46011.7  45963.2  45947.0  45957.9
     7.200  48342.5  48088.9  47877.5  47711.3  47582.5  47492.8  47433.3  47403.6  47405.4
     7.400  49900.0  49631.2  49406.4  49225.6  49084.6  48980.4  48910.7  48869.5  48859.4
     7.600  51467.4  51181.4  50944.3  50748.0  50594.5  50476.8  50396.0  50343.5  50319.4
     7.800  53044.7  52742.7  52491.2  52281.1  52114.3  51982.6  51887.6  51824.3  51788.3
     8.000  54630.8  54314.0  54046.0  53823.6  53641.0  53497.1  53386.7  53312.7  53264.8
     8.200  56229.0  55895.0  55610.0  55374.3  55176.5  55020.0  54895.7  54807.3  54747.4
     8.400  57836.9  57484.4  57184.9  56933.0  56721.9  56549.9  56413.4  56308.1  56236.9
     8.600  59454.8  59084.2  58768.7  58498.9  58274.9  58087.0  57938.5  57819.3  57731.7
     8.800  61083.4  60694.8  60361.3  60075.5  59836.0  59634.1  59470.3  59337.9  59233.0
     9.000  62721.0  62314.6  61961.8  61660.9  61403.7  61188.8  61008.1  60862.7  60744.8
     9.200  64366.0  63944.1  63573.5  63255.0  62980.6  62751.0  62555.0  62394.1  62265.0
     9.400  66016.8  65583.4  65194.0  64856.4  64567.0  64319.9  64109.5  63931.7  63792.1
     9.600  67672.5  67230.5  66823.2  66467.3  66161.1  65895.5  65670.2  65478.3  65326.8
     9.800  69332.4  68883.5  68462.3  68087.9  67763.1  67480.7  67238.5  67034.1  66867.7
    10.000  70996.2  70541.5  70109.9  69716.6  69371.8  69072.8  68813.1  68597.1  68416.1
    10.200  72663.2  72203.8  71764.0  71353.9  70990.6  70672.8  70397.6  70167.8  69974.3
    10.400  74333.3  73869.9  73423.2  73000.1  72616.8  72279.9  71991.1  71745.0  71539.8
    10.600  76006.1  75539.1  75086.6  74653.3  74250.4  73896.4  73592.4  73330.2  73112.4
    10.800  77681.2  77211.3  76753.7  76311.6  75893.5  75522.6  75201.5  74925.2  74690.8
    11.000  79358.1  78886.0  78423.7  77973.8  77545.1  77156.8  76817.8  76526.8  76262.0
    11.200  81028.3  80562.8  80096.3  79639.9  79203.6  78799.4  78443.7  78135.7  77817.7
    11.400  82699.1  82241.5  81770.6  81309.8  80867.5  80450.8  80077.5  79731.5  79329.8
    11.600  84370.2  83917.3  83446.8  82983.2  82535.6  82109.4  81716.5  81294.4  80789.1
    11.800  86041.4  85588.4  85125.6  84659.5  84207.0  83773.3  83334.5  82796.2  82195.2
    12.000  87711.3  87258.8  86806.7  86337.3  85880.9  85435.5  84889.5  84234.1  83548.0
    12.200  89298.6  88928.9  88477.3  88016.4  87557.8  87047.1  86361.4  85607.1  84849.4
    12.400  90706.0  90598.3  90148.2  89696.7  89221.7  88548.0  87748.2  86915.5  86097.6
    12.600  91931.2  92234.8  91819.9  91374.8  90763.3  89930.3  89046.8  88159.0  87293.7
    12.800  92974.3  93569.1  93492.0  92981.5  92125.1  91194.1  90258.6  89334.8  88436.3
    13.000  93837.2  94540.5  95164.5  94261.6  93307.0  92339.3  91382.4  90442.1  89525.8
    13.200  94518.2  95148.6  95454.2  95178.4  94301.0  93364.0  92417.6  91480.3  90561.1
    13.400  95018.8  95409.4  95604.9  95732.2  95112.9  94269.1  93364.0  92448.9  91540.6
    13.600  95338.9  95559.4  95756.3  95956.0  95743.4  95053.8  94221.7  93347.7  92463.6
    13.800  95514.7  95710.2  95908.5  96109.6  96192.8  95711.2  94990.8  94177.4  93330.3
    14.000  95664.7  95861.7  96061.4  96264.0  96464.2  96247.8  95670.7  94936.0  94140.4
    14.200  95815.5  96013.9  96215.0  96419.1  96626.0  96664.7  96254.9  95623.8  94892.1
    14.400  95967.0  96166.8  96369.4  96574.9  96783.3  96961.0  96746.7  96240.1  95585.1
    14.600  96119.3  96320.5  96524.5  96731.4  96941.4  97154.5  97149.1  96785.3  96219.9
    14.800  96272.3  96474.8  96680.3  96888.7  97100.2  97315.0  97461.0  97251.5  96795.5
    15.000  96425.9  96629.9  96836.8  97046.8  97259.9  97476.2  97688.6  97646.9  97313.0
    15.200  96580.3  96785.8  96994.2  97205.6  97420.3  97638.3  97859.8  97970.0  97767.8
    15.400  96735.4  96942.4  97152.3  97365.3  97581.6  97801.2  98024.5  98222.2  98159.2
    15.600  96891.3  97099.7  97311.1  97525.7  97743.6  97965.0  98190.0  98418.8  98490.9
    15.800  97047.9  97257.8  97470.8  97687.0  97906.5  98129.6  98356.4  98587.1  98762.7
    16.000  97205.2  97416.6  97631.2  97849.0  98070.2  98295.1  98523.8  98756.4  98983.5
    16.200  97363.3  97576.2  97792.4  98011.9  98234.8  98461.5  98692.0  98926.6  99165.4
    16.400  97522.2  97736.7  97954.4  98175.6  98400.3  98628.8  98861.2  99097.7  99338.6
    16.600  97681.8  97897.9  98117.2  98340.1  98566.6  98797.0  99031.3  99269.9  99512.9
    16.800  97842.2  98059.9  98280.9  98505.5  98733.9  98966.1  99202.4  99443.1  99688.2
    17.000  98003.4  98222.7  98445.4  98671.8  98902.0  99136.2  99374.5  99617.3  99864.7
    17.200  98165.4  98386.3  98610.8  98839.0  99071.1  99307.2  99547.6  99792.5 100042.1
    17.400  98328.2  98550.8  98777.1  99007.1  99241.0  99479.2  99721.7  99968.8 100220.7
    17.600  98491.8  98716.2  98944.2  99176.1  99412.0  99652.2  99896.8 100146.1 100400.4
    17.800  98656.3  98882.4  99112.2  99346.0  99583.9  99826.2 100073.0 100324.6 100582.0
    18.000  98821.6  99049.5  99281.2  99516.9  99756.8 100001.2 100250.2 100504.1 100764.7
    18.200  98987.7  99217.4  99451.0  99688.7  99930.8 100177.3 100428.6 100685.3 100948.3
    18.400  99154.8  99386.3  99621.8  99861.6 100105.7 100354.4 100608.0 100867.9 101132.9
    18.600  99322.7  99556.1  99793.6 100035.4 100281.7 100532.6 100788.6 101051.4 101318.5
    18.800  99491.5  99726.9  99966.4 100210.2 100458.7 100711.9 100971.1 101236.0 101505.2
    19.000  99661.3  99898.6 100140.1 100386.1 100636.8 100892.3 101154.6 101421.5 101692.8
    19.200  99831.9 100071.2 100314.9 100563.0 100815.9 101074.4 101339.1 101608.1 101881.5
    19.400 100003.6 100244.9 100490.6 100741.0 100996.2 101257.8 101524.6 101795.7 102071.2
    19.600 100176.2 100419.5 100667.4 100920.0 101177.8 101442.2 101711.0 101984.3 102261.9
    19.800 100349.7 100595.2 100845.3 101100.2 101361.1 101627.6 101898.6 102173.9 102453.7
    20.000 100524.3 100771.9 101024.2 101281.5 101545.5 101814.1 102087.1 102364.5 102646.4
    20.200 100699.9 100949.7 101204.3 101464.5 101730.8 102001.5 102276.6 102556.2 102840.3
    20.400 100876.5 101128.5 101385.4 101648.7 101917.1 102190.0 102467.2 102748.9 103035.1
    20.600 101054.1 101308.4 101567.9 101834.0 102104.5 102379.4 102658.8 102942.6 103231.0
    20.800 101232.8 101489.4 101752.1 102020.3 102292.9 102569.9 102851.4 103137.4 103428.0
    21.000 101412.6 101671.5 101937.3 102207.6 102482.3 102761.4 103045.0 103333.2 103626.0
    21.200 101593.5 101855.5 102123.5 102395.9 102672.7 102954.0 103239.7 103530.1 103825.1
    21.400 101775.5 102040.6 102310.7 102585.2 102864.1 103147.5 103435.5 103728.0 104025.2
    21.600 101958.9 102226.7 102498.9 102775.5 103056.6 103342.1 103632.3 103927.0 104226.4
    21.800 102144.0 102413.9 102688.2 102966.9 103250.1 103537.8 103830.1 104127.0 104428.6
    22.000 102330.0 102602.0 102878.4 103159.3 103444.6 103734.5 104029.0 104328.1 104632.0
    22.200 102517.1 102791.2 103069.7 103352.7 103640.2 103932.3 104229.0 104530.3 104836.4
    22.400 102705.2 102981.4 103262.0 103547.1 103836.8 104131.1 104430.0 104733.6 105041.9
    22.600 102894.3 103172.5 103455.3 103742.6 104034.5 104330.9 104632.1 104937.9 105248.5
    22.800 103084.4 103364.8 103649.7 103939.1 104233.2 104531.9 104835.2 105143.3 105456.1
    23.000 103275.5 103558.0 103845.1 104136.7 104433.0 104733.9 105039.4 105349.8 105664.9
    23.200 103467.6 103752.3 104041.5 104335.4 104633.8 104936.9 105244.8 105557.4 105874.8
    23.400 103660.8 103947.6 104239.0 104535.1 104835.7 105141.1 105451.2 105766.0 106085.7
    23.600 103855.0 104144.0 104437.6 104735.8 105038.7 105346.3 105658.7 105975.8 106297.8
    23.800 104050.3 104341.4 104637.2 104937.6 105242.8 105552.6 105867.2 106186.7 106511.0
    24.000 104246.5 104539.9 104837.9 105140.5 105447.9 105760.0 106076.9 106398.6 106725.3
    24.200 104443.9 104739.4 105039.6 105344.5 105654.1 105968.5 106287.7 106611.7 106940.7
    24.400 104642.2 104940.0 105242.4 105549.5 105861.4 106178.0 106499.5 106825.9 107157.2
    24.600 104841.7 105141.6 105446.3 105755.6 106069.8 106388.7 106712.5 107041.2 107374.8
    24.800 105042.2 105344.4 105651.2 105962.8 106279.3 106600.5 106926.6 107257.6 107593.5
    25.000 105243.8 105548.1 105857.2 106171.1 106489.8 106813.4 107141.8 107475.1 107813.3
    25.200 105446.4 105753.0 106064.4 106380.5 106701.5 107027.3 107358.1 107693.7 108034.2
    25.400 105650.0 105958.9 106272.5 106591.0 106914.3 107242.4 107575.4 107913.4 108256.2
    25.600 105854.8 106165.9 106481.8 106802.6 107128.1 107458.6 107793.9 108134.2 108479.4
    25.800 106060.6 106374.0 106692.2 107015.2 107343.1 107675.9 108013.5 108356.1 108703.6
    26.000 106267.5 106583.2 106903.7 107229.0 107559.2 107894.2 108234.2 108579.1 108929.0
    26.200 106475.6 106793.5 107116.2 107443.9 107776.4 108113.7 108456.0 108803.2 109155.4
    26.400 106684.7 107004.9 107329.9 107659.8 107994.6 108334.3 108678.9 109028.4 109382.9
    26.600 106894.8 107217.3 107544.7 107876.9 108214.0 108556.0 108902.9 109254.7 109611.5
    26.800 107106.1 107430.9 107760.5 108095.0 108434.4 108778.7 109128.0 109482.1 109841.3
    27.000 107318.5 107645.5 107977.4 108314.3 108656.0 109002.6 109354.2 109710.6 110072.1
    27.200 107531.9 107861.3 108195.5 108534.6 108878.6 109227.6 109581.5 109940.2 110304.0
    27.400 107746.4 108078.1 108414.6 108756.0 109102.4 109453.6 109809.8 110170.9 110537.0
    27.600 107962.1 108296.0 108634.9 108978.6 109327.2 109680.8 110039.3 110402.7 110770.8
    27.800 108178.8 108515.0 108856.2 109202.2 109553.1 109909.0 110269.8 110635.5 110973.6
    28.000 108396.6 108735.1 109078.6 109426.9 109780.2 110138.3 110501.5 110869.5 111132.6
    28.200 108615.5 108956.3 109302.1 109652.7 110008.3 110368.8 110734.2 111085.5 111232.1
    28.400 108835.5 109178.6 109526.7 109879.6 110237.5 110600.3 110968.0 111249.3 111277.1
    28.600 109056.6 109402.0 109752.4 110107.6 110467.8 110832.8 111199.4 111340.9 111300.9
    28.800 109278.8 109626.5 109979.1 110336.6 110699.1 111066.5 111363.6 111375.8 111323.0
    29.000 109502.0 109852.0 110207.0 110566.8 110931.6 111301.1 111446.1 111398.7 111345.0
    29.200 109726.4 110078.7 110435.9 110798.1 111165.1 111477.8 111474.5 111420.8 111367.1
    29.400 109951.6 110306.4 110665.9 111030.4 111399.7 111547.1 111496.5 111442.9 111389.2
    29.600 110159.3 110535.2 110897.0 111263.8 111583.2 111572.3 111518.6 111465.0 111411.3
    29.800 110364.8 110765.1 111129.2 111498.2 111647.7 111594.3 111540.7 111487.0 111433.4
    30.000 110571.4 110986.5 111362.5 111690.6 111670.1 111616.4 111562.8 111509.1 111455.5
    30.200 110779.0 111196.5 111596.3 111745.8 111692.2 111638.5 111584.9 111531.2 111477.5
    30.400 110987.8 111407.6 111780.1 111767.9 111714.3 111660.6 111606.9 111553.3 111499.6
    30.600 111197.6 111615.3 111821.6 111790.0 111736.3 111682.7 111629.0 111575.4 111521.7
    30.800 111408.5 111765.5 111821.6 111812.1 111758.4 111704.8 111651.1 111597.4 111543.8
    31.000 111608.3 111826.3 111821.6 111821.6 111780.5 111726.8 111673.2 111619.5 111565.9
    31.200 111748.8 111821.6 111821.6 111821.6 111802.6 111748.9 111695.3 111641.6 111587.9
    31.400 111819.0 111821.6 111821.6 111821.6 111821.4 111771.0 111717.3 111663.7 111610.0
    31.600 111821.6 111821.6 111821.6 111821.6 111821.6 111793.1 111739.4 111685.8 111632.1
    31.800 111821.6 111821.6 111821.6 111821.6 111821.6 111815.1 111761.5 111707.8 111654.2
    32.000 111821.6 111821.6 111821.6 111821.6 111821.6 111821.6 111783.6 111729.9 111676.3

  --------------- long. centre of flotatio  m --------------- 

      trim   -2.000   -1.000    0.000    1.000    2.000    3.000    4.000    5.000    6.000
   draught
     0.000    78.10    80.34   115.20   145.08   147.02   148.07   148.82   149.42   149.92
     0.200    88.18   100.59   114.38   123.69   136.30   140.94   143.49   145.17   146.17
     0.400    97.93   110.79   114.09   117.28   125.79   133.92   138.23   140.97   142.43
     0.600   105.06   111.55   113.78   115.99   119.53   126.97   133.01   136.61   138.87
     0.800   108.58   111.51   113.52   115.41   118.02   121.36   127.83   132.24   135.35
     1.000   109.47   111.45   113.28   114.98   116.88   119.60   123.08   128.00   131.86
     1.200   109.54   111.36   113.02   114.66   116.22   118.55   120.54   124.11   128.42
     1.400   109.54   111.31   112.79   114.29   115.77   117.46   119.30   121.40   125.22
     1.600   109.51   111.08   112.57   113.98   115.43   116.56   118.43   120.19   122.65
     1.800   109.45   110.92   112.38   113.68   114.90   115.89   117.48   119.36   121.31
     2.000   109.42   110.76   112.10   113.44   114.47   115.43   116.71   118.65   120.62
     2.200   109.06   110.60   111.89   113.10   113.92   114.97   116.21   117.98   120.12
     2.400   108.69   110.49   111.65   112.65   113.59   114.60   115.82   117.46   119.45
     2.600   108.38   110.10   111.45   112.21   113.20   114.28   115.50   117.17   118.80
     2.800   108.17   109.65   111.10   111.84   112.84   114.07   115.29   116.76   118.19
     3.000   108.22   109.26   110.54   111.56   112.59   113.75   115.21   116.41   117.62
     3.200   108.23   108.81   109.93   111.32   112.32   113.56   115.10   116.04   117.07
     3.400   108.09   108.62   109.42   110.96   112.15   113.51   114.70   115.74   116.72
     3.600   107.74   108.49   109.07   110.47   112.01   113.39   114.39   115.43   116.34
     3.800   107.37   108.27   108.96   110.02   111.89   113.16   114.09   115.05   116.05
     4.000   107.02   108.01   108.95   109.78   111.59   112.89   113.79   114.74   115.70
     4.200   106.78   107.72   108.86   109.89   111.08   112.53   113.56   114.43   115.41
     4.400   106.34   107.53   108.71   109.91   110.74   112.14   113.25   114.21   115.11
     4.600   106.07   107.41   108.68   109.94   110.56   111.52   112.98   113.98   114.78
     4.800   105.81   107.05   108.55   109.69   110.40   111.21   112.70   113.64   114.49
     5.000   105.61   106.96   108.48   109.40   110.38   111.04   111.98   113.28   114.25
     5.200   105.51   106.83   108.09   109.16   110.21   110.83   111.62   112.99   113.88
     5.400   105.23   106.74   107.79   109.03   109.91   110.84   111.38   112.31   113.53
     5.600   105.08   106.52   107.62   108.65   109.66   110.58   111.13   111.93   113.22
     5.800   104.98   106.25   107.32   108.33   109.43   110.28   111.04   111.63   112.59
     6.000   104.80   105.90   107.08   108.07   109.06   110.01   110.89   111.38   112.17
     6.200   104.56   105.62   106.75   107.75   108.71   109.76   110.58   111.21   111.86
     6.400   104.08   105.31   106.37   107.52   108.46   109.41   110.30   111.13   111.57
     6.600   103.71   105.06   106.11   107.21   108.12   109.04   110.04   110.82   111.36
     6.800   103.37   104.56   105.76   106.79   107.88   108.77   109.70   110.53   111.31
     7.000   103.12   104.20   105.52   106.51   107.61   108.44   109.31   110.26   111.00
     7.200   102.68   103.88   105.06   106.16   107.16   108.17   109.03   109.93   110.69
     7.400   102.27   103.58   104.64   105.83   106.84   107.92   108.69   109.52   110.40
     7.600   101.89   103.27   104.34   105.52   106.45   107.47   108.40   109.21   110.08
     7.800   101.55   102.77   104.00   105.04   106.14   107.11   108.14   108.88   109.64
     8.000   101.14   102.44   103.72   104.72   105.88   106.74   107.72   108.56   109.29
     8.200   100.69   102.01   103.24   104.36   105.39   106.40   107.26   108.27   108.94
     8.400   100.31   101.75   102.85   104.08   105.02   106.10   106.96   107.87   108.55
     8.600    99.87   101.20   102.46   103.68   104.68   105.68   106.58   107.36   108.22
     8.800    99.45   100.83   102.12   103.21   104.35   105.25   106.25   107.02   107.86
     9.000    99.15   100.43   101.68   102.85   104.09   104.93   105.89   106.56   107.45
     9.200    98.94    99.94   101.22   102.43   103.52   104.54   105.38   106.29   107.16
     9.400    98.78    99.56   100.83   102.16   103.13   104.21   104.98   106.05   106.85
     9.600    98.66    99.29   100.41   101.58   102.71   103.74   104.59   105.56   106.56
     9.800    98.56    99.10    99.96   101.19   102.35   103.24   104.32   105.21   106.31
    10.000    98.48    98.95    99.60   100.77   101.87   102.81   103.99   104.91   105.89
    10.200    98.41    98.82    99.35   100.27   101.37   102.43   103.51   104.61   105.50
    10.400    98.36    98.71    99.16    99.84   100.92   102.19   103.19   104.35   105.24
    10.600    98.32    98.62    99.00    99.52   100.51   101.65   102.80   103.88   104.86
    10.800    98.28    98.53    98.85    99.23   100.06   101.29   102.50   103.48   104.46
    11.000    98.67    98.46    98.72    99.02    99.72   100.92   102.09   103.12   103.02
    11.200    98.75    98.40    98.59    98.90    99.49   100.49   101.62   102.21   100.70
    11.400    98.79    98.33    98.45    98.81    99.32   100.07   101.29   100.71    97.61
    11.600    98.82    98.79    98.39    98.74    99.15    99.78   100.14    97.26    94.43
    11.800    98.84    98.76    98.37    98.65    99.02    99.56    97.47    93.55    91.40
    12.000    99.22    98.77    98.36    98.58    98.94    98.19    92.90    89.86    88.29
    12.200   108.61    98.80    98.88    98.56    98.87    93.61    88.48    86.19    85.23
    12.400   118.79    98.82    98.91    98.57    96.20    87.90    84.22    82.66    82.45
    12.600   129.03   107.73    98.96    99.08    87.72    82.39    80.22    79.39    79.67
    12.800   139.06   128.27    99.01    88.80    79.70    77.30    76.46    76.34    76.90
    13.000   148.88   148.11    99.07    73.46    72.50    72.63    72.99    73.53    74.37
    13.200   158.18   165.61   165.44    63.89    67.35    68.64    69.91    71.00    72.12
    13.400   166.18   165.30   165.58    77.30    64.20    65.57    67.33    68.78    70.13
    13.600   170.02   165.43   165.71   165.98    66.07    64.61    65.44    66.98    68.43
    13.800   165.30   165.57   165.84   166.12    80.51    65.25    64.37    65.69    67.09
    14.000   165.43   165.71   165.98   166.25   133.97    69.87    64.55    64.97    66.11
    14.200   165.56   165.84   166.11   166.39   166.67    82.31    67.69    65.07    65.63
    14.400   165.70   165.97   166.24   166.52   166.80   114.35    72.99    66.27    65.69
    14.600   165.83   166.10   166.38   166.66   166.94   167.23    83.76    70.06    66.51
    14.800   165.96   166.24   166.51   166.79   167.08   167.37   105.55    75.64    68.32
    15.000   166.09   166.37   166.65   166.93   167.22   167.52   141.68    85.08    71.48
    15.200   166.23   166.50   166.78   167.07   167.36   167.66   167.96   101.49    78.00
    15.400   166.36   166.64   166.92   167.21   167.50   167.80   168.11   127.41    86.37
    15.600   166.49   166.77   167.06   167.34   167.64   167.95   168.26   165.17    99.57
    15.800   166.63   166.91   167.19   167.49   167.78   168.09   168.41   168.73   120.44
    16.000   166.76   167.04   167.33   167.63   167.93   168.24   168.56   168.88   145.82
    16.200   166.90   167.18   167.47   167.77   168.08   168.39   168.71   169.04   169.37
    16.400   167.03   167.32   167.61   167.91   168.22   168.54   168.86   169.19   169.53
    16.600   167.17   167.46   167.75   168.06   168.37   168.69   169.01   169.35   169.69
    16.800   167.30   167.60   167.89   168.20   168.52   168.84   169.17   169.51   169.85
    17.000   167.44   167.74   168.04   168.35   168.67   168.99   169.32   169.66   170.01
    17.200   167.58   167.88   168.19   168.50   168.82   169.15   169.48   169.82   170.17
    17.400   167.72   168.02   168.33   168.65   168.97   169.30   169.64   169.98   170.33
    17.600   167.86   168.17   168.48   168.80   169.12   169.46   169.80   170.14   170.50
    17.800   168.01   168.31   168.63   168.95   169.28   169.61   169.96   170.31   170.65
    18.000   168.15   168.46   168.78   169.10   169.43   169.77   170.12   170.47   170.81
    18.200   168.29   168.61   168.93   169.26   169.59   169.93   170.28   170.63   170.96
    18.400   168.44   168.76   169.08   169.41   169.75   170.09   170.44   170.78   171.11
    18.600   168.59   168.91   169.23   169.57   169.90   170.25   170.60   170.94   171.27
    18.800   168.74   169.06   169.39   169.72   170.06   170.41   170.76   171.09   171.42
    19.000   168.89   169.21   169.54   169.88   170.22   170.57   170.91   171.24   171.57
    19.200   169.04   169.36   169.70   170.04   170.38   170.73   171.06   171.39   171.72
    19.400   169.19   169.52   169.86   170.20   170.55   170.89   171.22   171.55   171.87
    19.600   169.34   169.67   170.01   170.36   170.71   171.04   171.37   171.70   172.02
    19.800   169.50   169.83   170.17   170.52   170.86   171.19   171.52   171.85   172.16
    20.000   169.65   169.99   170.33   170.68   171.01   171.34   171.67   171.99   172.31
    20.200   169.81   170.15   170.49   170.84   171.17   171.50   171.82   172.14   172.46
    20.400   169.96   170.30   170.65   170.99   171.32   171.65   171.97   172.29   172.60
    20.600   170.12   170.46   170.81   171.14   171.47   171.80   172.12   172.43   172.75
    20.800   170.28   170.62   170.96   171.29   171.62   171.94   172.26   172.58   172.89
    21.000   170.44   170.79   171.12   171.45   171.77   172.09   172.41   172.72   173.03
    21.200   170.60   170.94   171.27   171.60   171.92   172.24   172.55   172.86   173.17
    21.400   170.76   171.09   171.42   171.75   172.07   172.38   172.70   173.01   173.31
    21.600   170.92   171.24   171.57   171.90   172.21   172.53   172.84   173.15   173.45
    21.800   171.07   171.40   171.72   172.04   172.36   172.67   172.98   173.29   173.59
    22.000   171.22   171.55   171.87   172.19   172.50   172.82   173.12   173.43   173.73
    22.200   171.37   171.70   172.02   172.33   172.65   172.96   173.26   173.57   173.87
    22.400   171.52   171.85   172.16   172.48   172.79   173.10   173.40   173.70   174.00
    22.600   171.67   171.99   172.31   172.62   172.93   173.24   173.54   173.84   174.14
    22.800   171.82   172.14   172.46   172.77   173.08   173.38   173.68   173.98   174.27
    23.000   171.97   172.29   172.60   172.91   173.22   173.52   173.82   174.11   174.40
    23.200   172.12   172.43   172.74   173.05   173.36   173.66   173.95   174.25   174.54
    23.400   172.26   172.58   172.89   173.19   173.50   173.79   174.09   174.38   174.67
    23.600   172.41   172.72   173.03   173.33   173.63   173.93   174.22   174.51   174.80
    23.800   172.55   172.86   173.17   173.47   173.77   174.07   174.36   174.65   174.93
    24.000   172.70   173.00   173.31   173.61   173.91   174.20   174.49   174.78   175.06
    24.200   172.84   173.15   173.45   173.75   174.04   174.34   174.62   174.91   175.19
    24.400   172.98   173.29   173.59   173.88   174.18   174.47   174.76   175.04   175.32
    24.600   173.12   173.42   173.72   174.02   174.31   174.60   174.89   175.17   175.44
    24.800   173.26   173.56   173.86   174.15   174.44   174.73   175.02   175.29   175.57
    25.000   173.40   173.70   174.00   174.29   174.58   174.86   175.14   175.42   175.69
    25.200   173.54   173.84   174.13   174.42   174.71   174.99   175.27   175.55   175.82
    25.400   173.67   173.97   174.27   174.55   174.84   175.12   175.40   175.67   175.94
    25.600   173.81   174.11   174.40   174.69   174.97   175.25   175.52   175.79   176.06
    25.800   173.95   174.24   174.53   174.82   175.10   175.37   175.65   175.92   176.18
    26.000   174.08   174.37   174.66   174.95   175.23   175.50   175.77   176.04   176.30
    26.200   174.22   174.51   174.79   175.07   175.35   175.62   175.89   176.16   176.42
    26.400   174.35   174.64   174.92   175.20   175.48   175.75   176.02   176.28   176.54
    26.600   174.48   174.77   175.05   175.33   175.60   175.87   176.14   176.40   176.65
    26.800   174.62   174.90   175.18   175.45   175.73   175.99   176.26   176.52   176.77
    27.000   174.75   175.03   175.31   175.58   175.85   176.11   176.38   176.63   176.89
    27.200   174.88   175.16   175.43   175.70   175.97   176.23   176.49   176.75   177.00
    27.400   175.01   175.28   175.56   175.83   176.09   176.35   176.61   176.86   177.11
    27.600   175.13   175.41   175.68   175.95   176.21   176.47   176.73   176.98   176.81
    27.800   175.26   175.53   175.80   176.07   176.33   176.59   176.84   177.09   169.53
    28.000   175.39   175.66   175.93   176.19   176.45   176.70   176.96   177.20   156.91
    28.200   175.51   175.78   176.05   176.31   176.57   176.82   177.07   171.54   127.15
    28.400   175.63   175.90   176.17   176.43   176.68   176.93   177.18   156.87    48.13
    28.600   175.76   176.02   176.29   176.54   176.80   177.05   174.61   113.92     7.20
    28.800   175.88   176.15   176.40   176.66   176.91   177.16   156.92    17.36     7.20
    29.000   176.00   176.26   176.52   176.78   177.03   176.83    91.85     7.20     7.20
    29.200   176.12   176.38   176.64   176.89   177.14   157.18     7.20     7.20     7.20
    29.400   179.56   176.50   176.75   177.00   177.25    55.91     7.20     7.20     7.20
    29.600   194.68   176.62   176.87   177.12   159.39     7.20     7.20     7.20     7.20
    29.800   194.71   176.73   176.98   177.23     8.27     7.20     7.20     7.20     7.20
    30.000   194.74   194.82   177.09   164.21     7.20     7.20     7.20     7.20     7.20
    30.200   194.77   194.85   177.02     7.20     7.20     7.20     7.20     7.20     7.20
    30.400   194.81   194.88   166.39     7.20     7.20     7.20     7.20     7.20     7.20
    30.600   194.84   196.19     0.00     7.20     7.20     7.20     7.20     7.20     7.20
    30.800   194.87   201.76     0.00     7.20     7.20     7.20     7.20     7.20     7.20
    31.000   197.22   210.65     0.00     0.00     7.20     7.20     7.20     7.20     7.20
    31.200   201.98     0.00     0.00     0.00     7.20     7.20     7.20     7.20     7.20
    31.400   208.45     0.00     0.00     0.00     3.32     7.20     7.20     7.20     7.20
    31.600     0.00     0.00     0.00     0.00     0.00     7.20     7.20     7.20     7.20
    31.800     0.00     0.00     0.00     0.00     0.00     6.86     7.20     7.20     7.20
    32.000     0.00     0.00     0.00     0.00     0.00     0.00     7.20     7.20     7.20

  --------------- vertical center of buoya  m --------------- 

      trim   -2.000   -1.000    0.000    1.000    2.000    3.000    4.000    5.000    6.000
   draught
     0.000    0.208    0.094   -0.009    0.111    0.241    0.375    0.513    0.654    0.796
     0.200    0.275    0.160    0.092    0.174    0.304    0.439    0.577    0.717    0.860
     0.400    0.344    0.235    0.195    0.250    0.370    0.504    0.642    0.782    0.923
     0.600    0.417    0.324    0.297    0.339    0.439    0.570    0.708    0.848    0.986
     0.800    0.497    0.421    0.400    0.435    0.519    0.638    0.774    0.913    1.051
     1.000    0.583    0.520    0.504    0.534    0.606    0.712    0.842    0.978    1.115
     1.200    0.676    0.621    0.608    0.634    0.697    0.793    0.912    1.044    1.181
     1.400    0.772    0.724    0.712    0.735    0.792    0.879    0.987    1.112    1.248
     1.600    0.870    0.827    0.816    0.837    0.889    0.968    1.067    1.184    1.316
     1.800    0.970    0.930    0.920    0.940    0.987    1.059    1.151    1.261    1.387
     2.000    1.071    1.034    1.025    1.043    1.086    1.152    1.238    1.342    1.462
     2.200    1.173    1.139    1.130    1.146    1.186    1.246    1.327    1.426    1.541
     2.400    1.277    1.243    1.235    1.249    1.286    1.342    1.418    1.513    1.624
     2.600    1.381    1.348    1.340    1.353    1.386    1.439    1.511    1.602    1.709
     2.800    1.486    1.454    1.445    1.456    1.487    1.537    1.606    1.693    1.796
     3.000    1.591    1.560    1.550    1.560    1.589    1.636    1.702    1.786    1.885
     3.200    1.696    1.666    1.655    1.664    1.691    1.736    1.800    1.880    1.974
     3.400    1.801    1.772    1.760    1.768    1.793    1.837    1.898    1.975    2.065
     3.600    1.906    1.878    1.866    1.872    1.896    1.938    1.997    2.070    2.157
     3.800    2.012    1.983    1.972    1.977    2.000    2.040    2.096    2.167    2.251
     4.000    2.117    2.089    2.078    2.082    2.104    2.143    2.196    2.264    2.345
     4.200    2.223    2.195    2.183    2.188    2.208    2.245    2.297    2.362    2.440
     4.400    2.329    2.301    2.289    2.293    2.313    2.348    2.397    2.460    2.536
     4.600    2.436    2.408    2.395    2.399    2.418    2.451    2.498    2.559    2.632
     4.800    2.543    2.514    2.502    2.505    2.523    2.555    2.600    2.658    2.729
     5.000    2.650    2.621    2.609    2.611    2.628    2.658    2.702    2.758    2.826
     5.200    2.757    2.729    2.716    2.717    2.733    2.762    2.804    2.858    2.924
     5.400    2.865    2.836    2.823    2.824    2.838    2.866    2.907    2.959    3.023
     5.600    2.973    2.944    2.930    2.930    2.944    2.970    3.009    3.059    3.121
     5.800    3.081    3.052    3.037    3.037    3.049    3.074    3.112    3.160    3.220
     6.000    3.190    3.160    3.145    3.143    3.155    3.179    3.215    3.262    3.320
     6.200    3.298    3.269    3.253    3.250    3.261    3.283    3.318    3.363    3.419
     6.400    3.407    3.377    3.360    3.357    3.366    3.388    3.421    3.465    3.519
     6.600    3.517    3.486    3.468    3.464    3.472    3.492    3.524    3.566    3.619
     6.800    3.626    3.594    3.576    3.571    3.578    3.597    3.628    3.668    3.719
     7.000    3.736    3.704    3.684    3.678    3.684    3.702    3.731    3.770    3.820
     7.200    3.846    3.813    3.793    3.786    3.791    3.807    3.835    3.873    3.920
     7.400    3.956    3.922    3.901    3.893    3.897    3.913    3.939    3.975    4.021
     7.600    4.066    4.031    4.010    4.001    4.004    4.018    4.043    4.078    4.122
     7.800    4.177    4.141    4.119    4.109    4.110    4.123    4.147    4.180    4.223
     8.000    4.287    4.251    4.227    4.217    4.217    4.229    4.251    4.283    4.324
     8.200    4.398    4.361    4.336    4.325    4.324    4.335    4.355    4.386    4.426
     8.400    4.509    4.471    4.446    4.433    4.431    4.440    4.460    4.489    4.527
     8.600    4.620    4.581    4.555    4.541    4.538    4.546    4.564    4.592    4.629
     8.800    4.732    4.692    4.664    4.649    4.645    4.652    4.669    4.695    4.730
     9.000    4.843    4.802    4.774    4.757    4.752    4.758    4.774    4.799    4.832
     9.200    4.955    4.913    4.883    4.866    4.860    4.864    4.879    4.902    4.934
     9.400    5.066    5.024    4.993    4.974    4.967    4.970    4.983    5.005    5.037
     9.600    5.177    5.135    5.103    5.083    5.075    5.077    5.088    5.109    5.139
     9.800    5.288    5.246    5.213    5.192    5.182    5.183    5.193    5.213    5.242
    10.000    5.399    5.356    5.323    5.301    5.290    5.289    5.298    5.317    5.344
    10.200    5.509    5.467    5.433    5.410    5.398    5.396    5.404    5.421    5.447
    10.400    5.620    5.577    5.543    5.519    5.506    5.502    5.509    5.525    5.550
    10.600    5.730    5.687    5.653    5.629    5.614    5.609    5.615    5.630    5.654
    10.800    5.839    5.797    5.763    5.738    5.722    5.716    5.720    5.734    5.757
    11.000    5.948    5.906    5.872    5.847    5.830    5.823    5.826    5.839    5.859
    11.200    6.057    6.015    5.981    5.955    5.938    5.930    5.932    5.944    5.959
    11.400    6.165    6.124    6.090    6.064    6.046    6.037    6.038    6.047    6.055
    11.600    6.273    6.233    6.199    6.172    6.154    6.145    6.144    6.147    6.146
    11.800    6.380    6.341    6.307    6.281    6.262    6.252    6.248    6.241    6.233
    12.000    6.488    6.448    6.416    6.389    6.370    6.359    6.346    6.330    6.315
    12.200    6.588    6.555    6.523    6.497    6.478    6.462    6.438    6.414    6.394
    12.400    6.676    6.662    6.630    6.604    6.584    6.556    6.524    6.494    6.468
    12.600    6.752    6.766    6.737    6.712    6.682    6.642    6.603    6.568    6.540
    12.800    6.817    6.851    6.844    6.814    6.767    6.720    6.677    6.639    6.607
    13.000    6.870    6.911    6.950    6.895    6.841    6.790    6.745    6.706    6.672
    13.200    6.911    6.949    6.969    6.953    6.902    6.853    6.808    6.768    6.734
    13.400    6.943    6.966    6.978    6.988    6.953    6.909    6.866    6.826    6.792
    13.600    6.963    6.976    6.989    7.003    6.994    6.958    6.919    6.881    6.847
    13.800    6.974    6.986    6.999    7.014    7.023    7.000    6.967    6.932    6.900
    14.000    6.984    6.997    7.010    7.026    7.042    7.035    7.010    6.979    6.949
    14.200    6.994    7.007    7.022    7.038    7.055    7.063    7.048    7.023    6.996
    14.400    7.005    7.019    7.033    7.050    7.068    7.085    7.081    7.063    7.040
    14.600    7.016    7.030    7.045    7.062    7.081    7.100    7.109    7.099    7.081
    14.800    7.028    7.042    7.058    7.075    7.094    7.114    7.132    7.131    7.119
    15.000    7.039    7.054    7.070    7.088    7.108    7.128    7.151    7.159    7.154
    15.200    7.051    7.067    7.083    7.102    7.122    7.143    7.166    7.184    7.186
    15.400    7.064    7.079    7.097    7.116    7.136    7.158    7.182    7.205    7.215
    15.600    7.076    7.093    7.111    7.130    7.151    7.173    7.197    7.223    7.242
    15.800    7.089    7.106    7.125    7.144    7.166    7.189    7.214    7.240    7.265
    16.000    7.103    7.120    7.139    7.159    7.181    7.205    7.230    7.257    7.286
    16.200    7.117    7.134    7.154    7.175    7.197    7.221    7.247    7.275    7.304
    16.400    7.131    7.149    7.169    7.190    7.213    7.238    7.265    7.293    7.323
    16.600    7.145    7.164    7.184    7.206    7.230    7.255    7.282    7.311    7.342
    16.800    7.160    7.179    7.200    7.223    7.247    7.273    7.301    7.330    7.361
    17.000    7.175    7.195    7.216    7.240    7.264    7.291    7.319    7.349    7.381
    17.200    7.191    7.211    7.233    7.257    7.282    7.309    7.338    7.369    7.401
    17.400    7.206    7.227    7.250    7.274    7.300    7.328    7.357    7.389    7.422
    17.600    7.223    7.244    7.267    7.292    7.319    7.347    7.377    7.409    7.443
    17.800    7.239    7.261    7.285    7.310    7.338    7.367    7.397    7.430    7.465
    18.000    7.256    7.279    7.303    7.329    7.357    7.386    7.418    7.451    7.487
    18.200    7.273    7.297    7.321    7.348    7.377    7.407    7.439    7.473    7.510
    18.400    7.291    7.315    7.340    7.368    7.397    7.428    7.460    7.495    7.533
    18.600    7.309    7.333    7.360    7.387    7.417    7.449    7.482    7.518    7.556
    18.800    7.327    7.352    7.379    7.408    7.438    7.470    7.505    7.541    7.580
    19.000    7.346    7.372    7.399    7.428    7.459    7.492    7.527    7.565    7.604
    19.200    7.365    7.392    7.419    7.449    7.481    7.515    7.551    7.589    7.629
    19.400    7.385    7.412    7.440    7.471    7.503    7.538    7.574    7.613    7.654
    19.600    7.405    7.432    7.461    7.493    7.526    7.561    7.599    7.638    7.679
    19.800    7.425    7.453    7.483    7.515    7.549    7.585    7.623    7.663    7.705
    20.000    7.446    7.474    7.505    7.537    7.572    7.609    7.648    7.689    7.731
    20.200    7.467    7.496    7.527    7.561    7.596    7.634    7.673    7.715    7.758
    20.400    7.488    7.518    7.550    7.584    7.621    7.659    7.699    7.741    7.785
    20.600    7.510    7.541    7.573    7.609    7.646    7.684    7.725    7.768    7.813
    20.800    7.532    7.564    7.597    7.633    7.671    7.710    7.752    7.795    7.841
    21.000    7.555    7.587    7.622    7.658    7.696    7.737    7.779    7.823    7.869
    21.200    7.578    7.611    7.646    7.683    7.722    7.763    7.806    7.851    7.898
    21.400    7.602    7.636    7.671    7.709    7.749    7.790    7.834    7.880    7.927
    21.600    7.626    7.660    7.697    7.735    7.776    7.818    7.862    7.909    7.957
    21.800    7.650    7.686    7.723    7.762    7.803    7.846    7.891    7.938    7.987
    22.000    7.675    7.711    7.749    7.789    7.831    7.874    7.920    7.968    8.018
    22.200    7.701    7.737    7.776    7.816    7.859    7.903    7.950    7.998    8.049
    22.400    7.726    7.764    7.803    7.844    7.887    7.932    7.980    8.029    8.080
    22.600    7.753    7.791    7.831    7.872    7.916    7.962    8.010    8.060    8.112
    22.800    7.779    7.818    7.858    7.901    7.946    7.992    8.041    8.091    8.144
    23.000    7.806    7.846    7.887    7.930    7.975    8.023    8.072    8.123    8.177
    23.200    7.834    7.874    7.916    7.960    8.006    8.054    8.104    8.156    8.210
    23.400    7.861    7.902    7.945    7.990    8.036    8.085    8.136    8.189    8.244
    23.600    7.890    7.931    7.975    8.020    8.067    8.117    8.168    8.222    8.278
    23.800    7.918    7.960    8.005    8.051    8.099    8.149    8.201    8.256    8.312
    24.000    7.947    7.990    8.035    8.082    8.131    8.182    8.235    8.290    8.347
    24.200    7.977    8.020    8.066    8.114    8.163    8.215    8.269    8.325    8.383
    24.400    8.007    8.051    8.097    8.146    8.196    8.249    8.303    8.360    8.419
    24.600    8.037    8.082    8.129    8.178    8.229    8.283    8.338    8.395    8.455
    24.800    8.068    8.113    8.161    8.211    8.263    8.317    8.373    8.431    8.492
    25.000    8.099    8.145    8.194    8.244    8.297    8.352    8.409    8.468    8.529
    25.200    8.130    8.178    8.227    8.278    8.332    8.387    8.445    8.505    8.567
    25.400    8.162    8.210    8.260    8.312    8.367    8.423    8.481    8.542    8.605
    25.600    8.195    8.244    8.294    8.347    8.402    8.459    8.518    8.580    8.643
    25.800    8.228    8.277    8.329    8.382    8.438    8.496    8.556    8.618    8.682
    26.000    8.261    8.311    8.363    8.418    8.474    8.533    8.594    8.657    8.722
    26.200    8.295    8.346    8.399    8.454    8.511    8.570    8.632    8.696    8.762
    26.400    8.329    8.380    8.434    8.490    8.548    8.608    8.671    8.735    8.802
    26.600    8.363    8.416    8.470    8.527    8.586    8.647    8.710    8.775    8.843
    26.800    8.398    8.452    8.507    8.564    8.624    8.686    8.750    8.816    8.884
    27.000    8.434    8.488    8.544    8.602    8.662    8.725    8.790    8.857    8.926
    27.200    8.470    8.524    8.581    8.640    8.701    8.765    8.830    8.898    8.968
    27.400    8.506    8.561    8.619    8.679    8.741    8.805    8.871    8.940    9.010
    27.600    8.543    8.599    8.657    8.718    8.781    8.846    8.913    8.982    9.053
    27.800    8.580    8.637    8.696    8.757    8.821    8.887    8.954    9.025    9.092
    28.000    8.617    8.675    8.735    8.797    8.862    8.928    8.997    9.068    9.121
    28.200    8.655    8.714    8.775    8.838    8.903    8.970    9.040    9.109    9.139
    28.400    8.694    8.753    8.815    8.878    8.944    9.012    9.083    9.139    9.146
    28.600    8.733    8.793    8.855    8.920    8.986    9.055    9.126    9.155    9.150
    28.800    8.772    8.833    8.896    8.961    9.029    9.098    9.157    9.161    9.153
    29.000    8.812    8.874    8.937    9.003    9.072    9.142    9.172    9.165    9.156
    29.200    8.852    8.914    8.979    9.046    9.115    9.176    9.177    9.168    9.160
    29.400    8.893    8.956    9.021    9.089    9.159    9.189    9.180    9.172    9.163
    29.600    8.930    8.998    9.064    9.132    9.194    9.193    9.184    9.175    9.167
    29.800    8.967    9.040    9.107    9.176    9.206    9.197    9.188    9.179    9.170
    30.000    9.005    9.081    9.151    9.212    9.210    9.201    9.191    9.182    9.174
    30.200    9.043    9.120    9.194    9.224    9.214    9.204    9.195    9.186    9.177
    30.400    9.081    9.159    9.229    9.228    9.218    9.208    9.199    9.190    9.181
    30.600    9.120    9.198    9.238    9.232    9.222    9.212    9.203    9.193    9.184
    30.800    9.159    9.226    9.238    9.236    9.226    9.216    9.207    9.197    9.188
    31.000    9.197    9.238    9.238    9.238    9.230    9.220    9.210    9.201    9.192
    31.200    9.223    9.238    9.238    9.238    9.234    9.224    9.214    9.205    9.196
    31.400    9.236    9.238    9.238    9.238    9.238    9.228    9.218    9.209    9.199
    31.600    9.238    9.238    9.238    9.238    9.238    9.232    9.222    9.213    9.203
    31.800    9.238    9.238    9.238    9.238    9.238    9.237    9.226    9.217    9.207
    32.000    9.238    9.238    9.238    9.238    9.238    9.238    9.231    9.221    9.211

  --------------- wetted surface area  m2 --------------- 

      trim -2.000 -1.000  0.000  1.000  2.000  3.000  4.000  5.000  6.000
   draught
     0.000   2823   2726   4964   2983   3029   3100   3135   3214   3290
     0.200   3796   4566   5346   4819   3935   3753   3663   3633   3660
     0.400   4795   5582   5585   5462   4909   4386   4162   4055   4061
     0.600   5564   5821   5783   5702   5550   5058   4695   4491   4407
     0.800   5983   6008   5962   5900   5780   5618   5201   4932   4779
     1.000   6199   6176   6129   6071   5989   5865   5683   5370   5116
     1.200   6371   6335   6289   6229   6164   6056   5976   5761   5519
     1.400   6530   6484   6442   6386   6323   6248   6169   6086   5873
     1.600   6682   6640   6588   6535   6471   6421   6348   6274   6168
     1.800   6830   6785   6731   6681   6631   6589   6519   6446   6379
     2.000   6970   6928   6878   6821   6779   6742   6682   6608   6557
     2.200   7129   7068   7017   6964   6938   6891   6833   6768   6731
     2.400   7291   7201   7157   7117   7080   7034   6981   6932   6889
     2.600   7453   7353   7292   7267   7223   7177   7129   7089   7032
     2.800   7613   7511   7434   7412   7366   7311   7279   7248   7175
     3.000   7770   7671   7593   7547   7502   7457   7431   7384   7316
     3.200   7931   7840   7755   7680   7640   7601   7572   7519   7459
     3.400   8085   8003   7920   7823   7774   7751   7710   7650   7592
     3.600   8232   8173   8079   7979   7910   7898   7841   7780   7726
     3.800   8376   8333   8229   8139   8070   8024   7971   7915   7854
     4.000   8522   8471   8394   8300   8227   8153   8101   8044   7985
     4.200   8658   8609   8552   8469   8387   8287   8225   8173   8128
     4.400   8807   8744   8693   8632   8537   8423   8354   8312   8250
     4.600   8946   8873   8847   8801   8680   8583   8499   8429   8373
     4.800   9084   9026   8984   8930   8833   8736   8620   8554   8494
     5.000   9219   9176   9118   9062   8997   8881   8779   8680   8609
     5.200   9351   9321   9262   9190   9134   9027   8921   8801   8735
     5.400   9509   9464   9395   9322   9260   9188   9056   8955   8859
     5.600   9662   9588   9535   9458   9382   9311   9200   9096   8980
     5.800   9809   9742   9661   9586   9499   9436   9355   9229   9128
     6.000   9952   9873   9780   9708   9632   9557   9487   9373   9269
     6.200  10074   9998   9913   9835   9761   9674   9610   9523   9400
     6.400  10214  10125  10045   9954   9881   9804   9731   9661   9544
     6.600  10349  10243  10167  10081  10008   9933   9847   9783   9691
     6.800  10478  10389  10295  10215  10127  10053   9975   9903   9832
     7.000  10598  10517  10423  10338  10249  10179  10104  10018   9953
     7.200  10731  10643  10552  10465  10384  10298  10224  10143  10073
     7.400  10861  10766  10683  10592  10508  10413  10348  10272  10188
     7.600  10988  10888  10806  10713  10640  10550  10467  10392  10311
     7.800  11110  11023  10931  10847  10759  10675  10580  10514  10440
     8.000  11243  11145  11047  10969  10872  10804  10715  10634  10562
     8.200  11375  11273  11182  11095  11008  10924  10849  10748  10684
     8.400  11503  11390  11308  11213  11133  11037  10965  10879  10809
     8.600  11632  11532  11433  11338  11255  11167  11088  11015  10927
     8.800  11758  11656  11553  11468  11375  11294  11203  11134  11059
     9.000  11872  11782  11684  11589  11488  11413  11326  11262  11187
     9.200  11979  11913  11814  11712  11625  11536  11458  11378  11304
     9.400  12080  12033  11939  11826  11746  11651  11581  11491  11423
     9.600  12179  12143  12063  11967  11870  11782  11707  11624  11540
     9.800  12276  12246  12188  12089  11988  11911  11824  11746  11650
    10.000  12371  12346  12303  12213  12119  12036  11942  11866  11781
    10.200  12465  12443  12409  12342  12249  12157  12073  11984  11905
    10.400  12557  12538  12510  12462  12376  12269  12191  12094  12021
    10.600  12649  12632  12609  12574  12499  12409  12314  12227  12148
    10.800  12740  12725  12706  12681  12625  12529  12429  12352  12275
    11.000  12866  12817  12802  12784  12741  12652  12557  12476  12508
    11.200  12962  12909  12898  12882  12847  12777  12691  12650  12835
    11.400  13057  13000  12995  12977  12948  12903  12815  12893  13227
    11.600  13148  13135  13087  13070  13052  13017  13014  13345  13671
    11.800  13247  13235  13178  13168  13157  13131  13375  13837  14064
    12.000  13411  13338  13288  13270  13258  13354  13942  14282  14531
    12.200  14500  13440  13436  13376  13359  13907  14474  14774  14949
    12.400  15533  13547  13540  13485  13693  14607  15057  15260  15354
    12.600  16556  14603  13644  13635  14713  15338  15609  15744  15765
    12.800  17558  16552  13748  14814  15747  16028  16162  16209  16210
    13.000  18510  18464  13995  16701  16724  16701  16705  16664  16604
    13.200  19502  20377  21793  18606  17761  17401  17196  17083  16991
    13.400  20456  21816  21825  20513  18711  18067  17745  17525  17360
    13.600  21431  21849  21857  21866  19691  18804  18273  17967  17741
    13.800  21872  21881  21890  21898  20654  19465  18797  18406  18146
    14.000  21904  21913  21922  21930  21690  20119  19314  18830  18499
    14.200  21936  21945  21954  21962  21970  20742  19823  19264  18860
    14.400  21968  21977  21986  21994  22002  21418  20344  19679  19205
    14.600  22001  22009  22018  22026  22034  22042  20823  20080  19567
    14.800  22033  22041  22050  22058  22066  22074  21326  20501  19943
    15.000  22065  22073  22082  22090  22098  22106  21886  20901  20275
    15.200  22097  22105  22114  22122  22130  22138  22146  21297  20673
    15.400  22129  22137  22146  22154  22162  22170  22178  21731  20978
    15.600  22161  22169  22177  22186  22194  22202  22210  22201  21344
    15.800  22193  22201  22209  22218  22226  22234  22242  22251  21690
    16.000  22225  22233  22241  22249  22258  22266  22274  22283  22070
    16.200  22257  22265  22273  22281  22290  22298  22306  22315  22324
    16.400  22289  22297  22305  22313  22321  22330  22338  22347  22356
    16.600  22321  22329  22337  22345  22353  22362  22370  22379  22388
    16.800  22352  22361  22369  22377  22385  22394  22402  22411  22420
    17.000  22384  22393  22401  22409  22417  22426  22435  22444  22453
    17.200  22416  22424  22433  22441  22449  22458  22467  22476  22485
    17.400  22448  22456  22465  22473  22481  22490  22499  22508  22518
    17.600  22480  22488  22497  22505  22514  22522  22531  22541  22550
    17.800  22512  22520  22528  22537  22546  22555  22564  22573  22584
    18.000  22544  22552  22561  22569  22578  22587  22596  22606  22617
    18.200  22576  22584  22593  22601  22610  22619  22629  22639  22651
    18.400  22608  22616  22625  22633  22642  22652  22661  22672  22684
    18.600  22640  22648  22657  22666  22675  22684  22694  22706  22717
    18.800  22672  22680  22689  22698  22707  22716  22727  22739  22751
    19.000  22704  22712  22721  22730  22739  22749  22761  22772  22784
    19.200  22736  22744  22753  22762  22772  22782  22794  22806  22818
    19.400  22768  22777  22786  22795  22804  22816  22827  22839  22851
    19.600  22800  22809  22818  22827  22837  22849  22861  22873  22885
    19.800  22832  22841  22850  22860  22870  22882  22894  22906  22918
    20.000  22864  22873  22883  22892  22904  22916  22928  22940  22952
    20.200  22897  22906  22915  22925  22937  22949  22961  22973  22985
    20.400  22929  22938  22948  22959  22971  22983  22995  23007  23019
    20.600  22961  22971  22980  22992  23004  23016  23028  23040  23052
    20.800  22994  23003  23014  23026  23038  23050  23062  23074  23086
    21.000  23026  23036  23047  23059  23071  23083  23095  23107  23120
    21.200  23058  23069  23081  23093  23105  23117  23129  23141  23153
    21.400  23091  23102  23114  23126  23138  23150  23162  23175  23187
    21.600  23124  23136  23148  23160  23172  23184  23196  23208  23220
    21.800  23157  23169  23181  23193  23205  23217  23230  23242  23254
    22.000  23191  23203  23215  23227  23239  23251  23263  23275  23288
    22.200  23224  23236  23248  23260  23272  23285  23297  23309  23321
    22.400  23258  23270  23282  23294  23306  23318  23330  23343  23355
    22.600  23291  23303  23315  23327  23339  23352  23364  23376  23389
    22.800  23325  23337  23349  23361  23373  23385  23397  23410  23422
    23.000  23358  23370  23382  23394  23407  23419  23431  23443  23456
    23.200  23391  23404  23416  23428  23440  23452  23465  23477  23489
    23.400  23425  23437  23449  23462  23474  23486  23498  23511  23523
    23.600  23459  23471  23483  23495  23507  23520  23532  23544  23557
    23.800  23492  23504  23517  23529  23541  23553  23566  23578  23591
    24.000  23526  23538  23550  23562  23575  23587  23600  23612  23624
    24.200  23559  23571  23584  23596  23608  23621  23633  23646  23658
    24.400  23593  23605  23617  23630  23642  23654  23667  23679  23692
    24.600  23626  23639  23651  23663  23676  23688  23700  23713  23725
    24.800  23660  23672  23685  23697  23709  23722  23734  23746  23759
    25.000  23693  23706  23718  23731  23743  23755  23768  23780  23793
    25.200  23727  23740  23752  23764  23777  23789  23802  23814  23827
    25.400  23761  23773  23785  23798  23810  23823  23835  23848  23860
    25.600  23794  23807  23819  23832  23844  23857  23869  23881  23894
    25.800  23828  23840  23853  23865  23878  23890  23903  23915  23928
    26.000  23862  23874  23887  23899  23911  23924  23936  23949  23962
    26.200  23895  23908  23920  23933  23945  23958  23970  23983  23995
    26.400  23929  23941  23954  23966  23979  23992  24004  24017  24029
    26.600  23963  23975  23988  24000  24013  24025  24038  24050  24063
    26.800  23996  24009  24021  24034  24046  24059  24072  24084  24097
    27.000  24030  24042  24055  24067  24080  24093  24105  24118  24131
    27.200  24064  24076  24089  24101  24114  24126  24139  24152  24164
    27.400  24097  24110  24122  24135  24148  24160  24173  24186  24198
    27.600  24131  24143  24156  24169  24181  24194  24207  24219  24250
    27.800  24165  24178  24190  24202  24215  24228  24241  24253  24509
    28.000  24198  24211  24224  24236  24249  24262  24274  24287  24816
    28.200  24232  24245  24257  24270  24283  24295  24308  24515  25140
    28.400  24266  24278  24291  24304  24316  24329  24342  24878  25357
    28.600  24300  24312  24325  24338  24350  24363  24475  25260  25405
    28.800  24333  24346  24359  24371  24384  24397  24945  25440  25417
    29.000  24367  24380  24392  24405  24418  24448  25382  25459  25429
    29.200  24401  24413  24426  24439  24452  25013  25502  25472  25442
    29.400  24455  24447  24460  24473  24485  25501  25514  25484  25454
    29.600  24568  24481  24494  24506  25075  25556  25526  25496  25466
    29.800  24590  24515  24528  24540  25594  25568  25538  25508  25478
    30.000  24611  24654  24561  25091  25610  25580  25551  25521  25491
    30.200  24633  24675  24629  25652  25623  25593  25563  25533  25503
    30.400  24654  24697  25262  25665  25635  25605  25575  25545  25515
    30.600  24676  24822  25805  25677  25647  25617  25587  25557  25528
    30.800  24697  25277  25805  25689  25659  25630  25600  25570  25540
    31.000  24892  25729  25805  25805  25672  25642  25612  25582  25552
    31.200  25261  25805  25805  25805  25684  25654  25624  25594  25565
    31.400  25638  25805  25805  25805  25783  25666  25637  25607  25577
    31.600  25805  25805  25805  25805  25805  25679  25649  25619  25589
    31.800  25805  25805  25805  25805  25805  25698  25661  25631  25601
    32.000  25805  25805  25805  25805  25805  25805  25674  25643  25614

  --------------- waterplane coefficient   --------------- 

      trim -2.000 -1.000  0.000  1.000  2.000  3.000  4.000  5.000  6.000
   draught
     0.000 0.2892 0.2747 0.4730 0.3058 0.3161 0.3243 0.3312 0.3372 0.3426
     0.200 0.3941 0.4757 0.5767 0.5044 0.4181 0.3935 0.3838 0.3798 0.3769
     0.400 0.4982 0.5908 0.5971 0.5868 0.5203 0.4628 0.4365 0.4223 0.4108
     0.600 0.5776 0.6139 0.6134 0.6087 0.5915 0.5321 0.4890 0.4634 0.4458
     0.800 0.6215 0.6290 0.6272 0.6233 0.6127 0.5919 0.5416 0.5042 0.4809
     1.000 0.6403 0.6413 0.6392 0.6357 0.6288 0.6157 0.5887 0.5456 0.5160
     1.200 0.6529 0.6524 0.6503 0.6463 0.6416 0.6309 0.6156 0.5850 0.5512
     1.400 0.6637 0.6618 0.6600 0.6563 0.6518 0.6429 0.6291 0.6144 0.5850
     1.600 0.6733 0.6717 0.6688 0.6654 0.6604 0.6528 0.6403 0.6296 0.6138
     1.800 0.6821 0.6801 0.6766 0.6737 0.6687 0.6608 0.6514 0.6413 0.6319
     2.000 0.6897 0.6879 0.6850 0.6810 0.6753 0.6680 0.6613 0.6519 0.6449
     2.200 0.6990 0.6952 0.6921 0.6876 0.6810 0.6754 0.6696 0.6622 0.6563
     2.400 0.7083 0.7016 0.6991 0.6938 0.6869 0.6819 0.6774 0.6725 0.6665
     2.600 0.7166 0.7099 0.7056 0.6987 0.6932 0.6887 0.6848 0.6819 0.6751
     2.800 0.7239 0.7186 0.7098 0.7045 0.6996 0.6948 0.6924 0.6905 0.6832
     3.000 0.7288 0.7265 0.7160 0.7099 0.7054 0.7019 0.7004 0.6968 0.6905
     3.200 0.7336 0.7319 0.7233 0.7149 0.7119 0.7091 0.7069 0.7030 0.6980
     3.400 0.7395 0.7354 0.7304 0.7217 0.7178 0.7164 0.7135 0.7086 0.7038
     3.600 0.7442 0.7384 0.7365 0.7297 0.7238 0.7237 0.7193 0.7140 0.7097
     3.800 0.7495 0.7431 0.7410 0.7376 0.7321 0.7288 0.7246 0.7201 0.7148
     4.000 0.7538 0.7483 0.7449 0.7444 0.7405 0.7340 0.7300 0.7254 0.7202
     4.200 0.7583 0.7540 0.7499 0.7510 0.7483 0.7400 0.7348 0.7306 0.7272
     4.400 0.7650 0.7594 0.7557 0.7558 0.7542 0.7460 0.7398 0.7370 0.7322
     4.600 0.7706 0.7647 0.7633 0.7604 0.7586 0.7538 0.7469 0.7414 0.7373
     4.800 0.7762 0.7717 0.7692 0.7654 0.7627 0.7601 0.7518 0.7465 0.7420
     5.000 0.7820 0.7788 0.7750 0.7706 0.7657 0.7652 0.7600 0.7518 0.7461
     5.200 0.7870 0.7852 0.7810 0.7755 0.7719 0.7693 0.7655 0.7565 0.7511
     5.400 0.7950 0.7919 0.7865 0.7814 0.7768 0.7718 0.7698 0.7643 0.7562
     5.600 0.8021 0.7967 0.7927 0.7870 0.7815 0.7764 0.7739 0.7696 0.7607
     5.800 0.8091 0.8038 0.7980 0.7924 0.7858 0.7811 0.7770 0.7740 0.7677
     6.000 0.8157 0.8095 0.8026 0.7968 0.7911 0.7856 0.7804 0.7778 0.7730
     6.200 0.8202 0.8145 0.8076 0.8021 0.7963 0.7898 0.7848 0.7812 0.7773
     6.400 0.8271 0.8198 0.8134 0.8062 0.8007 0.7946 0.7891 0.7838 0.7812
     6.600 0.8335 0.8244 0.8180 0.8109 0.8056 0.7998 0.7931 0.7880 0.7847
     6.800 0.8389 0.8312 0.8232 0.8168 0.8097 0.8040 0.7976 0.7922 0.7866
     7.000 0.8434 0.8368 0.8275 0.8214 0.8137 0.8086 0.8027 0.7960 0.7906
     7.200 0.8494 0.8417 0.8338 0.8263 0.8195 0.8127 0.8068 0.8000 0.7946
     7.400 0.8554 0.8465 0.8396 0.8315 0.8242 0.8164 0.8111 0.8050 0.7982
     7.600 0.8609 0.8510 0.8441 0.8357 0.8296 0.8218 0.8151 0.8090 0.8017
     7.800 0.8661 0.8576 0.8491 0.8418 0.8339 0.8265 0.8187 0.8130 0.8066
     8.000 0.8715 0.8625 0.8535 0.8464 0.8378 0.8315 0.8235 0.8168 0.8104
     8.200 0.8776 0.8682 0.8591 0.8511 0.8434 0.8358 0.8291 0.8203 0.8138
     8.400 0.8830 0.8724 0.8644 0.8551 0.8482 0.8397 0.8326 0.8243 0.8171
     8.600 0.8886 0.8789 0.8695 0.8599 0.8524 0.8443 0.8370 0.8298 0.8204
     8.800 0.8942 0.8839 0.8740 0.8656 0.8566 0.8493 0.8404 0.8330 0.8251
     9.000 0.8987 0.8890 0.8791 0.8700 0.8603 0.8529 0.8442 0.8365 0.8303
     9.200 0.9022 0.8948 0.8847 0.8751 0.8660 0.8573 0.8492 0.8404 0.8343
     9.400 0.9052 0.8997 0.8895 0.8787 0.8706 0.8609 0.8526 0.8439 0.8384
     9.600 0.9077 0.9035 0.8943 0.8848 0.8751 0.8653 0.8566 0.8495 0.8423
     9.800 0.9100 0.9065 0.8996 0.8893 0.8790 0.8698 0.8604 0.8540 0.8459
    10.000 0.9120 0.9091 0.9040 0.8939 0.8835 0.8735 0.8643 0.8579 0.8507
    10.200 0.9137 0.9113 0.9072 0.8989 0.8884 0.8783 0.8702 0.8620 0.8555
    10.400 0.9153 0.9133 0.9097 0.9034 0.8920 0.8818 0.8744 0.8656 0.8590
    10.600 0.9167 0.9149 0.9119 0.9067 0.8963 0.8878 0.8791 0.8709 0.8629
    10.800 0.9180 0.9164 0.9137 0.9090 0.9018 0.8924 0.8831 0.8753 0.8655
    11.000 0.9143 0.9177 0.9152 0.9111 0.9063 0.8970 0.8878 0.8792 0.8556
    11.200 0.9150 0.9188 0.9164 0.9133 0.9096 0.9020 0.8925 0.8779 0.8392
    11.400 0.9150 0.9197 0.9171 0.9154 0.9124 0.9061 0.8965 0.8673 0.8102
    11.600 0.9153 0.9155 0.9186 0.9172 0.9142 0.9099 0.8922 0.8363 0.7822
    11.800 0.9147 0.9150 0.9199 0.9183 0.9157 0.9123 0.8689 0.8014 0.7525
    12.000 0.9024 0.9145 0.9163 0.9191 0.9175 0.8997 0.8244 0.7659 0.7235
    12.200 0.8119 0.9144 0.9146 0.9197 0.9190 0.8480 0.7783 0.7303 0.6951
    12.400 0.7120 0.9142 0.9152 0.9202 0.8831 0.7833 0.7309 0.6947 0.6659
    12.600 0.6118 0.8120 0.9156 0.9162 0.7864 0.7182 0.6830 0.6590 0.6372
    12.800 0.5132 0.6131 0.9158 0.7823 0.6875 0.6537 0.6350 0.6216 0.6081
    13.000 0.4137 0.4145 0.0671 0.5834 0.5886 0.5883 0.5867 0.5839 0.5788
    13.200 0.3142 0.2158 0.0822 0.3848 0.4844 0.5222 0.5381 0.5459 0.5488
    13.400 0.2154 0.0818 0.0826 0.1859 0.3860 0.4575 0.4890 0.5077 0.5180
    13.600 0.1180 0.0822 0.0830 0.0838 0.2863 0.3869 0.4411 0.4699 0.4868
    13.800 0.0818 0.0826 0.0834 0.0842 0.1876 0.3209 0.3922 0.4312 0.4564
    14.000 0.0822 0.0830 0.0838 0.0846 0.0978 0.2547 0.3432 0.3925 0.4248
    14.200 0.0826 0.0834 0.0842 0.0850 0.0858 0.1892 0.2891 0.3536 0.3925
    14.400 0.0830 0.0838 0.0846 0.0854 0.0863 0.1239 0.2403 0.3147 0.3605
    14.600 0.0834 0.0842 0.0850 0.0858 0.0867 0.0875 0.1910 0.2708 0.3284
    14.800 0.0838 0.0846 0.0854 0.0863 0.0871 0.0880 0.1414 0.2323 0.2963
    15.000 0.0842 0.0850 0.0858 0.0867 0.0875 0.0884 0.1017 0.1929 0.2639
    15.200 0.0846 0.0854 0.0863 0.0871 0.0880 0.0889 0.0898 0.1533 0.2275
    15.400 0.0850 0.0858 0.0867 0.0875 0.0884 0.0893 0.0903 0.1182 0.1948
    15.600 0.0854 0.0863 0.0871 0.0880 0.0889 0.0898 0.0907 0.0917 0.1620
    15.800 0.0859 0.0867 0.0875 0.0884 0.0893 0.0902 0.0912 0.0922 0.1300
    16.000 0.0863 0.0871 0.0880 0.0888 0.0898 0.0907 0.0917 0.0927 0.1061
    16.200 0.0867 0.0875 0.0884 0.0893 0.0902 0.0912 0.0922 0.0932 0.0943
    16.400 0.0871 0.0879 0.0888 0.0897 0.0907 0.0917 0.0927 0.0937 0.0948
    16.600 0.0875 0.0884 0.0893 0.0902 0.0912 0.0921 0.0932 0.0942 0.0953
    16.800 0.0879 0.0888 0.0897 0.0907 0.0916 0.0926 0.0937 0.0948 0.0959
    17.000 0.0884 0.0893 0.0902 0.0911 0.0921 0.0931 0.0942 0.0953 0.0964
    17.200 0.0888 0.0897 0.0906 0.0916 0.0926 0.0936 0.0947 0.0958 0.0970
    17.400 0.0893 0.0902 0.0911 0.0921 0.0931 0.0941 0.0952 0.0964 0.0975
    17.600 0.0897 0.0906 0.0916 0.0926 0.0936 0.0947 0.0958 0.0969 0.0981
    17.800 0.0902 0.0911 0.0921 0.0931 0.0941 0.0952 0.0963 0.0975 0.0986
    18.000 0.0906 0.0916 0.0925 0.0936 0.0946 0.0957 0.0968 0.0980 0.0992
    18.200 0.0911 0.0920 0.0930 0.0941 0.0951 0.0963 0.0974 0.0986 0.0997
    18.400 0.0915 0.0925 0.0935 0.0946 0.0957 0.0968 0.0980 0.0991 0.1003
    18.600 0.0920 0.0930 0.0940 0.0951 0.0962 0.0973 0.0985 0.0997 0.1009
    18.800 0.0925 0.0935 0.0946 0.0956 0.0968 0.0979 0.0991 0.1002 0.1014
    19.000 0.0930 0.0940 0.0951 0.0962 0.0973 0.0985 0.0996 0.1008 0.1020
    19.200 0.0935 0.0945 0.0956 0.0967 0.0978 0.0990 0.1002 0.1014 0.1026
    19.400 0.0940 0.0950 0.0961 0.0973 0.0984 0.0996 0.1007 0.1019 0.1031
    19.600 0.0945 0.0956 0.0967 0.0978 0.0990 0.1001 0.1013 0.1025 0.1037
    19.800 0.0950 0.0961 0.0972 0.0984 0.0995 0.1007 0.1019 0.1031 0.1043
    20.000 0.0955 0.0966 0.0978 0.0989 0.1001 0.1013 0.1025 0.1037 0.1049
    20.200 0.0961 0.0972 0.0983 0.0995 0.1006 0.1018 0.1030 0.1042 0.1055
    20.400 0.0966 0.0977 0.0989 0.1000 0.1012 0.1024 0.1036 0.1048 0.1060
    20.600 0.0971 0.0983 0.0994 0.1006 0.1018 0.1030 0.1042 0.1054 0.1066
    20.800 0.0977 0.0988 0.1000 0.1012 0.1023 0.1035 0.1047 0.1060 0.1072
    21.000 0.0982 0.0994 0.1006 0.1017 0.1029 0.1041 0.1053 0.1066 0.1078
    21.200 0.0988 0.1000 0.1011 0.1023 0.1035 0.1047 0.1059 0.1071 0.1084
    21.400 0.0993 0.1005 0.1017 0.1029 0.1041 0.1053 0.1065 0.1077 0.1090
    21.600 0.0999 0.1011 0.1023 0.1034 0.1046 0.1059 0.1071 0.1083 0.1096
    21.800 0.1005 0.1016 0.1028 0.1040 0.1052 0.1064 0.1077 0.1089 0.1102
    22.000 0.1010 0.1022 0.1034 0.1046 0.1058 0.1070 0.1083 0.1095 0.1108
    22.200 0.1016 0.1028 0.1040 0.1052 0.1064 0.1076 0.1089 0.1101 0.1114
    22.400 0.1022 0.1033 0.1045 0.1057 0.1070 0.1082 0.1095 0.1107 0.1120
    22.600 0.1027 0.1039 0.1051 0.1063 0.1076 0.1088 0.1101 0.1113 0.1126
    22.800 0.1033 0.1045 0.1057 0.1069 0.1081 0.1094 0.1107 0.1119 0.1132
    23.000 0.1039 0.1051 0.1063 0.1075 0.1087 0.1100 0.1113 0.1125 0.1138
    23.200 0.1044 0.1056 0.1069 0.1081 0.1093 0.1106 0.1119 0.1131 0.1144
    23.400 0.1050 0.1062 0.1074 0.1087 0.1099 0.1112 0.1125 0.1138 0.1151
    23.600 0.1056 0.1068 0.1080 0.1093 0.1105 0.1118 0.1131 0.1144 0.1157
    23.800 0.1062 0.1074 0.1086 0.1099 0.1111 0.1124 0.1137 0.1150 0.1163
    24.000 0.1068 0.1080 0.1092 0.1105 0.1117 0.1130 0.1143 0.1156 0.1169
    24.200 0.1073 0.1086 0.1098 0.1111 0.1123 0.1136 0.1149 0.1162 0.1175
    24.400 0.1079 0.1092 0.1104 0.1117 0.1130 0.1142 0.1155 0.1168 0.1182
    24.600 0.1085 0.1098 0.1110 0.1123 0.1136 0.1148 0.1162 0.1175 0.1188
    24.800 0.1091 0.1104 0.1116 0.1129 0.1142 0.1155 0.1168 0.1181 0.1194
    25.000 0.1097 0.1110 0.1122 0.1135 0.1148 0.1161 0.1174 0.1187 0.1200
    25.200 0.1103 0.1116 0.1128 0.1141 0.1154 0.1167 0.1180 0.1193 0.1206
    25.400 0.1109 0.1122 0.1134 0.1147 0.1160 0.1173 0.1186 0.1199 0.1212
    25.600 0.1115 0.1128 0.1140 0.1153 0.1166 0.1179 0.1192 0.1205 0.1219
    25.800 0.1121 0.1134 0.1147 0.1159 0.1172 0.1185 0.1198 0.1212 0.1225
    26.000 0.1127 0.1140 0.1153 0.1166 0.1179 0.1192 0.1205 0.1218 0.1231
    26.200 0.1133 0.1146 0.1159 0.1172 0.1185 0.1198 0.1211 0.1224 0.1237
    26.400 0.1139 0.1152 0.1165 0.1178 0.1191 0.1204 0.1217 0.1230 0.1243
    26.600 0.1145 0.1158 0.1171 0.1184 0.1197 0.1210 0.1223 0.1236 0.1249
    26.800 0.1151 0.1164 0.1177 0.1190 0.1203 0.1216 0.1229 0.1242 0.1255
    27.000 0.1158 0.1170 0.1183 0.1196 0.1209 0.1222 0.1235 0.1248 0.1261
    27.200 0.1164 0.1177 0.1189 0.1202 0.1215 0.1228 0.1241 0.1254 0.1268
    27.400 0.1170 0.1183 0.1195 0.1208 0.1221 0.1234 0.1247 0.1261 0.1274
    27.600 0.1176 0.1189 0.1202 0.1215 0.1228 0.1241 0.1254 0.1267 0.1253
    27.800 0.1182 0.1195 0.1208 0.1221 0.1234 0.1247 0.1260 0.1273 0.0993
    28.000 0.1188 0.1201 0.1214 0.1227 0.1240 0.1253 0.1266 0.1279 0.0679
    28.200 0.1194 0.1207 0.1220 0.1233 0.1246 0.1259 0.1272 0.1049 0.0349
    28.400 0.1200 0.1213 0.1226 0.1239 0.1252 0.1265 0.1278 0.0668 0.0150
    28.600 0.1206 0.1219 0.1232 0.1245 0.1258 0.1271 0.1132 0.0277 0.0121
    28.800 0.1212 0.1225 0.1238 0.1251 0.1264 0.1277 0.0651 0.0125 0.0121
    29.000 0.1218 0.1231 0.1244 0.1257 0.1270 0.1233 0.0206 0.0121 0.0121
    29.200 0.1225 0.1237 0.1250 0.1263 0.1276 0.0621 0.0121 0.0121 0.0121
    29.400 0.1207 0.1243 0.1256 0.1269 0.1280 0.0146 0.0121 0.0121 0.0121
    29.600 0.1116 0.1249 0.1262 0.1275 0.0602 0.0121 0.0121 0.0121 0.0121
    29.800 0.1122 0.1256 0.1268 0.1278 0.0121 0.0121 0.0121 0.0121 0.0121
    30.000 0.1128 0.1141 0.1274 0.0635 0.0121 0.0121 0.0121 0.0121 0.0121
    30.200 0.1134 0.1147 0.1212 0.0121 0.0121 0.0121 0.0121 0.0121 0.0121
    30.400 0.1140 0.1153 0.0636 0.0121 0.0121 0.0121 0.0121 0.0121 0.0121
    30.600 0.1146 0.1011 0.0000 0.0121 0.0121 0.0121 0.0121 0.0121 0.0121
    30.800 0.1151 0.0522 0.0000 0.0121 0.0121 0.0121 0.0121 0.0121 0.0121
    31.000 0.0932 0.0032 0.0000 0.0000 0.0121 0.0121 0.0121 0.0121 0.0121
    31.200 0.0546 0.0000 0.0000 0.0000 0.0121 0.0121 0.0121 0.0121 0.0121
    31.400 0.0134 0.0000 0.0000 0.0000 0.0023 0.0121 0.0121 0.0121 0.0121
    31.600 0.0000 0.0000 0.0000 0.0000 0.0000 0.0121 0.0121 0.0121 0.0121
    31.800 0.0000 0.0000 0.0000 0.0000 0.0000 0.0112 0.0121 0.0121 0.0121
    32.000 0.0000 0.0000 0.0000 0.0000 0.0000 0.0000 0.0121 0.0121 0.0121


  --------------- prismatic coefficient   --------------- 

      trim -2.000 -1.000  0.000  1.000  2.000  3.000  4.000  5.000  6.000
   draught
     0.000 ****** ****** 323146 ****** ****** ****** ****** ****** ******
     0.200 0.7911 0.5990 0.5900 0.6937 0.9418 1.2363 1.5502 1.8772 2.2139
     0.400 0.6249 0.5814 0.5990 0.6371 0.7115 0.8358 0.9819 1.1391 1.3021
     0.600 0.6009 0.5941 0.6062 0.6291 0.6659 0.7255 0.8102 0.9075 1.0103
     0.800 0.6038 0.6037 0.6124 0.6284 0.6523 0.6869 0.7375 0.8019 0.8733
     1.000 0.6110 0.6116 0.6180 0.6300 0.6473 0.6717 0.7039 0.7468 0.7982
     1.200 0.6178 0.6183 0.6234 0.6327 0.6461 0.6643 0.6878 0.7167 0.7539
     1.400 0.6241 0.6244 0.6284 0.6358 0.6465 0.6607 0.6786 0.7002 0.7273
     1.600 0.6299 0.6299 0.6331 0.6391 0.6479 0.6593 0.6732 0.6905 0.7113
     1.800 0.6353 0.6352 0.6377 0.6426 0.6499 0.6591 0.6702 0.6843 0.7015
     2.000 0.6405 0.6402 0.6421 0.6462 0.6522 0.6596 0.6688 0.6805 0.6950
     2.200 0.6454 0.6449 0.6463 0.6497 0.6546 0.6607 0.6685 0.6783 0.6909
     2.400 0.6504 0.6494 0.6505 0.6532 0.6570 0.6622 0.6689 0.6774 0.6884
     2.600 0.6552 0.6538 0.6545 0.6565 0.6596 0.6640 0.6699 0.6774 0.6870
     2.800 0.6599 0.6582 0.6584 0.6598 0.6622 0.6660 0.6712 0.6780 0.6865
     3.000 0.6644 0.6625 0.6620 0.6630 0.6650 0.6682 0.6729 0.6791 0.6865
     3.200 0.6686 0.6667 0.6657 0.6661 0.6677 0.6705 0.6748 0.6804 0.6870
     3.400 0.6726 0.6707 0.6693 0.6692 0.6705 0.6730 0.6769 0.6819 0.6878
     3.600 0.6765 0.6744 0.6729 0.6724 0.6733 0.6757 0.6791 0.6835 0.6888
     3.800 0.6802 0.6779 0.6764 0.6756 0.6762 0.6784 0.6814 0.6853 0.6900
     4.000 0.6838 0.6814 0.6798 0.6789 0.6792 0.6810 0.6837 0.6872 0.6914
     4.200 0.6873 0.6847 0.6830 0.6822 0.6824 0.6837 0.6861 0.6891 0.6929
     4.400 0.6907 0.6880 0.6862 0.6855 0.6855 0.6864 0.6884 0.6911 0.6946
     4.600 0.6941 0.6912 0.6894 0.6887 0.6887 0.6892 0.6908 0.6932 0.6964
     4.800 0.6974 0.6945 0.6926 0.6918 0.6917 0.6920 0.6932 0.6953 0.6982
     5.000 0.7007 0.6977 0.6958 0.6949 0.6946 0.6949 0.6957 0.6975 0.7000
     5.200 0.7039 0.7010 0.6990 0.6979 0.6975 0.6977 0.6983 0.6997 0.7019
     5.400 0.7072 0.7042 0.7022 0.7009 0.7003 0.7004 0.7009 0.7019 0.7038
     5.600 0.7105 0.7075 0.7053 0.7039 0.7032 0.7031 0.7035 0.7043 0.7057
     5.800 0.7138 0.7107 0.7084 0.7068 0.7060 0.7057 0.7060 0.7066 0.7078
     6.000 0.7171 0.7139 0.7115 0.7098 0.7087 0.7083 0.7084 0.7089 0.7099
     6.200 0.7203 0.7171 0.7145 0.7127 0.7115 0.7108 0.7108 0.7112 0.7120
     6.400 0.7236 0.7202 0.7175 0.7156 0.7142 0.7134 0.7132 0.7134 0.7141
     6.600 0.7268 0.7233 0.7205 0.7184 0.7169 0.7159 0.7155 0.7156 0.7162
     6.800 0.7301 0.7264 0.7235 0.7212 0.7196 0.7185 0.7179 0.7178 0.7182
     7.000 0.7333 0.7295 0.7264 0.7240 0.7222 0.7210 0.7203 0.7200 0.7202
     7.200 0.7364 0.7325 0.7293 0.7268 0.7249 0.7235 0.7226 0.7222 0.7222
     7.400 0.7396 0.7356 0.7322 0.7296 0.7275 0.7260 0.7249 0.7243 0.7242
     7.600 0.7427 0.7386 0.7351 0.7323 0.7301 0.7284 0.7273 0.7265 0.7262
     7.800 0.7458 0.7415 0.7380 0.7351 0.7327 0.7309 0.7296 0.7287 0.7282
     8.000 0.7489 0.7445 0.7409 0.7378 0.7353 0.7334 0.7319 0.7309 0.7302
     8.200 0.7519 0.7475 0.7437 0.7405 0.7379 0.7358 0.7342 0.7330 0.7322
     8.400 0.7550 0.7504 0.7465 0.7432 0.7405 0.7382 0.7365 0.7351 0.7342
     8.600 0.7581 0.7533 0.7493 0.7459 0.7430 0.7406 0.7388 0.7373 0.7361
     8.800 0.7611 0.7563 0.7521 0.7486 0.7456 0.7431 0.7410 0.7394 0.7381
     9.000 0.7641 0.7592 0.7549 0.7512 0.7481 0.7455 0.7433 0.7415 0.7401
     9.200 0.7671 0.7621 0.7577 0.7539 0.7506 0.7479 0.7455 0.7436 0.7421
     9.400 0.7700 0.7650 0.7604 0.7565 0.7531 0.7502 0.7478 0.7457 0.7441
     9.600 0.7729 0.7678 0.7632 0.7591 0.7556 0.7526 0.7500 0.7478 0.7461
     9.800 0.7757 0.7706 0.7659 0.7617 0.7581 0.7549 0.7522 0.7500 0.7481
    10.000 0.7784 0.7734 0.7686 0.7643 0.7606 0.7573 0.7544 0.7521 0.7501
    10.200 0.7810 0.7761 0.7713 0.7669 0.7630 0.7596 0.7567 0.7542 0.7521
    10.400 0.7836 0.7787 0.7740 0.7695 0.7655 0.7619 0.7589 0.7563 0.7541
    10.600 0.7861 0.7813 0.7766 0.7721 0.7679 0.7643 0.7611 0.7584 0.7562
    10.800 0.7885 0.7838 0.7791 0.7746 0.7704 0.7666 0.7633 0.7605 0.7582
    11.000 0.7909 0.7862 0.7816 0.7771 0.7728 0.7689 0.7656 0.7627 0.7600
    11.200 0.7931 0.7885 0.7840 0.7795 0.7752 0.7713 0.7678 0.7648 0.7616
    11.400 0.7953 0.7908 0.7863 0.7819 0.7776 0.7736 0.7700 0.7667 0.7627
    11.600 0.7973 0.7930 0.7886 0.7842 0.7800 0.7759 0.7722 0.7681 0.7633
    11.800 0.7993 0.7951 0.7908 0.7865 0.7823 0.7782 0.7741 0.7690 0.7634
    12.000 0.8012 0.7971 0.7930 0.7887 0.7845 0.7804 0.7753 0.7692 0.7629
    12.200 0.8022 0.7990 0.7950 0.7908 0.7867 0.7820 0.7757 0.7689 0.7620
    12.400 0.8015 0.8009 0.7969 0.7929 0.7887 0.7825 0.7754 0.7680 0.7607
    12.600 0.7993 0.8023 0.7988 0.7949 0.7894 0.7820 0.7743 0.7665 0.7590
    12.800 0.7956 0.8009 0.8006 0.7961 0.7886 0.7805 0.7725 0.7646 0.7568
    13.000 0.7905 0.7964 0.8024 0.7943 0.7863 0.7781 0.7700 0.7621 0.7543
    13.200 0.7961 0.8013 0.8037 0.8018 0.7945 0.7866 0.7787 0.7708 0.7630
    13.400 0.8002 0.8033 0.8049 0.8062 0.8012 0.7942 0.7866 0.7789 0.7712
    13.600 0.8028 0.8046 0.8062 0.8079 0.8064 0.8007 0.7938 0.7864 0.7790
    13.800 0.8042 0.8058 0.8075 0.8092 0.8101 0.8062 0.8002 0.7934 0.7862
    14.000 0.8054 0.8071 0.8088 0.8105 0.8122 0.8106 0.8059 0.7997 0.7930
    14.200 0.8067 0.8084 0.8101 0.8118 0.8135 0.8140 0.8107 0.8055 0.7993
    14.400 0.8080 0.8097 0.8114 0.8131 0.8149 0.8164 0.8148 0.8106 0.8051
    14.600 0.8093 0.8110 0.8127 0.8144 0.8162 0.8180 0.8181 0.8152 0.8105
    14.800 0.8106 0.8123 0.8140 0.8158 0.8175 0.8194 0.8207 0.8190 0.8153
    15.000 0.8119 0.8136 0.8153 0.8171 0.8189 0.8207 0.8225 0.8223 0.8196
    15.200 0.8132 0.8149 0.8167 0.8184 0.8202 0.8221 0.8240 0.8250 0.8234
    15.400 0.8145 0.8162 0.8180 0.8198 0.8216 0.8235 0.8253 0.8271 0.8266
    15.600 0.8158 0.8175 0.8193 0.8211 0.8230 0.8248 0.8267 0.8287 0.8294
    15.800 0.8171 0.8189 0.8207 0.8225 0.8243 0.8262 0.8281 0.8301 0.8316
    16.000 0.8184 0.8202 0.8220 0.8239 0.8257 0.8276 0.8296 0.8315 0.8334
    16.200 0.8198 0.8216 0.8234 0.8252 0.8271 0.8290 0.8310 0.8329 0.8350
    16.400 0.8211 0.8229 0.8248 0.8266 0.8285 0.8304 0.8324 0.8344 0.8364
    16.600 0.8225 0.8243 0.8261 0.8280 0.8299 0.8319 0.8338 0.8358 0.8379
    16.800 0.8238 0.8256 0.8275 0.8294 0.8313 0.8333 0.8353 0.8373 0.8394
    17.000 0.8252 0.8270 0.8289 0.8308 0.8327 0.8347 0.8367 0.8388 0.8409
    17.200 0.8265 0.8284 0.8303 0.8322 0.8342 0.8362 0.8382 0.8403 0.8424
    17.400 0.8279 0.8298 0.8317 0.8336 0.8356 0.8376 0.8397 0.8417 0.8439
    17.600 0.8293 0.8312 0.8331 0.8351 0.8370 0.8391 0.8411 0.8432 0.8454
    17.800 0.8307 0.8326 0.8345 0.8365 0.8385 0.8405 0.8426 0.8447 0.8469
    18.000 0.8321 0.8340 0.8359 0.8379 0.8400 0.8420 0.8441 0.8463 0.8484
    18.200 0.8335 0.8354 0.8374 0.8394 0.8414 0.8435 0.8456 0.8478 0.8500
    18.400 0.8349 0.8368 0.8388 0.8408 0.8429 0.8450 0.8471 0.8493 0.8516
    18.600 0.8363 0.8383 0.8403 0.8423 0.8444 0.8465 0.8487 0.8509 0.8531
    18.800 0.8377 0.8397 0.8417 0.8438 0.8459 0.8480 0.8502 0.8524 0.8547
    19.000 0.8392 0.8412 0.8432 0.8453 0.8474 0.8495 0.8517 0.8540 0.8563
    19.200 0.8406 0.8426 0.8447 0.8468 0.8489 0.8511 0.8533 0.8556 0.8579
    19.400 0.8420 0.8441 0.8461 0.8483 0.8504 0.8526 0.8549 0.8571 0.8595
    19.600 0.8435 0.8455 0.8476 0.8498 0.8519 0.8542 0.8564 0.8587 0.8611
    19.800 0.8450 0.8470 0.8491 0.8513 0.8535 0.8557 0.8580 0.8603 0.8627
    20.000 0.8464 0.8485 0.8506 0.8528 0.8550 0.8573 0.8596 0.8619 0.8643
    20.200 0.8479 0.8500 0.8522 0.8544 0.8566 0.8589 0.8612 0.8636 0.8660
    20.400 0.8494 0.8515 0.8537 0.8559 0.8582 0.8605 0.8628 0.8652 0.8676
    20.600 0.8509 0.8530 0.8552 0.8575 0.8598 0.8621 0.8644 0.8668 0.8693
    20.800 0.8524 0.8546 0.8568 0.8590 0.8613 0.8637 0.8661 0.8685 0.8709
    21.000 0.8539 0.8561 0.8583 0.8606 0.8629 0.8653 0.8677 0.8701 0.8726
    21.200 0.8555 0.8577 0.8599 0.8622 0.8646 0.8669 0.8693 0.8718 0.8743
    21.400 0.8570 0.8592 0.8615 0.8638 0.8662 0.8686 0.8710 0.8734 0.8760
    21.600 0.8585 0.8608 0.8631 0.8654 0.8678 0.8702 0.8726 0.8751 0.8777
    21.800 0.8601 0.8624 0.8647 0.8670 0.8694 0.8718 0.8743 0.8768 0.8794
    22.000 0.8617 0.8640 0.8663 0.8687 0.8711 0.8735 0.8760 0.8785 0.8811
    22.200 0.8632 0.8656 0.8679 0.8703 0.8727 0.8752 0.8777 0.8802 0.8828
    22.400 0.8648 0.8672 0.8695 0.8719 0.8744 0.8769 0.8794 0.8819 0.8845
    22.600 0.8664 0.8688 0.8712 0.8736 0.8760 0.8785 0.8811 0.8837 0.8863
    22.800 0.8680 0.8704 0.8728 0.8752 0.8777 0.8802 0.8828 0.8854 0.8880
    23.000 0.8696 0.8720 0.8744 0.8769 0.8794 0.8819 0.8845 0.8871 0.8898
    23.200 0.8713 0.8737 0.8761 0.8786 0.8811 0.8837 0.8862 0.8889 0.8916
    23.400 0.8729 0.8753 0.8778 0.8803 0.8828 0.8854 0.8880 0.8906 0.8933
    23.600 0.8745 0.8770 0.8794 0.8820 0.8845 0.8871 0.8897 0.8924 0.8951
    23.800 0.8762 0.8786 0.8811 0.8837 0.8862 0.8888 0.8915 0.8942 0.8969
    24.000 0.8778 0.8803 0.8828 0.8854 0.8880 0.8906 0.8933 0.8960 0.8987
    24.200 0.8795 0.8820 0.8845 0.8871 0.8897 0.8924 0.8950 0.8978 0.9006
    24.400 0.8812 0.8837 0.8862 0.8888 0.8915 0.8941 0.8968 0.8996 0.9024
    24.600 0.8829 0.8854 0.8880 0.8906 0.8932 0.8959 0.8986 0.9014 0.9042
    24.800 0.8845 0.8871 0.8897 0.8923 0.8950 0.8977 0.9004 0.9032 0.9061
    25.000 0.8862 0.8888 0.8914 0.8941 0.8968 0.8995 0.9023 0.9051 0.9079
    25.200 0.8880 0.8905 0.8932 0.8958 0.8985 0.9013 0.9041 0.9069 0.9098
    25.400 0.8897 0.8923 0.8949 0.8976 0.9003 0.9031 0.9059 0.9088 0.9117
    25.600 0.8914 0.8940 0.8967 0.8994 0.9021 0.9049 0.9078 0.9106 0.9135
    25.800 0.8931 0.8958 0.8985 0.9012 0.9040 0.9068 0.9096 0.9125 0.9154
    26.000 0.8949 0.8975 0.9002 0.9030 0.9058 0.9086 0.9115 0.9144 0.9173
    26.200 0.8966 0.8993 0.9020 0.9048 0.9076 0.9105 0.9133 0.9163 0.9192
    26.400 0.8984 0.9011 0.9038 0.9066 0.9095 0.9123 0.9152 0.9182 0.9212
    26.600 0.9002 0.9029 0.9057 0.9085 0.9113 0.9142 0.9171 0.9201 0.9231
    26.800 0.9020 0.9047 0.9075 0.9103 0.9132 0.9161 0.9190 0.9220 0.9250
    27.000 0.9038 0.9065 0.9093 0.9121 0.9150 0.9180 0.9209 0.9239 0.9270
    27.200 0.9056 0.9083 0.9111 0.9140 0.9169 0.9199 0.9228 0.9259 0.9289
    27.400 0.9074 0.9102 0.9130 0.9159 0.9188 0.9218 0.9248 0.9278 0.9309
    27.600 0.9092 0.9120 0.9149 0.9178 0.9207 0.9237 0.9267 0.9298 0.9329
    27.800 0.9110 0.9138 0.9167 0.9196 0.9226 0.9256 0.9286 0.9317 0.9345
    28.000 0.9128 0.9157 0.9186 0.9215 0.9245 0.9275 0.9306 0.9337 0.9358
    28.200 0.9147 0.9176 0.9205 0.9234 0.9264 0.9295 0.9326 0.9355 0.9366
    28.400 0.9166 0.9194 0.9224 0.9254 0.9284 0.9314 0.9345 0.9368 0.9370
    28.600 0.9184 0.9213 0.9243 0.9273 0.9303 0.9334 0.9364 0.9375 0.9372
    28.800 0.9203 0.9232 0.9262 0.9292 0.9323 0.9354 0.9378 0.9378 0.9374
    29.000 0.9222 0.9251 0.9281 0.9312 0.9342 0.9373 0.9384 0.9380 0.9376
    29.200 0.9241 0.9270 0.9301 0.9331 0.9362 0.9388 0.9387 0.9382 0.9377
    29.400 0.9260 0.9290 0.9320 0.9351 0.9382 0.9393 0.9388 0.9384 0.9379
    29.600 0.9277 0.9309 0.9339 0.9370 0.9397 0.9395 0.9390 0.9386 0.9381
    29.800 0.9295 0.9328 0.9359 0.9390 0.9401 0.9397 0.9392 0.9388 0.9383
    30.000 0.9312 0.9347 0.9379 0.9406 0.9403 0.9399 0.9394 0.9389 0.9385
    30.200 0.9329 0.9365 0.9398 0.9409 0.9405 0.9400 0.9396 0.9391 0.9387
    30.400 0.9347 0.9383 0.9413 0.9411 0.9407 0.9402 0.9398 0.9393 0.9389
    30.600 0.9365 0.9400 0.9416 0.9413 0.9409 0.9404 0.9400 0.9395 0.9390
    30.800 0.9383 0.9412 0.9416 0.9415 0.9411 0.9406 0.9401 0.9397 0.9392
    31.000 0.9399 0.9416 0.9416 0.9416 0.9412 0.9408 0.9403 0.9399 0.9394
    31.200 0.9410 0.9416 0.9416 0.9416 0.9414 0.9410 0.9405 0.9401 0.9396
    31.400 0.9416 0.9416 0.9416 0.9416 0.9416 0.9412 0.9407 0.9402 0.9398
    31.600 0.9416 0.9416 0.9416 0.9416 0.9416 0.9413 0.9409 0.9404 0.9400
    31.800 0.9416 0.9416 0.9416 0.9416 0.9416 0.9415 0.9411 0.9406 0.9402
    32.000 0.9416 0.9416 0.9416 0.9416 0.9416 0.9416 0.9413 0.9408 0.9404

  --------------- midship section coeff.   --------------- 

      trim -2.000 -1.000  0.000  1.000  2.000  3.000  4.000  5.000  6.000
   draught
     0.000  0.000  0.000  0.000  0.000  0.000  0.000  0.000  0.000  0.000
     0.200  0.948  0.948  0.948  0.948  0.948  0.948  0.948  0.948  0.948
     0.400  0.957  0.957  0.957  0.957  0.957  0.957  0.957  0.957  0.957
     0.600  0.964  0.964  0.964  0.964  0.964  0.964  0.964  0.964  0.964
     0.800  0.969  0.969  0.969  0.969  0.969  0.969  0.969  0.969  0.969
     1.000  0.973  0.973  0.973  0.973  0.973  0.973  0.973  0.973  0.973
     1.200  0.976  0.976  0.976  0.976  0.976  0.976  0.976  0.976  0.976
     1.400  0.979  0.979  0.979  0.979  0.979  0.979  0.979  0.979  0.979
     1.600  0.981  0.981  0.981  0.981  0.981  0.981  0.981  0.981  0.981
     1.800  0.983  0.983  0.983  0.983  0.983  0.983  0.983  0.983  0.983
     2.000  0.985  0.985  0.985  0.985  0.985  0.985  0.985  0.985  0.985
     2.200  0.986  0.986  0.986  0.986  0.986  0.986  0.986  0.986  0.986
     2.400  0.988  0.988  0.988  0.988  0.988  0.988  0.988  0.988  0.988
     2.600  0.988  0.988  0.988  0.988  0.988  0.988  0.988  0.988  0.988
     2.800  0.989  0.989  0.989  0.989  0.989  0.989  0.989  0.989  0.989
     3.000  0.990  0.990  0.990  0.990  0.990  0.990  0.990  0.990  0.990
     3.200  0.991  0.991  0.991  0.991  0.991  0.991  0.991  0.991  0.991
     3.400  0.991  0.991  0.991  0.991  0.991  0.991  0.991  0.991  0.991
     3.600  0.992  0.992  0.992  0.992  0.992  0.992  0.992  0.992  0.992
     3.800  0.992  0.992  0.992  0.992  0.992  0.992  0.992  0.992  0.992
     4.000  0.993  0.993  0.993  0.993  0.993  0.993  0.993  0.993  0.993
     4.200  0.993  0.993  0.993  0.993  0.993  0.993  0.993  0.993  0.993
     4.400  0.993  0.993  0.993  0.993  0.993  0.993  0.993  0.993  0.993
     4.600  0.993  0.993  0.993  0.993  0.993  0.993  0.993  0.993  0.993
     4.800  0.994  0.994  0.994  0.994  0.994  0.994  0.994  0.994  0.994
     5.000  0.994  0.994  0.994  0.994  0.994  0.994  0.994  0.994  0.994
     5.200  0.994  0.994  0.994  0.994  0.994  0.994  0.994  0.994  0.994
     5.400  0.994  0.994  0.994  0.994  0.994  0.994  0.994  0.994  0.994
     5.600  0.995  0.995  0.995  0.995  0.995  0.995  0.995  0.995  0.995
     5.800  0.995  0.995  0.995  0.995  0.995  0.995  0.995  0.995  0.995
     6.000  0.995  0.995  0.995  0.995  0.995  0.995  0.995  0.995  0.995
     6.200  0.995  0.995  0.995  0.995  0.995  0.995  0.995  0.995  0.995
     6.400  0.995  0.995  0.995  0.995  0.995  0.995  0.995  0.995  0.995
     6.600  0.995  0.995  0.995  0.995  0.995  0.995  0.995  0.995  0.995
     6.800  0.996  0.996  0.996  0.996  0.996  0.996  0.996  0.996  0.996
     7.000  0.996  0.996  0.996  0.996  0.996  0.996  0.996  0.996  0.996
     7.200  0.996  0.996  0.996  0.996  0.996  0.996  0.996  0.996  0.996
     7.400  0.996  0.996  0.996  0.996  0.996  0.996  0.996  0.996  0.996
     7.600  0.996  0.996  0.996  0.996  0.996  0.996  0.996  0.996  0.996
     7.800  0.996  0.996  0.996  0.996  0.996  0.996  0.996  0.996  0.996
     8.000  0.996  0.996  0.996  0.996  0.996  0.996  0.996  0.996  0.996
     8.200  0.996  0.996  0.996  0.996  0.996  0.996  0.996  0.996  0.996
     8.400  0.996  0.996  0.996  0.996  0.996  0.996  0.996  0.996  0.996
     8.600  0.997  0.997  0.997  0.997  0.997  0.997  0.997  0.997  0.997
     8.800  0.997  0.997  0.997  0.997  0.997  0.997  0.997  0.997  0.997
     9.000  0.997  0.997  0.997  0.997  0.997  0.997  0.997  0.997  0.997
     9.200  0.997  0.997  0.997  0.997  0.997  0.997  0.997  0.997  0.997
     9.400  0.997  0.997  0.997  0.997  0.997  0.997  0.997  0.997  0.997
     9.600  0.997  0.997  0.997  0.997  0.997  0.997  0.997  0.997  0.997
     9.800  0.997  0.997  0.997  0.997  0.997  0.997  0.997  0.997  0.997
    10.000  0.997  0.997  0.997  0.997  0.997  0.997  0.997  0.997  0.997
    10.200  0.997  0.997  0.997  0.997  0.997  0.997  0.997  0.997  0.997
    10.400  0.997  0.997  0.997  0.997  0.997  0.997  0.997  0.997  0.997
    10.600  0.997  0.997  0.997  0.997  0.997  0.997  0.997  0.997  0.997
    10.800  0.997  0.997  0.997  0.997  0.997  0.997  0.997  0.997  0.997
    11.000  0.997  0.997  0.997  0.997  0.997  0.997  0.997  0.997  0.997
    11.200  0.997  0.997  0.997  0.997  0.997  0.997  0.997  0.997  0.997
    11.400  0.997  0.997  0.997  0.997  0.997  0.997  0.997  0.997  0.997
    11.600  0.997  0.997  0.997  0.997  0.997  0.997  0.997  0.997  0.997
    11.800  0.997  0.997  0.997  0.997  0.997  0.997  0.997  0.997  0.997
    12.000  0.998  0.998  0.998  0.998  0.998  0.998  0.998  0.998  0.998
    12.200  0.998  0.998  0.998  0.998  0.998  0.998  0.998  0.998  0.998
    12.400  0.998  0.998  0.998  0.998  0.998  0.998  0.998  0.998  0.998
    12.600  0.998  0.998  0.998  0.998  0.998  0.998  0.998  0.998  0.998
    12.800  0.998  0.998  0.998  0.998  0.998  0.998  0.998  0.998  0.998
    13.000  0.998  0.998  0.998  0.998  0.998  0.998  0.998  0.998  0.998
    13.200  0.983  0.983  0.983  0.983  0.983  0.983  0.983  0.983  0.983
    13.400  0.968  0.968  0.968  0.968  0.968  0.968  0.968  0.968  0.968
    13.600  0.954  0.954  0.954  0.954  0.954  0.954  0.954  0.954  0.954
    13.800  0.940  0.940  0.940  0.940  0.940  0.940  0.940  0.940  0.940
    14.000  0.926  0.926  0.926  0.926  0.926  0.926  0.926  0.926  0.926
    14.200  0.913  0.913  0.913  0.913  0.913  0.913  0.913  0.913  0.913
    14.400  0.901  0.901  0.901  0.901  0.901  0.901  0.901  0.901  0.901
    14.600  0.888  0.888  0.888  0.888  0.888  0.888  0.888  0.888  0.888
    14.800  0.876  0.876  0.876  0.876  0.876  0.876  0.876  0.876  0.876
    15.000  0.865  0.865  0.865  0.865  0.865  0.865  0.865  0.865  0.865
    15.200  0.853  0.853  0.853  0.853  0.853  0.853  0.853  0.853  0.853
    15.400  0.842  0.842  0.842  0.842  0.842  0.842  0.842  0.842  0.842
    15.600  0.831  0.831  0.831  0.831  0.831  0.831  0.831  0.831  0.831
    15.800  0.821  0.821  0.821  0.821  0.821  0.821  0.821  0.821  0.821
    16.000  0.811  0.811  0.811  0.811  0.811  0.811  0.811  0.811  0.811
    16.200  0.801  0.801  0.801  0.801  0.801  0.801  0.801  0.801  0.801
    16.400  0.791  0.791  0.791  0.791  0.791  0.791  0.791  0.791  0.791
    16.600  0.781  0.781  0.781  0.781  0.781  0.781  0.781  0.781  0.781
    16.800  0.772  0.772  0.772  0.772  0.772  0.772  0.772  0.772  0.772
    17.000  0.763  0.763  0.763  0.763  0.763  0.763  0.763  0.763  0.763
    17.200  0.754  0.754  0.754  0.754  0.754  0.754  0.754  0.754  0.754
    17.400  0.745  0.745  0.745  0.745  0.745  0.745  0.745  0.745  0.745
    17.600  0.737  0.737  0.737  0.737  0.737  0.737  0.737  0.737  0.737
    17.800  0.729  0.729  0.729  0.729  0.729  0.729  0.729  0.729  0.729
    18.000  0.721  0.721  0.721  0.721  0.721  0.721  0.721  0.721  0.721
    18.200  0.713  0.713  0.713  0.713  0.713  0.713  0.713  0.713  0.713
    18.400  0.705  0.705  0.705  0.705  0.705  0.705  0.705  0.705  0.705
    18.600  0.697  0.697  0.697  0.697  0.697  0.697  0.697  0.697  0.697
    18.800  0.690  0.690  0.690  0.690  0.690  0.690  0.690  0.690  0.690
    19.000  0.683  0.683  0.683  0.683  0.683  0.683  0.683  0.683  0.683
    19.200  0.676  0.676  0.676  0.676  0.676  0.676  0.676  0.676  0.676
    19.400  0.669  0.669  0.669  0.669  0.669  0.669  0.669  0.669  0.669
    19.600  0.662  0.662  0.662  0.662  0.662  0.662  0.662  0.662  0.662
    19.800  0.655  0.655  0.655  0.655  0.655  0.655  0.655  0.655  0.655
    20.000  0.649  0.649  0.649  0.649  0.649  0.649  0.649  0.649  0.649
    20.200  0.642  0.642  0.642  0.642  0.642  0.642  0.642  0.642  0.642
    20.400  0.636  0.636  0.636  0.636  0.636  0.636  0.636  0.636  0.636
    20.600  0.630  0.630  0.630  0.630  0.630  0.630  0.630  0.630  0.630
    20.800  0.624  0.624  0.624  0.624  0.624  0.624  0.624  0.624  0.624
    21.000  0.618  0.618  0.618  0.618  0.618  0.618  0.618  0.618  0.618
    21.200  0.612  0.612  0.612  0.612  0.612  0.612  0.612  0.612  0.612
    21.400  0.606  0.606  0.606  0.606  0.606  0.606  0.606  0.606  0.606
    21.600  0.600  0.600  0.600  0.600  0.600  0.600  0.600  0.600  0.600
    21.800  0.595  0.595  0.595  0.595  0.595  0.595  0.595  0.595  0.595
    22.000  0.590  0.590  0.590  0.590  0.590  0.590  0.590  0.590  0.590
    22.200  0.584  0.584  0.584  0.584  0.584  0.584  0.584  0.584  0.584
    22.400  0.579  0.579  0.579  0.579  0.579  0.579  0.579  0.579  0.579
    22.600  0.574  0.574  0.574  0.574  0.574  0.574  0.574  0.574  0.574
    22.800  0.569  0.569  0.569  0.569  0.569  0.569  0.569  0.569  0.569
    23.000  0.564  0.564  0.564  0.564  0.564  0.564  0.564  0.564  0.564
    23.200  0.559  0.559  0.559  0.559  0.559  0.559  0.559  0.559  0.559
    23.400  0.554  0.554  0.554  0.554  0.554  0.554  0.554  0.554  0.554
    23.600  0.550  0.550  0.550  0.550  0.550  0.550  0.550  0.550  0.550
    23.800  0.545  0.545  0.545  0.545  0.545  0.545  0.545  0.545  0.545
    24.000  0.540  0.540  0.540  0.540  0.540  0.540  0.540  0.540  0.540
    24.200  0.536  0.536  0.536  0.536  0.536  0.536  0.536  0.536  0.536
    24.400  0.532  0.532  0.532  0.532  0.532  0.532  0.532  0.532  0.532
    24.600  0.527  0.527  0.527  0.527  0.527  0.527  0.527  0.527  0.527
    24.800  0.523  0.523  0.523  0.523  0.523  0.523  0.523  0.523  0.523
    25.000  0.519  0.519  0.519  0.519  0.519  0.519  0.519  0.519  0.519
    25.200  0.515  0.515  0.515  0.515  0.515  0.515  0.515  0.515  0.515
    25.400  0.511  0.511  0.511  0.511  0.511  0.511  0.511  0.511  0.511
    25.600  0.507  0.507  0.507  0.507  0.507  0.507  0.507  0.507  0.507
    25.800  0.503  0.503  0.503  0.503  0.503  0.503  0.503  0.503  0.503
    26.000  0.499  0.499  0.499  0.499  0.499  0.499  0.499  0.499  0.499
    26.200  0.495  0.495  0.495  0.495  0.495  0.495  0.495  0.495  0.495
    26.400  0.491  0.491  0.491  0.491  0.491  0.491  0.491  0.491  0.491
    26.600  0.488  0.488  0.488  0.488  0.488  0.488  0.488  0.488  0.488
    26.800  0.484  0.484  0.484  0.484  0.484  0.484  0.484  0.484  0.484
    27.000  0.480  0.480  0.480  0.480  0.480  0.480  0.480  0.480  0.480
    27.200  0.477  0.477  0.477  0.477  0.477  0.477  0.477  0.477  0.477
    27.400  0.473  0.473  0.473  0.473  0.473  0.473  0.473  0.473  0.473
    27.600  0.470  0.470  0.470  0.470  0.470  0.470  0.470  0.470  0.470
    27.800  0.467  0.467  0.467  0.467  0.467  0.467  0.467  0.467  0.467
    28.000  0.463  0.463  0.463  0.463  0.463  0.463  0.463  0.463  0.463
    28.200  0.460  0.460  0.460  0.460  0.460  0.460  0.460  0.460  0.460
    28.400  0.457  0.457  0.457  0.457  0.457  0.457  0.457  0.457  0.457
    28.600  0.453  0.453  0.453  0.453  0.453  0.453  0.453  0.453  0.453
    28.800  0.450  0.450  0.450  0.450  0.450  0.450  0.450  0.450  0.450
    29.000  0.447  0.447  0.447  0.447  0.447  0.447  0.447  0.447  0.447
    29.200  0.444  0.444  0.444  0.444  0.444  0.444  0.444  0.444  0.444
    29.400  0.441  0.441  0.441  0.441  0.441  0.441  0.441  0.441  0.441
    29.600  0.438  0.438  0.438  0.438  0.438  0.438  0.438  0.438  0.438
    29.800  0.435  0.435  0.435  0.435  0.435  0.435  0.435  0.435  0.435
    30.000  0.432  0.432  0.432  0.432  0.432  0.432  0.432  0.432  0.432
    30.200  0.429  0.429  0.429  0.429  0.429  0.429  0.429  0.429  0.429
    30.400  0.427  0.427  0.427  0.427  0.427  0.427  0.427  0.427  0.427
    30.600  0.424  0.424  0.424  0.424  0.424  0.424  0.424  0.424  0.424
    30.800  0.421  0.421  0.421  0.421  0.421  0.421  0.421  0.421  0.421
    31.000  0.418  0.418  0.418  0.418  0.418  0.418  0.418  0.418  0.418
    31.200  0.416  0.416  0.416  0.416  0.416  0.416  0.416  0.416  0.416
    31.400  0.413  0.413  0.413  0.413  0.413  0.413  0.413  0.413  0.413
    31.600  0.410  0.410  0.410  0.410  0.410  0.410  0.410  0.410  0.410
    31.800  0.408  0.408  0.408  0.408  0.408  0.408  0.408  0.408  0.408
    32.000  0.405  0.405  0.405  0.405  0.405  0.405  0.405  0.405  0.405